date,time,open,high,low,close,volume
2024-01-02,16:00:00,82.5,82.5,82.5,82.5,3.0
2024-01-02,18:00:00,81.0,81.0,81.0,81.0,2.0
2024-01-02,21:00:00,81.0,81.0,81.0,81.0,1.0
2024-01-02,22:00:00,80.04,80.04,79.93,79.93,3.0
2024-01-03,18:00:00,81.8,81.8,81.8,81.8,2.0
2024-01-03,23:00:00,82.0,82.0,82.0,82.0,8.0
2024-01-04,18:00:00,82.9,82.9,82.9,82.9,1.0
2024-01-04,20:00:00,82.2,82.3,82.2,82.3,37.0
2024-01-04,21:00:00,82.0,82.0,81.7,81.7,19.0
2024-01-04,22:00:00,81.59,81.59,80.09,80.09,16.0
2024-01-05,00:00:00,80.23,80.5,80.22,80.5,18.0
2024-01-05,18:00:00,81.22,81.22,80.95,80.95,34.0
2024-01-05,20:00:00,81.4,81.4,81.4,81.4,5.0
2024-01-06,00:00:00,81.05,81.1,81.05,81.1,7.0
2024-01-08,15:00:00,80.75,80.75,80.75,80.75,8.0
2024-01-08,17:00:00,79.11,79.11,78.74,78.74,24.0
2024-01-08,18:00:00,78.5,78.5,78.5,78.5,5.0
2024-01-08,19:00:00,78.5,78.5,78.45,78.45,3.0
2024-01-08,20:00:00,78.16,78.2,78.15,78.2,6.0
2024-01-08,21:00:00,78.35,78.44,78.27,78.28,37.0
2024-01-08,22:00:00,78.35,78.35,77.77,77.95,17.0
2024-01-09,00:00:00,77.19,77.19,76.81,76.81,13.0
2024-01-09,21:00:00,77.4,77.41,77.4,77.41,10.0
2024-01-09,22:00:00,76.76,76.76,76.6,76.6,7.0
2024-01-09,23:00:00,76.4,77.0,76.4,77.0,27.0
2024-01-10,15:00:00,77.31,77.31,77.31,77.31,1.0
2024-01-10,21:00:00,75.05,75.05,74.51,74.52,24.0
2024-01-10,22:00:00,74.63,74.69,74.63,74.69,24.0
2024-01-11,16:00:00,73.8,73.8,73.8,73.8,1.0
2024-01-11,17:00:00,73.8,73.8,73.8,73.8,9.0
2024-01-11,18:00:00,74.21,74.23,74.21,74.23,9.0
2024-01-11,20:00:00,72.8,72.8,72.6,72.63,20.0
2024-01-11,22:00:00,72.08,72.08,72.08,72.08,24.0
2024-01-11,23:00:00,71.92,72.19,71.8,72.19,20.0
2024-01-12,19:00:00,72.86,72.86,72.86,72.86,4.0
2024-01-12,20:00:00,72.3,72.3,72.15,72.15,52.0
2024-01-12,22:00:00,70.71,70.71,69.76,70.0,23.0
2024-01-12,23:00:00,70.0,70.0,70.0,70.0,4.0
2024-01-13,00:00:00,70.19,70.19,70.19,70.19,1.0
2024-01-15,16:00:00,69.59,69.68,69.59,69.68,5.0
2024-01-15,21:00:00,69.9,69.9,69.9,69.9,8.0
2024-01-15,22:00:00,71.0,71.0,71.0,71.0,18.0
2024-01-16,16:00:00,70.7,70.7,70.7,70.7,10.0
2024-01-16,17:00:00,70.1,70.1,69.83,69.83,27.0
2024-01-16,19:00:00,69.76,69.76,69.76,69.76,5.0
2024-01-16,20:00:00,70.5,70.5,70.5,70.5,12.0
2024-01-16,21:00:00,71.32,71.32,71.32,71.32,5.0
2024-01-16,22:00:00,70.96,70.96,70.5,70.5,7.0
2024-01-17,15:00:00,70.0,70.0,70.0,70.0,1.0
2024-01-17,16:00:00,69.41,69.45,69.41,69.45,5.0
2024-01-17,17:00:00,69.75,69.75,69.75,69.75,1.0
2024-01-17,18:00:00,70.35,70.35,69.88,69.88,16.0
2024-01-17,19:00:00,69.84,69.84,69.84,69.84,2.0
2024-01-17,20:00:00,69.08,69.08,69.0,69.0,6.0
2024-01-17,21:00:00,68.84,68.85,68.59,68.59,4.0
2024-01-17,22:00:00,68.3,68.3,68.3,68.3,2.0
2024-01-17,23:00:00,67.85,67.89,67.64,67.64,101.0
2024-01-18,16:00:00,68.44,68.46,68.44,68.46,4.0
2024-01-18,18:00:00,67.21,67.21,67.17,67.17,3.0
2024-01-18,19:00:00,67.6,67.6,67.6,67.6,3.0
2024-01-18,21:00:00,67.8,67.8,67.65,67.65,32.0
2024-01-18,22:00:00,67.59,67.59,67.59,67.59,8.0
2024-01-18,23:00:00,67.21,67.21,67.21,67.21,1.0
2024-01-19,16:00:00,67.72,67.79,67.72,67.79,10.0
2024-01-19,18:00:00,68.34,68.34,68.34,68.34,1.0
2024-01-19,22:00:00,68.2,68.2,68.2,68.2,11.0
2024-01-19,23:00:00,68.26,68.39,68.16,68.2,8.0
2024-01-20,00:00:00,68.21,68.21,68.03,68.03,17.0
2024-01-22,15:00:00,66.31,66.31,66.31,66.31,1.0
2024-01-22,22:00:00,65.58,65.94,65.54,65.94,58.0
2024-01-22,23:00:00,65.74,66.05,65.74,66.05,57.0
2024-01-23,00:00:00,66.15,67.08,66.15,67.08,19.0
2024-01-23,15:00:00,66.35,66.35,66.35,66.35,2.0
2024-01-23,16:00:00,67.0,67.0,67.0,67.0,2.0
2024-01-23,17:00:00,67.47,67.47,67.47,67.47,38.0
2024-01-23,18:00:00,67.47,67.47,67.27,67.27,15.0
2024-01-23,19:00:00,67.13,67.13,66.99,66.99,5.0
2024-01-23,22:00:00,66.76,67.63,66.76,67.63,11.0
2024-01-23,23:00:00,67.68,67.77,67.39,67.52,29.0
2024-01-24,00:00:00,67.35,67.35,67.35,67.35,3.0
2024-01-24,15:00:00,68.51,68.52,68.51,68.51,4.0
2024-01-24,16:00:00,68.86,68.86,68.86,68.86,1.0
2024-01-24,17:00:00,69.4,69.44,69.2,69.2,12.0
2024-01-24,18:00:00,69.41,69.41,69.41,69.41,10.0
2024-01-24,19:00:00,68.86,68.86,68.84,68.84,5.0
2024-01-24,22:00:00,69.29,69.61,69.29,69.57,19.0
2024-01-25,15:00:00,70.51,70.51,70.49,70.49,2.0
2024-01-25,16:00:00,70.63,70.63,70.63,70.63,1.0
2024-01-25,17:00:00,69.7,69.7,69.15,69.15,7.0
2024-01-25,19:00:00,69.09,69.09,69.09,69.09,1.0
2024-01-25,20:00:00,68.15,68.15,68.15,68.15,1.0
2024-01-25,21:00:00,67.9,68.1,67.9,68.0,60.0
2024-01-25,22:00:00,67.83,68.04,67.69,68.04,27.0
2024-01-25,23:00:00,67.85,67.85,67.85,67.85,3.0
2024-01-26,00:00:00,67.7,67.7,67.61,67.61,3.0
2024-01-26,15:00:00,67.15,67.15,67.07,67.07,50.0
2024-01-26,17:00:00,67.15,67.15,67.15,67.15,6.0
2024-01-26,18:00:00,68.25,68.26,68.25,68.26,2.0
2024-01-26,19:00:00,67.85,67.85,67.65,67.65,24.0
2024-01-26,20:00:00,67.8,67.8,67.8,67.8,20.0
2024-01-26,21:00:00,67.74,67.9,67.74,67.9,17.0
2024-01-26,22:00:00,67.7,67.7,67.45,67.65,71.0
2024-01-26,23:00:00,68.06,68.59,68.06,68.57,32.0
2024-01-29,16:00:00,67.79,68.0,67.79,68.0,7.0
2024-01-29,17:00:00,68.32,68.32,68.32,68.32,1.0
2024-01-29,18:00:00,67.85,67.85,67.85,67.85,15.0
2024-01-29,19:00:00,67.85,68.0,67.85,68.0,56.0
2024-01-29,20:00:00,67.55,67.55,67.55,67.55,6.0
2024-01-29,21:00:00,67.63,67.71,67.63,67.71,13.0
2024-01-29,22:00:00,67.55,67.55,67.49,67.49,2.0
2024-01-29,23:00:00,67.6,67.6,66.65,66.65,34.0
2024-01-30,00:00:00,66.27,66.28,66.27,66.28,2.0
2024-01-30,15:00:00,66.0,66.0,66.0,66.0,3.0
2024-01-30,16:00:00,65.85,65.85,65.85,65.85,25.0
2024-01-30,18:00:00,66.29,66.29,66.29,66.29,10.0
2024-01-30,20:00:00,66.8,66.8,66.8,66.8,9.0
2024-01-30,21:00:00,66.72,66.73,66.72,66.73,5.0
2024-01-30,22:00:00,67.08,67.08,67.08,67.08,1.0
2024-01-30,23:00:00,67.06,67.77,67.06,67.77,21.0
2024-01-31,00:00:00,68.3,68.3,68.3,68.3,3.0
2024-01-31,16:00:00,68.95,69.05,68.95,69.05,17.0
2024-01-31,17:00:00,68.89,68.89,68.76,68.86,37.0
2024-01-31,18:00:00,68.51,68.51,68.51,68.51,2.0
2024-01-31,19:00:00,68.45,68.45,68.45,68.45,25.0
2024-01-31,20:00:00,68.1,68.1,68.0,68.0,15.0
2024-01-31,22:00:00,68.48,68.53,68.48,68.53,3.0
2024-01-31,23:00:00,68.67,68.67,68.32,68.32,4.0
2024-02-01,00:00:00,68.69,68.77,68.65,68.77,6.0
2024-02-01,18:00:00,68.03,68.23,67.44,67.44,7.0
2024-02-01,19:00:00,67.0,67.0,66.55,66.55,66.0
2024-02-01,20:00:00,66.75,66.75,66.75,66.75,7.0
2024-02-01,21:00:00,66.87,67.03,66.87,67.03,3.0
2024-02-01,22:00:00,66.87,67.47,66.87,67.17,12.0
2024-02-01,23:00:00,66.99,67.08,66.99,67.08,8.0
2024-02-02,00:00:00,66.75,66.75,66.54,66.54,26.0
2024-02-02,17:00:00,67.6,67.6,67.6,67.6,1.0
2024-02-02,18:00:00,67.37,67.37,67.37,67.37,10.0
2024-02-02,20:00:00,67.95,67.95,67.7,67.7,27.0
2024-02-02,21:00:00,68.3,68.3,68.3,68.3,25.0
2024-02-02,22:00:00,68.27,68.41,68.22,68.41,3.0
2024-02-02,23:00:00,68.55,68.55,67.96,67.96,34.0
2024-02-03,00:00:00,68.05,68.05,68.05,68.05,7.0
2024-02-05,16:00:00,68.55,68.65,68.55,68.65,7.0
2024-02-05,17:00:00,67.75,67.75,67.39,67.39,80.0
2024-02-05,18:00:00,67.3,67.3,67.12,67.12,15.0
2024-02-05,19:00:00,67.1,67.1,67.1,67.1,1.0
2024-02-05,20:00:00,67.1,67.1,66.9,66.9,19.0
2024-02-05,21:00:00,66.6,66.6,66.6,66.6,14.0
2024-02-05,22:00:00,67.45,67.45,67.45,67.45,4.0
2024-02-05,23:00:00,66.8,66.8,66.8,66.8,25.0
2024-02-06,00:00:00,66.89,67.3,66.8,66.8,77.0
2024-02-06,19:00:00,67.46,67.7,67.46,67.55,63.0
2024-02-06,21:00:00,67.97,68.0,67.97,68.0,10.0
2024-02-06,22:00:00,67.79,68.23,67.79,68.23,56.0
2024-02-06,23:00:00,68.15,68.25,68.14,68.17,60.0
2024-02-07,17:00:00,67.4,67.49,67.4,67.49,67.0
2024-02-07,18:00:00,67.6,67.76,67.54,67.62,53.0
2024-02-07,19:00:00,67.76,67.78,67.76,67.78,27.0
2024-02-07,20:00:00,67.55,67.55,67.55,67.55,15.0
2024-02-07,21:00:00,67.55,67.55,66.77,66.77,44.0
2024-02-07,22:00:00,66.97,67.09,66.92,67.09,23.0
2024-02-08,00:00:00,66.76,66.76,66.76,66.76,1.0
2024-02-08,15:00:00,66.5,66.5,66.5,66.5,5.0
2024-02-08,16:00:00,66.3,66.3,66.3,66.3,10.0
2024-02-08,18:00:00,66.57,66.57,66.04,66.07,11.0
2024-02-08,19:00:00,66.0,66.0,64.97,64.97,22.0
2024-02-08,22:00:00,65.85,65.85,65.85,65.85,20.0
2024-02-08,23:00:00,65.17,65.17,65.14,65.14,6.0
2024-02-09,00:00:00,65.24,65.24,65.1,65.1,15.0
2024-02-09,16:00:00,64.2,64.2,64.12,64.12,15.0
2024-02-09,17:00:00,63.97,64.05,63.88,64.05,34.0
2024-02-09,18:00:00,64.05,64.05,63.76,63.76,86.0
2024-02-09,19:00:00,63.96,63.96,63.96,63.96,7.0
2024-02-09,20:00:00,63.3,63.3,63.3,63.3,10.0
2024-02-09,21:00:00,63.2,63.2,62.62,62.62,10.0
2024-02-09,22:00:00,62.75,62.96,62.75,62.8,26.0
2024-02-10,00:00:00,63.1,63.1,63.05,63.07,65.0
2024-02-12,15:00:00,62.58,62.58,62.58,62.58,1.0
2024-02-12,18:00:00,62.25,62.38,62.25,62.25,17.0
2024-02-12,19:00:00,62.45,62.45,62.41,62.41,25.0
2024-02-12,20:00:00,62.17,62.17,61.52,61.72,25.0
2024-02-12,21:00:00,61.78,62.0,61.7,61.99,30.0
2024-02-12,22:00:00,61.8,61.8,61.4,61.4,85.0
2024-02-12,23:00:00,60.85,60.85,60.85,60.85,1.0
2024-02-13,17:00:00,60.44,60.52,60.31,60.48,67.0
2024-02-13,18:00:00,60.95,60.95,60.62,60.62,27.0
2024-02-13,19:00:00,60.6,60.6,60.52,60.52,17.0
2024-02-13,22:00:00,60.42,60.42,60.15,60.15,14.0
2024-02-13,23:00:00,59.96,60.1,59.93,60.03,17.0
2024-02-14,16:00:00,59.62,59.93,59.62,59.93,7.0
2024-02-14,17:00:00,59.94,59.94,59.94,59.94,1.0
2024-02-14,18:00:00,60.0,60.0,60.0,60.0,1.0
2024-02-14,19:00:00,61.04,61.05,61.04,61.05,20.0
2024-02-14,20:00:00,61.23,61.37,61.07,61.24,75.0
2024-02-14,21:00:00,61.12,61.12,60.9,60.9,32.0
2024-02-14,22:00:00,60.55,60.55,60.18,60.18,9.0
2024-02-14,23:00:00,60.33,60.33,60.33,60.33,1.0
2024-02-15,00:00:00,60.5,60.53,60.5,60.53,6.0
2024-02-15,15:00:00,60.53,60.71,60.53,60.71,22.0
2024-02-15,16:00:00,61.17,61.39,61.03,61.03,12.0
2024-02-15,18:00:00,61.68,61.99,61.38,61.99,51.0
2024-02-15,19:00:00,61.98,62.63,61.98,62.22,14.0
2024-02-15,20:00:00,62.39,62.42,62.2,62.3,36.0
2024-02-15,21:00:00,62.85,62.85,62.85,62.85,1.0
2024-02-15,22:00:00,63.12,63.16,62.99,63.16,5.0
2024-02-15,23:00:00,62.7,62.92,62.18,62.38,23.0
2024-02-16,15:00:00,62.29,62.29,62.25,62.25,2.0
2024-02-16,16:00:00,62.38,62.39,62.34,62.39,3.0
2024-02-16,19:00:00,61.13,61.13,60.69,60.69,55.0
2024-02-16,21:00:00,60.74,60.75,60.74,60.75,15.0
2024-02-16,22:00:00,60.8,60.8,60.8,60.8,10.0
2024-02-17,00:00:00,61.44,61.44,61.43,61.43,3.0
2024-02-19,15:00:00,60.7,60.7,60.12,60.12,60.0
2024-02-19,16:00:00,60.0,60.0,59.5,59.5,40.0
2024-02-19,18:00:00,59.12,59.12,58.41,58.41,41.0
2024-02-19,19:00:00,58.27,58.27,58.22,58.23,12.0
2024-02-19,21:00:00,58.01,58.01,57.82,57.82,26.0
2024-02-19,22:00:00,57.84,57.86,57.58,57.81,98.0
2024-02-19,23:00:00,57.27,57.82,57.2,57.82,116.0
2024-02-20,00:00:00,57.25,57.25,57.08,57.2,67.0
2024-02-20,16:00:00,57.94,58.0,57.94,58.0,38.0
2024-02-20,17:00:00,57.44,57.44,57.44,57.44,25.0
2024-02-20,18:00:00,57.75,58.14,57.72,58.13,67.0
2024-02-20,20:00:00,57.49,57.5,57.49,57.5,14.0
2024-02-20,21:00:00,56.06,56.7,56.0,56.7,32.0
2024-02-20,22:00:00,56.8,58.47,56.8,58.47,30.0
2024-02-20,23:00:00,58.62,58.73,58.43,58.53,74.0
2024-02-21,00:00:00,58.19,58.29,58.14,58.14,28.0
2024-02-21,18:00:00,57.55,57.62,57.2,57.2,83.0
2024-02-21,19:00:00,57.55,57.65,57.41,57.44,69.0
2024-02-21,20:00:00,57.31,57.83,57.3,57.83,17.0
2024-02-21,21:00:00,57.86,58.49,57.86,58.36,36.0
2024-02-21,22:00:00,58.45,58.45,58.01,58.01,16.0
2024-02-22,00:00:00,58.59,58.59,58.53,58.53,3.0
2024-02-22,17:00:00,57.74,57.97,57.55,57.55,54.0
2024-02-22,18:00:00,57.24,57.24,56.87,56.94,52.0
2024-02-22,21:00:00,57.12,57.12,57.0,57.0,9.0
2024-02-22,22:00:00,56.92,56.99,56.74,56.74,14.0
2024-02-22,23:00:00,56.6,56.65,56.6,56.62,22.0
2024-02-23,00:00:00,56.8,56.8,56.54,56.54,23.0
2024-02-23,17:00:00,55.92,55.92,55.75,55.75,17.0
2024-02-23,19:00:00,55.46,55.5,55.46,55.5,10.0
2024-02-23,20:00:00,55.33,55.37,55.09,55.09,29.0
2024-02-23,21:00:00,55.31,55.31,55.31,55.31,7.0
2024-02-23,22:00:00,55.5,55.5,55.5,55.5,2.0
2024-02-24,00:00:00,56.18,56.18,56.17,56.18,30.0
2024-02-26,17:00:00,56.21,56.25,56.15,56.2,36.0
2024-02-26,18:00:00,57.33,57.33,57.32,57.32,26.0
2024-02-26,21:00:00,57.84,58.14,57.84,57.88,10.0
2024-02-26,22:00:00,57.91,57.91,57.91,57.91,1.0
2024-02-26,23:00:00,57.95,58.29,57.95,58.09,20.0
2024-02-27,00:00:00,58.01,58.02,57.78,58.02,5.0
2024-02-27,17:00:00,57.23,57.5,57.23,57.5,27.0
2024-02-27,18:00:00,57.07,57.07,56.95,56.95,5.0
2024-02-27,19:00:00,56.62,56.62,56.62,56.62,1.0
2024-02-27,20:00:00,56.6,56.91,56.6,56.75,16.0
2024-02-27,21:00:00,57.62,58.25,57.62,58.25,15.0
2024-02-27,22:00:00,58.39,59.22,58.39,59.22,7.0
2024-02-28,00:00:00,59.9,60.11,59.9,60.11,2.0
2024-02-28,15:00:00,61.22,61.23,61.22,61.23,3.0
2024-02-28,16:00:00,60.28,60.28,59.99,59.99,9.0
2024-02-28,17:00:00,60.18,60.28,59.87,59.98,16.0
2024-02-28,18:00:00,60.82,61.84,60.82,61.84,17.0
2024-02-28,19:00:00,61.47,62.02,61.4,62.02,23.0
2024-02-28,20:00:00,61.7,61.7,61.7,61.7,5.0
2024-02-28,21:00:00,61.38,62.49,61.38,62.17,57.0
2024-02-28,22:00:00,62.56,62.99,62.56,62.99,32.0
2024-02-28,23:00:00,62.88,62.88,62.74,62.74,21.0
2024-02-29,00:00:00,62.0,62.0,62.0,62.0,49.0
2024-02-29,16:00:00,61.3,61.5,61.2,61.5,18.0
2024-02-29,18:00:00,61.25,61.25,60.33,60.33,19.0
2024-02-29,19:00:00,60.16,60.16,59.8,59.8,21.0
2024-02-29,20:00:00,59.9,60.19,59.7,59.7,28.0
2024-02-29,22:00:00,60.63,60.63,60.0,60.22,36.0
2024-02-29,23:00:00,60.05,60.39,59.95,60.39,16.0
2024-03-01,00:00:00,60.25,60.25,60.25,60.25,7.0
2024-03-01,16:00:00,59.6,59.6,59.6,59.6,5.0
2024-03-01,17:00:00,59.58,59.58,59.45,59.45,15.0
2024-03-01,20:00:00,60.6,60.65,60.6,60.65,10.0
2024-03-01,21:00:00,60.48,60.64,60.48,60.55,39.0
2024-03-01,22:00:00,60.55,60.9,60.49,60.59,46.0
2024-03-01,23:00:00,60.59,60.59,60.18,60.5,40.0
2024-03-02,00:00:00,60.5,60.5,60.5,60.5,6.0
2024-03-04,16:00:00,58.93,58.93,58.28,58.3,70.0
2024-03-04,17:00:00,58.28,58.36,58.28,58.36,4.0
2024-03-04,18:00:00,58.0,58.0,58.0,58.0,20.0
2024-03-04,20:00:00,58.83,58.85,58.55,58.55,52.0
2024-03-04,21:00:00,58.65,59.6,58.65,59.6,21.0
2024-03-04,22:00:00,59.52,60.73,59.52,60.73,14.0
2024-03-04,23:00:00,62.1,62.1,62.1,62.1,18.0
2024-03-05,00:00:00,61.37,61.37,61.37,61.37,1.0
2024-03-05,16:00:00,63.4,63.4,63.25,63.25,5.0
2024-03-05,17:00:00,63.39,64.74,63.39,64.74,44.0
2024-03-05,18:00:00,64.81,65.6,64.5,64.69,30.0
2024-03-05,19:00:00,64.85,64.85,64.79,64.79,7.0
2024-03-05,20:00:00,65.4,65.4,65.4,65.4,1.0
2024-03-05,21:00:00,64.57,65.2,64.43,65.2,50.0
2024-03-05,22:00:00,64.57,65.2,64.4,65.2,31.0
2024-03-05,23:00:00,65.13,65.13,65.13,65.13,1.0
2024-03-06,00:00:00,65.16,65.24,64.42,64.42,31.0
2024-03-06,15:00:00,64.4,64.4,62.76,62.76,70.0
2024-03-06,16:00:00,62.96,63.6,62.94,63.6,10.0
2024-03-06,17:00:00,64.75,66.39,64.75,66.14,10.0
2024-03-06,18:00:00,66.1,66.8,66.1,66.76,28.0
2024-03-06,19:00:00,66.68,66.96,66.68,66.96,10.0
2024-03-06,21:00:00,66.43,66.61,66.43,66.61,2.0
2024-03-06,22:00:00,66.15,66.22,64.52,64.54,26.0
2024-03-07,16:00:00,62.56,63.03,62.44,63.03,22.0
2024-03-07,17:00:00,63.5,63.75,63.5,63.74,162.0
2024-03-07,18:00:00,63.85,64.43,63.22,64.19,353.0
2024-03-07,19:00:00,63.88,63.88,63.88,63.88,2.0
2024-03-07,20:00:00,65.37,65.37,65.17,65.24,51.0
2024-03-07,21:00:00,65.33,65.33,65.1,65.16,30.0
2024-03-07,22:00:00,64.95,64.95,64.44,64.44,4.0
2024-03-07,23:00:00,63.43,63.57,63.3,63.57,16.0
2024-03-08,00:00:00,63.79,63.83,63.79,63.83,2.0
2024-03-08,15:00:00,63.03,63.1,62.91,62.92,18.0
2024-03-08,16:00:00,64.23,64.23,64.23,64.23,1.0
2024-03-08,17:00:00,63.74,63.74,63.74,63.74,3.0
2024-03-08,18:00:00,63.6,63.72,63.57,63.57,45.0
2024-03-08,19:00:00,63.58,63.58,63.15,63.15,43.0
2024-03-08,20:00:00,63.15,63.35,62.9,62.9,46.0
2024-03-08,21:00:00,62.95,62.95,62.85,62.85,12.0
2024-03-08,22:00:00,62.62,62.64,62.3,62.5,107.0
2024-03-08,23:00:00,62.34,62.43,62.34,62.4,16.0
2024-03-09,00:00:00,62.97,62.97,62.97,62.97,1.0
2024-03-11,16:00:00,62.17,62.17,62.17,62.17,2.0
2024-03-11,17:00:00,60.95,60.95,60.95,60.95,1.0
2024-03-11,18:00:00,60.97,60.97,60.75,60.75,7.0
2024-03-11,21:00:00,60.0,60.0,60.0,60.0,1.0
2024-03-11,22:00:00,60.35,60.35,60.0,60.0,6.0
2024-03-11,23:00:00,60.43,60.43,60.43,60.43,1.0
2024-03-12,15:00:00,59.67,59.67,59.67,59.67,1.0
2024-03-12,16:00:00,59.9,59.9,59.5,59.5,40.0
2024-03-12,17:00:00,59.53,59.76,59.52,59.76,10.0
2024-03-12,20:00:00,59.77,59.77,59.77,59.77,5.0
2024-03-12,21:00:00,59.94,59.94,59.94,59.94,1.0
2024-03-13,15:00:00,61.68,61.92,61.68,61.92,3.0
2024-03-13,17:00:00,61.09,61.09,60.69,60.69,2.0
2024-03-13,18:00:00,60.8,60.84,60.64,60.67,18.0
2024-03-13,20:00:00,59.98,59.98,59.88,59.88,10.0
2024-03-13,21:00:00,59.87,60.25,59.87,59.89,10.0
2024-03-13,22:00:00,59.78,59.78,59.78,59.78,1.0
2024-03-13,23:00:00,60.53,60.53,60.24,60.24,4.0
2024-03-14,00:00:00,60.03,60.03,60.03,60.03,6.0
2024-03-14,15:00:00,59.5,59.5,59.5,59.5,5.0
2024-03-14,22:00:00,61.98,62.0,61.78,61.78,17.0
2024-03-14,23:00:00,62.27,63.05,62.27,63.05,6.0
2024-03-15,00:00:00,62.78,62.78,62.78,62.78,5.0
2024-03-15,15:00:00,63.12,63.37,63.12,63.37,5.0
2024-03-15,16:00:00,63.37,63.37,62.72,62.72,27.0
2024-03-15,17:00:00,63.18,63.18,63.18,63.18,1.0
2024-03-15,18:00:00,63.8,63.8,63.8,63.8,1.0
2024-03-15,19:00:00,64.35,64.35,64.35,64.35,2.0
2024-03-15,20:00:00,64.1,64.1,64.1,64.1,5.0
2024-03-15,22:00:00,63.22,63.22,63.22,63.22,1.0
2024-03-16,00:00:00,63.81,63.81,63.81,63.81,1.0
2024-03-18,15:00:00,65.43,65.43,65.43,65.43,1.0
2024-03-18,16:00:00,65.38,65.38,65.38,65.38,1.0
2024-03-18,17:00:00,66.03,66.08,65.91,65.91,56.0
2024-03-18,18:00:00,66.19,66.25,66.19,66.21,30.0
2024-03-18,19:00:00,65.75,65.75,65.61,65.75,60.0
2024-03-18,20:00:00,65.9,66.58,65.9,66.58,55.0
2024-03-18,21:00:00,66.5,66.5,66.15,66.15,26.0
2024-03-18,22:00:00,66.19,66.36,65.91,65.91,50.0
2024-03-18,23:00:00,65.46,66.14,65.35,66.14,86.0
2024-03-19,00:00:00,65.8,65.8,65.8,65.8,50.0
2024-03-19,15:00:00,66.22,67.13,66.22,67.13,38.0
2024-03-19,16:00:00,67.42,67.42,66.0,66.0,70.0
2024-03-19,17:00:00,66.0,66.0,65.65,65.65,34.0
2024-03-19,18:00:00,64.81,64.81,64.81,64.81,1.0
2024-03-19,19:00:00,64.8,65.5,64.8,65.5,26.0
2024-03-19,21:00:00,65.0,65.0,65.0,65.0,2.0
2024-03-19,23:00:00,64.71,64.71,64.69,64.69,9.0
2024-03-20,00:00:00,65.48,65.83,65.48,65.83,22.0
2024-03-20,16:00:00,64.79,64.86,64.54,64.77,17.0
2024-03-20,17:00:00,65.01,65.06,65.01,65.06,2.0
2024-03-20,18:00:00,64.76,64.76,64.76,64.76,1.0
2024-03-20,20:00:00,64.88,64.88,64.88,64.88,15.0
2024-03-20,22:00:00,65.46,65.46,65.43,65.43,8.0
2024-03-20,23:00:00,65.57,65.57,65.45,65.46,72.0
2024-03-21,00:00:00,65.17,65.17,64.63,64.63,36.0
2024-03-21,16:00:00,64.06,64.06,64.06,64.06,1.0
2024-03-21,18:00:00,64.17,64.21,63.92,63.92,5.0
2024-03-21,19:00:00,63.88,63.93,63.43,63.43,21.0
2024-03-21,21:00:00,63.7,63.91,63.7,63.91,2.0
2024-03-21,22:00:00,63.99,64.12,63.83,63.86,50.0
2024-03-21,23:00:00,63.91,63.91,63.46,63.6,77.0
2024-03-22,00:00:00,63.62,63.81,63.62,63.78,36.0
2024-03-22,19:00:00,65.49,65.49,65.49,65.49,1.0
2024-03-22,20:00:00,66.01,66.02,65.79,65.82,5.0
2024-03-22,21:00:00,66.01,66.35,66.01,66.12,20.0
2024-03-22,22:00:00,66.22,66.22,66.0,66.0,16.0
2024-03-23,00:00:00,65.77,65.77,65.77,65.77,4.0
2024-03-25,16:00:00,68.43,68.51,68.42,68.5,47.0
2024-03-25,17:00:00,68.47,68.49,68.12,68.12,22.0
2024-03-25,18:00:00,68.0,68.15,68.0,68.13,7.0
2024-03-25,19:00:00,69.82,69.82,69.82,69.82,1.0
2024-03-25,20:00:00,69.48,69.48,69.43,69.45,33.0
2024-03-25,21:00:00,69.3,69.51,69.3,69.51,28.0
2024-03-25,22:00:00,69.2,69.2,69.2,69.2,10.0
2024-03-25,23:00:00,69.1,69.75,69.1,69.75,55.0
2024-03-26,16:00:00,68.85,69.58,68.85,69.58,36.0
2024-03-26,17:00:00,69.97,70.35,69.97,70.35,41.0
2024-03-26,18:00:00,70.24,70.24,69.23,69.53,32.0
2024-03-26,19:00:00,69.5,69.5,68.91,68.91,25.0
2024-03-26,20:00:00,68.91,68.91,68.31,68.31,79.0
2024-03-26,21:00:00,68.0,68.22,67.99,68.22,18.0
2024-03-26,22:00:00,67.56,67.58,67.56,67.58,25.0
2024-03-26,23:00:00,67.1,67.21,67.1,67.21,15.0
2024-03-27,17:00:00,66.67,66.67,66.64,66.65,11.0
2024-03-27,18:00:00,66.72,66.95,66.29,66.8,51.0
2024-03-27,19:00:00,66.64,66.85,66.6,66.6,5.0
2024-03-27,20:00:00,66.0,66.0,66.0,66.0,10.0
2024-03-27,22:00:00,66.56,66.56,66.56,66.56,10.0
2024-03-27,23:00:00,66.64,66.8,66.64,66.76,23.0
2024-03-28,00:00:00,67.04,67.1,67.04,67.1,10.0
2024-03-28,16:00:00,66.95,67.18,66.95,67.18,6.0
2024-03-28,17:00:00,66.3,66.58,66.3,66.56,11.0
2024-03-28,18:00:00,66.34,66.62,66.0,66.1,271.0
2024-03-28,19:00:00,66.19,66.78,66.19,66.78,35.0
2024-03-28,20:00:00,66.91,66.91,66.91,66.91,1.0
2024-03-28,21:00:00,66.73,66.73,66.6,66.6,7.0
2024-03-28,22:00:00,66.6,66.88,66.55,66.55,53.0
2024-03-28,23:00:00,66.38,66.47,66.38,66.47,2.0
2024-04-02,14:00:00,66.0,66.0,65.5,65.57,25.0
2024-04-02,15:00:00,65.0,65.0,64.21,64.3,20.0
2024-04-02,16:00:00,64.4,64.4,64.15,64.15,46.0
2024-04-02,17:00:00,64.15,64.15,63.7,63.7,224.0
2024-04-02,18:00:00,63.89,63.96,63.88,63.96,14.0
2024-04-02,19:00:00,64.61,64.62,64.34,64.34,6.0
2024-04-02,20:00:00,64.3,64.32,64.3,64.32,9.0
2024-04-02,21:00:00,63.84,63.84,63.16,63.16,121.0
2024-04-02,22:00:00,63.4,63.4,63.29,63.4,26.0
2024-04-02,23:00:00,63.4,63.47,63.15,63.47,51.0
2024-04-03,14:00:00,63.0,63.0,63.0,63.0,55.0
2024-04-03,15:00:00,63.3,63.3,63.3,63.3,10.0
2024-04-03,16:00:00,63.58,63.58,63.45,63.45,19.0
2024-04-03,17:00:00,63.04,63.58,63.03,63.56,11.0
2024-04-03,19:00:00,63.0,63.0,63.0,63.0,26.0
2024-04-03,20:00:00,63.52,63.52,62.5,62.5,130.0
2024-04-03,21:00:00,62.33,62.33,61.59,61.67,36.0
2024-04-03,22:00:00,61.83,61.85,61.61,61.61,8.0
2024-04-03,23:00:00,61.65,61.89,61.65,61.89,5.0
2024-04-04,15:00:00,62.51,62.51,62.31,62.31,2.0
2024-04-04,17:00:00,62.21,62.21,62.21,62.21,1.0
2024-04-04,18:00:00,62.21,62.21,62.21,62.21,3.0
2024-04-04,20:00:00,62.97,63.01,62.93,63.01,20.0
2024-04-04,21:00:00,63.23,63.69,63.23,63.57,14.0
2024-04-04,23:00:00,63.09,63.09,63.09,63.09,1.0
2024-04-05,15:00:00,63.0,63.0,63.0,63.0,3.0
2024-04-05,16:00:00,62.85,62.85,62.85,62.85,150.0
2024-04-05,19:00:00,63.56,63.56,63.46,63.46,27.0
2024-04-05,21:00:00,63.7,65.08,63.7,65.08,28.0
2024-04-05,22:00:00,65.33,65.58,65.01,65.58,11.0
2024-04-05,23:00:00,65.45,65.58,65.14,65.51,20.0
2024-04-08,15:00:00,64.34,64.46,64.34,64.46,2.0
2024-04-08,17:00:00,65.69,65.69,65.69,65.69,5.0
2024-04-08,19:00:00,65.67,65.67,65.67,65.67,3.0
2024-04-08,20:00:00,67.0,67.02,66.76,67.02,12.0
2024-04-08,21:00:00,67.93,68.1,67.93,68.1,12.0
2024-04-08,22:00:00,68.14,68.14,67.88,67.88,3.0
2024-04-08,23:00:00,68.25,68.25,68.19,68.19,10.0
2024-04-09,15:00:00,67.77,67.77,67.6,67.63,30.0
2024-04-09,16:00:00,67.6,67.66,67.27,67.27,16.0
2024-04-09,17:00:00,67.87,68.98,67.87,68.3,13.0
2024-04-09,18:00:00,68.55,69.14,68.5,69.14,14.0
2024-04-09,19:00:00,69.06,69.24,69.05,69.22,79.0
2024-04-09,20:00:00,69.2,69.21,68.5,68.5,9.0
2024-04-09,21:00:00,68.95,69.15,68.95,69.15,40.0
2024-04-09,22:00:00,69.0,69.15,69.0,69.15,61.0
2024-04-09,23:00:00,69.05,69.05,68.51,68.51,21.0
2024-04-10,15:00:00,69.49,69.5,69.31,69.31,28.0
2024-04-10,16:00:00,69.23,69.23,68.98,68.98,7.0
2024-04-10,17:00:00,68.8,68.8,68.79,68.8,9.0
2024-04-10,18:00:00,67.57,67.69,67.49,67.49,6.0
2024-04-10,19:00:00,67.34,67.45,67.3,67.41,30.0
2024-04-10,20:00:00,67.5,67.53,67.49,67.53,13.0
2024-04-10,21:00:00,67.77,68.49,67.69,67.69,41.0
2024-04-10,23:00:00,67.56,67.71,67.56,67.69,23.0
2024-04-11,14:00:00,68.7,68.7,68.7,68.7,1.0
2024-04-11,15:00:00,69.59,70.04,69.59,70.01,26.0
2024-04-11,17:00:00,69.64,69.64,69.6,69.6,11.0
2024-04-11,18:00:00,70.05,70.16,70.05,70.16,2.0
2024-04-11,19:00:00,70.01,70.19,69.99,70.19,11.0
2024-04-11,20:00:00,70.27,71.65,70.24,71.65,90.0
2024-04-11,21:00:00,72.63,72.64,71.94,71.95,23.0
2024-04-11,22:00:00,72.65,73.13,72.65,73.12,11.0
2024-04-11,23:00:00,73.12,73.14,73.12,73.12,9.0
2024-04-12,14:00:00,73.28,73.28,73.28,73.28,4.0
2024-04-12,15:00:00,74.0,76.45,74.0,76.45,2.0
2024-04-12,16:00:00,75.88,75.88,75.73,75.73,3.0
2024-04-12,17:00:00,75.64,75.83,75.05,75.62,63.0
2024-04-12,18:00:00,76.54,76.54,76.54,76.54,1.0
2024-04-12,19:00:00,75.5,75.5,75.06,75.06,21.0
2024-04-12,20:00:00,74.98,75.0,74.45,74.68,37.0
2024-04-12,21:00:00,75.4,76.2,75.4,76.2,20.0
2024-04-12,22:00:00,76.7,76.7,76.54,76.54,2.0
2024-04-12,23:00:00,77.03,77.07,76.9,76.99,9.0
2024-04-15,14:00:00,75.0,75.31,74.25,74.52,15.0
2024-04-15,15:00:00,75.45,75.54,75.45,75.54,2.0
2024-04-15,17:00:00,75.35,75.35,75.35,75.35,15.0
2024-04-15,20:00:00,75.47,76.05,75.46,75.69,74.0
2024-04-15,21:00:00,76.03,76.54,75.8,75.8,29.0
2024-04-15,22:00:00,75.7,75.7,75.3,75.3,13.0
2024-04-15,23:00:00,76.03,76.03,76.03,76.03,1.0
2024-04-16,16:00:00,76.98,79.24,76.98,78.9,26.0
2024-04-16,17:00:00,79.44,79.44,79.44,79.44,1.0
2024-04-16,18:00:00,79.0,79.0,79.0,79.0,11.0
2024-04-16,19:00:00,79.61,79.61,79.5,79.5,2.0
2024-04-16,20:00:00,79.88,80.07,79.88,80.07,3.0
2024-04-16,21:00:00,79.37,79.75,78.96,79.09,16.0
2024-04-16,22:00:00,80.02,80.15,80.02,80.15,10.0
2024-04-16,23:00:00,79.25,79.28,79.25,79.28,10.0
2024-04-17,14:00:00,78.42,78.42,78.42,78.42,1.0
2024-04-17,15:00:00,78.14,78.16,77.82,77.98,19.0
2024-04-17,16:00:00,77.54,77.6,76.91,77.6,23.0
2024-04-17,17:00:00,77.68,78.03,77.68,77.69,9.0
2024-04-17,18:00:00,77.4,77.4,77.4,77.4,11.0
2024-04-17,19:00:00,77.15,77.15,75.75,75.75,17.0
2024-04-17,20:00:00,75.0,75.0,75.0,75.0,10.0
2024-04-17,21:00:00,75.0,75.45,74.95,74.98,13.0
2024-04-17,22:00:00,75.06,75.76,75.03,75.45,37.0
2024-04-17,23:00:00,75.42,75.42,75.42,75.42,5.0
2024-04-18,15:00:00,74.52,74.52,74.47,74.47,2.0
2024-04-18,16:00:00,74.87,75.14,74.6,74.81,30.0
2024-04-18,17:00:00,74.81,75.91,74.52,75.91,26.0
2024-04-18,20:00:00,76.88,76.88,76.88,76.88,10.0
2024-04-18,21:00:00,76.6,76.61,76.5,76.5,21.0
2024-04-18,22:00:00,77.0,77.67,77.0,77.32,39.0
2024-04-19,14:00:00,77.63,77.64,77.56,77.56,5.0
2024-04-19,15:00:00,77.07,77.07,76.48,76.7,7.0
2024-04-19,17:00:00,75.12,75.75,75.0,75.75,56.0
2024-04-19,18:00:00,75.6,75.63,75.6,75.63,4.0
2024-04-19,19:00:00,75.68,76.33,75.52,75.88,175.0
2024-04-19,20:00:00,75.73,75.73,74.95,74.98,30.0
2024-04-19,22:00:00,75.0,75.0,74.81,74.81,13.0
2024-04-19,23:00:00,73.77,73.82,73.77,73.82,10.0
2024-04-22,14:00:00,72.32,72.32,72.29,72.29,2.0
2024-04-22,17:00:00,71.95,71.95,71.94,71.94,20.0
2024-04-22,19:00:00,72.0,72.0,72.0,72.0,2.0
2024-04-22,20:00:00,72.0,72.0,71.59,71.59,12.0
2024-04-22,21:00:00,71.45,71.68,71.41,71.58,27.0
2024-04-22,23:00:00,71.74,71.74,71.46,71.63,18.0
2024-04-23,15:00:00,71.56,71.56,71.56,71.56,1.0
2024-04-23,16:00:00,72.08,72.08,71.35,71.68,48.0
2024-04-23,17:00:00,71.52,72.33,71.52,72.08,44.0
2024-04-23,18:00:00,71.83,71.83,71.83,71.83,4.0
2024-04-23,19:00:00,71.3,71.3,70.65,70.65,54.0
2024-04-23,20:00:00,70.68,70.69,70.68,70.69,2.0
2024-04-23,21:00:00,71.05,71.1,70.96,71.1,22.0
2024-04-23,22:00:00,71.1,71.1,71.1,71.1,8.0
2024-04-24,14:00:00,72.39,72.4,72.39,72.4,2.0
2024-04-24,15:00:00,72.3,72.34,71.91,71.93,36.0
2024-04-24,16:00:00,72.23,72.23,72.23,72.23,2.0
2024-04-24,17:00:00,72.18,72.31,71.25,71.25,38.0
2024-04-24,18:00:00,70.89,70.89,70.88,70.88,2.0
2024-04-24,19:00:00,70.25,70.33,69.99,70.29,16.0
2024-04-24,20:00:00,70.63,70.65,70.19,70.58,44.0
2024-04-24,21:00:00,70.3,70.94,70.3,70.94,20.0
2024-04-25,14:00:00,72.49,72.49,72.49,72.49,1.0
2024-04-25,16:00:00,72.1,72.4,72.1,72.4,60.0
2024-04-25,17:00:00,72.28,72.28,72.28,72.28,20.0
2024-04-25,18:00:00,72.5,72.76,72.5,72.76,3.0
2024-04-25,19:00:00,73.09,73.57,73.09,73.57,12.0
2024-04-25,20:00:00,74.0,74.4,74.0,74.26,40.0
2024-04-25,21:00:00,75.34,75.34,74.4,74.4,19.0
2024-04-25,23:00:00,73.59,73.59,73.59,73.59,24.0
2024-04-26,17:00:00,73.1,73.25,73.1,73.21,17.0
2024-04-26,18:00:00,73.21,73.21,72.74,72.8,33.0
2024-04-26,19:00:00,73.35,73.35,73.22,73.35,30.0
2024-04-26,20:00:00,73.29,73.3,73.29,73.3,10.0
2024-04-26,21:00:00,72.95,72.99,72.23,72.23,22.0
2024-04-26,22:00:00,72.67,72.7,72.0,72.0,21.0
2024-04-29,14:00:00,71.8,71.8,71.8,71.8,5.0
2024-04-29,15:00:00,70.9,70.9,70.84,70.9,12.0
2024-04-29,16:00:00,70.83,70.83,70.62,70.69,11.0
2024-04-29,17:00:00,70.58,70.7,70.49,70.5,58.0
2024-04-29,18:00:00,70.5,70.5,70.5,70.5,8.0
2024-04-29,19:00:00,70.79,70.79,70.79,70.79,5.0
2024-04-29,20:00:00,70.72,70.75,70.72,70.75,10.0
2024-04-29,22:00:00,70.68,70.68,70.68,70.68,2.0
2024-04-29,23:00:00,70.68,70.71,70.68,70.7,3.0
2024-04-30,16:00:00,72.62,72.64,72.62,72.64,10.0
2024-04-30,20:00:00,73.15,73.69,73.15,73.67,27.0
2024-04-30,21:00:00,73.67,74.35,73.67,74.33,6.0
2024-04-30,22:00:00,74.09,74.09,73.9,73.9,2.0
2024-05-02,15:00:00,74.2,74.2,74.2,74.2,1.0
2024-05-02,16:00:00,74.45,74.59,74.45,74.59,2.0
2024-05-02,17:00:00,76.3,76.3,76.26,76.27,19.0
2024-05-02,18:00:00,76.27,76.45,76.27,76.4,40.0
2024-05-02,19:00:00,78.15,78.39,78.15,78.16,30.0
2024-05-02,20:00:00,77.19,77.19,77.19,77.19,1.0
2024-05-02,22:00:00,78.11,78.11,77.87,77.87,4.0
2024-05-03,14:00:00,77.4,78.35,77.4,78.31,3.0
2024-05-03,15:00:00,78.29,79.49,78.29,79.28,34.0
2024-05-03,22:00:00,77.35,77.52,77.05,77.5,31.0
2024-05-06,17:00:00,77.72,77.72,77.71,77.71,20.0
2024-05-06,20:00:00,79.24,79.24,79.24,79.24,5.0
2024-05-06,21:00:00,79.18,79.18,79.18,79.18,4.0
2024-05-07,16:00:00,77.2,77.32,76.66,76.66,11.0
2024-05-07,17:00:00,76.02,76.79,76.02,76.79,27.0
2024-05-07,18:00:00,76.72,76.72,76.6,76.69,12.0
2024-05-07,22:00:00,76.91,77.15,76.44,76.44,106.0
2024-05-07,23:00:00,76.42,76.42,76.14,76.14,20.0
2024-05-08,15:00:00,75.96,75.96,75.31,75.35,11.0
2024-05-08,18:00:00,76.75,76.75,76.22,76.22,6.0
2024-05-08,19:00:00,77.22,77.22,77.22,77.22,1.0
2024-05-08,20:00:00,77.2,77.72,77.2,77.72,11.0
2024-05-08,21:00:00,77.76,77.87,77.62,77.87,3.0
2024-05-08,22:00:00,77.65,77.65,77.32,77.32,5.0
2024-05-09,16:00:00,78.0,78.0,78.0,78.0,5.0
2024-05-09,21:00:00,79.22,79.22,79.21,79.21,2.0
2024-05-10,16:00:00,81.1,81.1,81.1,81.1,1.0
2024-05-10,18:00:00,79.14,79.16,79.14,79.16,8.0
2024-05-10,19:00:00,78.01,78.02,77.95,78.02,14.0
2024-05-10,20:00:00,78.8,78.8,78.8,78.8,9.0
2024-05-10,21:00:00,78.01,78.01,77.85,77.85,2.0
2024-05-10,22:00:00,77.62,77.62,77.12,77.12,20.0
2024-05-13,15:00:00,76.0,76.0,76.0,76.0,10.0
2024-05-13,16:00:00,76.48,76.5,75.5,75.5,26.0
2024-05-13,18:00:00,75.95,76.14,75.95,76.0,19.0
2024-05-13,20:00:00,75.33,75.4,75.33,75.4,4.0
2024-05-13,21:00:00,75.33,75.33,74.85,74.85,7.0
2024-05-13,22:00:00,74.97,74.97,74.97,74.97,10.0
2024-05-13,23:00:00,75.5,75.5,75.5,75.5,6.0
2024-05-14,15:00:00,75.33,75.33,75.33,75.33,1.0
2024-05-14,17:00:00,75.08,76.01,75.06,76.01,21.0
2024-05-14,18:00:00,76.4,76.4,76.4,76.4,11.0
2024-05-14,19:00:00,76.4,76.67,76.4,76.67,25.0
2024-05-14,20:00:00,76.5,76.5,76.5,76.5,6.0
2024-05-14,21:00:00,76.48,76.48,76.42,76.42,10.0
2024-05-15,16:00:00,76.65,76.65,76.65,76.65,4.0
2024-05-15,17:00:00,76.35,76.35,76.35,76.35,1.0
2024-05-15,20:00:00,75.83,75.9,75.83,75.9,12.0
2024-05-15,21:00:00,75.15,75.26,75.11,75.12,29.0
2024-05-15,23:00:00,74.84,74.92,74.65,74.65,16.0
2024-05-16,16:00:00,75.3,75.3,75.3,75.3,50.0
2024-05-16,21:00:00,76.1,76.1,76.06,76.06,10.0
2024-05-16,22:00:00,76.06,76.06,75.53,75.53,21.0
2024-05-16,23:00:00,75.48,75.81,75.48,75.81,15.0
2024-05-17,14:00:00,76.0,76.0,76.0,76.0,2.0
2024-05-17,15:00:00,76.25,76.25,76.25,76.25,5.0
2024-05-17,16:00:00,76.3,76.3,76.3,76.3,1.0
2024-05-17,17:00:00,76.63,76.8,76.63,76.8,10.0
2024-05-17,18:00:00,75.61,75.61,75.6,75.6,6.0
2024-05-17,19:00:00,75.54,75.84,75.53,75.66,35.0
2024-05-17,20:00:00,75.7,75.7,75.68,75.68,6.0
2024-05-17,21:00:00,75.4,75.4,75.4,75.4,5.0
2024-05-17,22:00:00,76.02,76.02,76.0,76.0,9.0
2024-05-17,23:00:00,76.2,76.24,76.14,76.15,14.0
2024-05-20,15:00:00,78.4,78.4,78.4,78.4,1.0
2024-05-20,16:00:00,78.7,79.2,78.7,79.2,14.0
2024-05-20,17:00:00,78.92,78.95,78.1,78.1,18.0
2024-05-20,18:00:00,78.5,78.5,78.5,78.5,4.0
2024-05-20,20:00:00,79.14,79.19,79.14,79.19,4.0
2024-05-20,22:00:00,80.3,80.66,80.3,80.66,30.0
2024-05-20,23:00:00,79.97,79.99,79.97,79.98,7.0
2024-05-21,15:00:00,79.75,79.75,79.19,79.2,17.0
2024-05-21,16:00:00,79.47,79.48,79.02,79.11,21.0
2024-05-21,17:00:00,79.55,79.55,79.15,79.15,8.0
2024-05-21,18:00:00,79.05,79.4,79.04,79.36,6.0
2024-05-21,20:00:00,80.54,81.2,80.53,81.2,24.0
2024-05-21,21:00:00,82.1,82.1,81.9,82.04,7.0
2024-05-21,22:00:00,82.08,82.08,82.08,82.08,2.0
2024-05-21,23:00:00,81.95,81.95,81.95,81.95,7.0
2024-05-22,14:00:00,82.34,82.35,82.08,82.08,46.0
2024-05-22,17:00:00,82.11,82.4,82.09,82.4,13.0
2024-05-22,19:00:00,82.2,82.2,82.2,82.2,1.0
2024-05-22,21:00:00,81.85,82.31,81.82,82.3,30.0
2024-05-22,22:00:00,82.7,82.7,82.7,82.7,3.0
2024-05-22,23:00:00,82.45,82.66,82.42,82.63,33.0
2024-05-23,14:00:00,81.75,81.78,81.75,81.78,6.0
2024-05-23,15:00:00,81.89,82.6,81.86,82.6,14.0
2024-05-23,16:00:00,83.1,83.3,83.1,83.3,14.0
2024-05-23,17:00:00,83.29,83.85,83.29,83.84,51.0
2024-05-23,18:00:00,83.53,83.53,83.42,83.5,20.0
2024-05-23,19:00:00,83.78,83.78,83.78,83.78,5.0
2024-05-23,20:00:00,83.27,83.37,83.0,83.0,26.0
2024-05-23,21:00:00,82.85,82.85,81.94,81.94,20.0
2024-05-23,22:00:00,81.88,82.4,81.88,82.4,21.0
2024-05-23,23:00:00,81.95,81.96,81.7,81.96,20.0
2024-05-24,15:00:00,81.6,81.6,80.9,80.9,7.0
2024-05-24,16:00:00,81.2,81.2,81.2,81.2,18.0
2024-05-24,17:00:00,80.14,80.14,80.14,80.14,3.0
2024-05-24,20:00:00,80.5,80.5,80.14,80.34,63.0
2024-05-24,21:00:00,80.25,80.8,80.25,80.8,15.0
2024-05-27,15:00:00,82.45,82.45,82.45,82.45,12.0
2024-05-27,18:00:00,82.79,82.79,82.79,82.79,6.0
2024-05-27,19:00:00,82.67,82.67,82.34,82.4,22.0
2024-05-27,20:00:00,82.4,82.42,82.4,82.4,7.0
2024-05-28,18:00:00,81.01,81.01,80.44,80.45,40.0
2024-05-28,19:00:00,80.45,80.45,80.22,80.27,97.0
2024-05-28,20:00:00,80.31,80.69,80.31,80.46,80.0
2024-05-28,21:00:00,80.45,80.46,80.14,80.42,62.0
2024-05-29,14:00:00,80.43,80.43,80.43,80.43,2.0
2024-05-29,16:00:00,81.35,81.35,80.73,80.99,115.0
2024-05-29,17:00:00,80.79,80.81,80.54,80.54,36.0
2024-05-29,18:00:00,80.3,80.3,79.03,79.57,67.0
2024-05-29,19:00:00,79.67,79.68,79.67,79.68,10.0
2024-05-29,20:00:00,80.55,80.55,80.55,80.55,1.0
2024-05-29,22:00:00,79.75,79.75,79.5,79.52,10.0
2024-05-29,23:00:00,80.24,80.24,79.9,79.95,16.0
2024-05-30,15:00:00,79.52,79.52,79.52,79.52,21.0
2024-05-30,17:00:00,80.21,80.21,80.21,80.21,6.0
2024-05-30,20:00:00,81.16,81.16,81.13,81.13,8.0
2024-05-30,22:00:00,81.56,81.56,81.56,81.56,1.0
2024-05-30,23:00:00,81.68,81.68,81.68,81.68,9.0
2024-05-31,16:00:00,81.85,82.36,81.71,81.71,58.0
2024-05-31,17:00:00,82.2,82.61,82.12,82.19,44.0
2024-05-31,18:00:00,81.95,82.3,81.95,82.2,7.0
2024-05-31,20:00:00,81.34,81.39,81.31,81.31,19.0
2024-05-31,21:00:00,81.42,81.42,81.08,81.08,10.0
2024-05-31,23:00:00,80.45,80.45,79.99,79.99,31.0
2024-06-03,16:00:00,82.34,82.76,82.34,82.75,9.0
2024-06-03,17:00:00,83.08,84.05,83.08,84.05,107.0
2024-06-03,18:00:00,83.85,83.85,83.36,83.36,3.0
2024-06-03,19:00:00,83.09,83.14,82.5,82.5,14.0
2024-06-03,20:00:00,82.06,82.06,81.75,81.75,3.0
2024-06-03,22:00:00,81.5,81.5,80.67,80.68,18.0
2024-06-03,23:00:00,80.47,80.62,80.26,80.62,40.0
2024-06-04,15:00:00,79.99,80.32,79.99,80.32,9.0
2024-06-04,16:00:00,79.87,80.28,79.52,80.28,94.0
2024-06-04,17:00:00,79.65,79.65,79.65,79.65,8.0
2024-06-04,18:00:00,79.94,79.94,79.94,79.94,1.0
2024-06-04,19:00:00,79.5,79.5,79.5,79.5,8.0
2024-06-04,20:00:00,79.08,79.08,79.08,79.08,6.0
2024-06-04,21:00:00,78.94,78.94,78.52,78.52,30.0
2024-06-04,22:00:00,78.61,78.61,78.45,78.45,4.0
2024-06-05,15:00:00,77.95,77.95,77.95,77.95,25.0
2024-06-05,16:00:00,77.82,77.82,77.82,77.82,2.0
2024-06-05,17:00:00,77.7,77.86,77.7,77.86,6.0
2024-06-05,18:00:00,77.92,77.92,77.92,77.92,3.0
2024-06-05,19:00:00,77.63,77.63,76.79,76.91,8.0
2024-06-05,20:00:00,77.35,77.44,77.3,77.44,13.0
2024-06-05,21:00:00,77.46,77.98,77.46,77.98,26.0
2024-06-05,22:00:00,77.52,77.6,77.52,77.52,17.0
2024-06-05,23:00:00,77.68,77.84,77.68,77.84,5.0
2024-06-06,14:00:00,77.45,77.45,77.45,77.45,25.0
2024-06-06,16:00:00,78.33,78.33,78.33,78.33,5.0
2024-06-06,17:00:00,78.33,78.43,77.95,77.95,26.0
2024-06-06,18:00:00,77.81,77.81,77.73,77.73,10.0
2024-06-06,20:00:00,77.86,78.05,77.86,78.04,32.0
2024-06-06,21:00:00,77.67,77.95,77.67,77.85,46.0
2024-06-06,22:00:00,78.09,78.09,78.09,78.09,1.0
2024-06-06,23:00:00,78.11,78.11,77.66,77.66,38.0
2024-06-07,14:00:00,77.19,77.19,77.19,77.19,30.0
2024-06-07,17:00:00,77.49,77.58,77.49,77.58,6.0
2024-06-07,20:00:00,77.18,77.25,77.18,77.25,31.0
2024-06-07,21:00:00,77.11,77.44,77.04,77.44,18.0
2024-06-07,22:00:00,77.23,77.23,77.23,77.23,1.0
2024-06-07,23:00:00,77.28,77.28,77.28,77.28,10.0
2024-06-10,14:00:00,76.1,76.1,76.1,76.1,25.0
2024-06-10,16:00:00,75.68,75.68,75.55,75.55,13.0
2024-06-10,17:00:00,75.28,75.28,75.28,75.28,8.0
2024-06-10,21:00:00,75.75,76.4,75.75,76.4,44.0
2024-06-10,23:00:00,76.73,76.91,76.73,76.79,20.0
2024-06-11,14:00:00,76.0,76.0,76.0,76.0,3.0
2024-06-11,15:00:00,77.25,77.26,77.25,77.26,3.0
2024-06-11,16:00:00,77.68,78.0,77.68,78.0,3.0
2024-06-11,18:00:00,77.11,77.2,76.59,76.59,36.0
2024-06-11,19:00:00,76.95,76.95,76.7,76.71,24.0
2024-06-11,20:00:00,76.5,76.5,76.37,76.37,39.0
2024-06-12,16:00:00,76.38,76.63,76.38,76.63,8.0
2024-06-12,17:00:00,76.54,76.82,76.33,76.78,19.0
2024-06-12,18:00:00,76.88,76.88,76.82,76.82,9.0
2024-06-12,20:00:00,77.45,77.45,77.4,77.4,12.0
2024-06-12,21:00:00,77.23,77.23,77.0,77.0,3.0
2024-06-12,23:00:00,76.35,76.35,76.35,76.35,15.0
2024-06-13,16:00:00,76.95,76.95,76.95,76.95,8.0
2024-06-13,17:00:00,77.09,77.09,77.09,77.09,20.0
2024-06-13,18:00:00,77.09,77.09,77.09,77.09,8.0
2024-06-13,19:00:00,77.7,77.71,77.65,77.65,22.0
2024-06-13,20:00:00,77.72,77.72,77.4,77.4,11.0
2024-06-13,22:00:00,76.75,76.75,76.75,76.75,25.0
2024-06-13,23:00:00,76.39,76.45,76.37,76.45,10.0
2024-06-14,15:00:00,76.05,76.06,75.61,75.61,27.0
2024-06-14,16:00:00,75.42,75.46,75.42,75.46,7.0
2024-06-14,17:00:00,75.46,75.46,75.46,75.46,1.0
2024-06-14,19:00:00,74.98,74.98,74.93,74.93,2.0
2024-06-14,21:00:00,73.97,73.97,73.97,73.97,1.0
2024-06-14,22:00:00,74.42,74.42,73.97,73.97,2.0
2024-06-17,16:00:00,73.58,73.64,73.37,73.37,37.0
2024-06-17,18:00:00,73.25,73.39,73.25,73.39,46.0
2024-06-17,20:00:00,73.95,73.95,73.82,73.82,9.0
2024-06-18,16:00:00,73.64,73.71,73.64,73.71,6.0
2024-06-18,17:00:00,73.89,74.35,73.89,74.35,20.0
2024-06-18,18:00:00,74.23,74.23,74.0,74.0,8.0
2024-06-18,19:00:00,74.0,74.0,73.9,73.91,4.0
2024-06-18,20:00:00,73.95,73.95,73.57,73.6,38.0
2024-06-18,21:00:00,74.0,74.0,74.0,74.0,4.0
2024-06-19,15:00:00,74.5,74.5,74.5,74.5,5.0
2024-06-19,16:00:00,75.0,75.0,75.0,75.0,2.0
2024-06-19,17:00:00,74.7,74.7,74.64,74.65,9.0
2024-06-19,18:00:00,74.5,74.72,74.3,74.3,14.0
2024-06-19,19:00:00,74.81,74.86,74.81,74.86,15.0
2024-06-19,20:00:00,74.93,74.93,74.79,74.79,13.0
2024-06-19,21:00:00,75.01,75.39,75.01,75.39,4.0
2024-06-19,22:00:00,76.0,76.0,76.0,76.0,6.0
2024-06-19,23:00:00,75.87,75.87,75.87,75.87,4.0
2024-06-20,16:00:00,76.55,76.55,75.88,75.88,25.0
2024-06-20,17:00:00,75.91,76.0,75.78,75.78,7.0
2024-06-20,18:00:00,75.84,75.85,75.84,75.85,14.0
2024-06-20,19:00:00,76.1,76.12,75.98,76.12,30.0
2024-06-20,20:00:00,76.0,76.07,75.95,76.07,34.0
2024-06-20,21:00:00,75.65,75.65,75.02,75.02,13.0
2024-06-20,22:00:00,74.73,74.73,74.73,74.73,25.0
2024-06-20,23:00:00,74.97,74.97,74.83,74.83,3.0
2024-06-21,15:00:00,74.55,74.55,74.55,74.55,20.0
2024-06-21,16:00:00,74.5,74.5,74.37,74.37,3.0
2024-06-21,17:00:00,74.12,74.12,74.12,74.12,7.0
2024-06-21,18:00:00,74.12,74.12,73.99,73.99,24.0
2024-06-21,20:00:00,73.5,73.55,73.4,73.55,16.0
2024-06-21,21:00:00,73.55,73.55,73.41,73.41,15.0
2024-06-21,22:00:00,73.65,73.69,73.44,73.66,12.0
2024-06-21,23:00:00,73.46,73.61,73.46,73.54,8.0
2024-06-24,14:00:00,73.0,73.0,73.0,73.0,2.0
2024-06-24,16:00:00,72.91,72.91,72.91,72.91,12.0
2024-06-24,17:00:00,72.91,72.91,72.4,72.7,21.0
2024-06-24,19:00:00,72.84,73.17,72.84,73.17,11.0
2024-06-24,20:00:00,73.32,73.36,73.06,73.06,6.0
2024-06-24,21:00:00,72.74,72.8,72.74,72.8,15.0
2024-06-25,14:00:00,72.24,72.24,72.24,72.24,6.0
2024-06-25,15:00:00,72.81,73.1,72.81,73.1,17.0
2024-06-25,16:00:00,73.03,73.03,72.97,73.01,19.0
2024-06-25,17:00:00,72.24,72.24,72.24,72.24,13.0
2024-06-25,20:00:00,73.05,73.28,73.05,73.28,33.0
2024-06-25,21:00:00,73.15,73.15,73.05,73.05,20.0
2024-06-25,23:00:00,73.31,73.31,73.31,73.31,1.0
2024-06-26,17:00:00,74.01,74.01,73.75,73.75,17.0
2024-06-26,20:00:00,72.57,72.64,72.57,72.64,45.0
2024-06-26,21:00:00,72.77,72.77,72.77,72.77,43.0
2024-06-26,22:00:00,72.63,72.63,72.63,72.63,8.0
2024-06-27,19:00:00,72.17,72.17,72.17,72.17,5.0
2024-06-27,20:00:00,71.93,71.93,71.93,71.93,4.0
2024-06-27,21:00:00,72.26,72.26,72.26,72.26,2.0
2024-06-27,22:00:00,71.82,71.86,71.71,71.86,4.0
2024-06-27,23:00:00,71.99,72.04,71.99,72.01,12.0
2024-06-28,17:00:00,71.25,71.25,71.25,71.25,15.0
2024-06-28,22:00:00,72.63,72.63,72.63,72.63,5.0
2024-06-28,23:00:00,72.75,72.75,72.75,72.75,6.0
2024-07-01,15:00:00,74.12,74.13,74.12,74.13,2.0
2024-07-01,16:00:00,74.83,74.83,74.73,74.73,4.0
2024-07-01,17:00:00,74.0,74.0,74.0,74.0,2.0
2024-07-01,18:00:00,74.34,74.34,74.2,74.2,18.0
2024-07-01,22:00:00,73.45,73.45,73.45,73.45,15.0
2024-07-01,23:00:00,73.4,73.4,73.4,73.4,60.0
2024-07-02,15:00:00,73.47,73.47,73.47,73.47,2.0
2024-07-02,17:00:00,73.55,73.7,73.1,73.1,45.0
2024-07-02,22:00:00,75.95,76.28,75.95,76.18,14.0
2024-07-02,23:00:00,76.38,76.38,76.38,76.38,13.0
2024-07-03,16:00:00,76.23,76.23,76.23,76.23,5.0
2024-07-03,20:00:00,77.36,77.71,77.36,77.71,19.0
2024-07-03,21:00:00,77.4,77.4,76.61,76.61,25.0
2024-07-03,22:00:00,76.29,76.29,76.29,76.29,1.0
2024-07-04,15:00:00,76.0,76.45,76.0,76.45,54.0
2024-07-04,17:00:00,75.91,76.54,75.9,76.3,41.0
2024-07-04,18:00:00,76.61,76.61,76.46,76.6,30.0
2024-07-04,19:00:00,76.29,76.29,75.69,75.77,7.0
2024-07-04,20:00:00,75.73,76.01,75.69,76.01,5.0
2024-07-04,21:00:00,76.39,76.41,76.04,76.1,36.0
2024-07-04,22:00:00,76.07,76.07,76.07,76.07,3.0
2024-07-04,23:00:00,75.9,75.9,75.9,75.9,3.0
2024-07-05,16:00:00,76.05,76.06,76.04,76.06,3.0
2024-07-05,18:00:00,76.35,76.38,76.33,76.38,30.0
2024-07-05,20:00:00,76.22,76.35,76.21,76.27,41.0
2024-07-05,21:00:00,75.95,75.96,75.95,75.96,2.0
2024-07-05,22:00:00,75.97,75.97,75.97,75.97,8.0
2024-07-05,23:00:00,76.06,76.06,75.97,75.97,7.0
2024-07-08,16:00:00,77.46,77.46,77.12,77.12,6.0
2024-07-08,17:00:00,77.05,77.05,76.8,76.8,23.0
2024-07-08,18:00:00,75.74,75.91,75.58,75.58,26.0
2024-07-08,19:00:00,75.6,75.68,75.6,75.6,18.0
2024-07-08,20:00:00,75.15,75.2,75.0,75.0,58.0
2024-07-08,21:00:00,75.15,75.15,75.15,75.15,5.0
2024-07-08,22:00:00,74.4,74.4,74.39,74.39,3.0
2024-07-08,23:00:00,74.6,74.6,74.59,74.6,6.0
2024-07-09,15:00:00,74.26,74.26,74.23,74.23,9.0
2024-07-09,17:00:00,74.08,74.09,74.08,74.09,5.0
2024-07-09,18:00:00,74.27,74.28,74.27,74.27,18.0
2024-07-09,19:00:00,74.31,74.4,74.31,74.4,43.0
2024-07-09,20:00:00,74.36,74.36,74.0,74.0,15.0
2024-07-09,22:00:00,73.96,74.14,73.96,74.14,8.0
2024-07-09,23:00:00,74.05,74.12,73.97,74.05,40.0
2024-07-10,16:00:00,74.98,74.98,74.5,74.5,15.0
2024-07-10,17:00:00,74.4,74.4,74.0,74.0,14.0
2024-07-10,19:00:00,73.94,73.94,73.94,73.94,1.0
2024-07-10,20:00:00,73.83,73.83,73.59,73.59,11.0
2024-07-10,21:00:00,73.61,73.61,73.49,73.5,14.0
2024-07-10,23:00:00,73.45,73.45,73.45,73.45,1.0
2024-07-11,15:00:00,73.35,73.35,73.35,73.35,25.0
2024-07-11,16:00:00,73.45,73.45,73.45,73.45,6.0
2024-07-11,17:00:00,73.97,74.11,73.97,74.11,10.0
2024-07-11,20:00:00,73.5,73.53,73.5,73.5,15.0
2024-07-11,21:00:00,73.43,73.46,73.35,73.35,43.0
2024-07-11,22:00:00,73.35,73.66,73.35,73.65,12.0
2024-07-11,23:00:00,73.74,73.9,73.74,73.9,14.0
2024-07-12,15:00:00,73.76,73.76,73.76,73.76,1.0
2024-07-12,16:00:00,73.65,73.94,73.65,73.94,11.0
2024-07-12,17:00:00,73.9,74.16,73.9,74.16,17.0
2024-07-12,18:00:00,74.18,74.18,74.18,74.18,3.0
2024-07-12,20:00:00,73.5,73.74,73.5,73.56,9.0
2024-07-12,21:00:00,73.56,73.63,73.24,73.63,16.0
2024-07-12,22:00:00,73.83,74.0,73.83,74.0,16.0
2024-07-15,16:00:00,73.44,73.44,73.44,73.44,1.0
2024-07-15,18:00:00,73.22,73.22,73.22,73.22,17.0
2024-07-15,19:00:00,73.5,73.6,73.5,73.6,10.0
2024-07-15,20:00:00,73.1,73.1,73.1,73.1,15.0
2024-07-15,21:00:00,72.43,72.75,72.43,72.65,47.0
2024-07-15,22:00:00,72.64,72.75,72.64,72.75,3.0
2024-07-16,16:00:00,73.0,73.02,72.91,72.91,10.0
2024-07-16,17:00:00,72.4,72.75,72.39,72.68,45.0
2024-07-16,18:00:00,72.88,72.88,72.85,72.85,9.0
2024-07-16,22:00:00,72.9,72.9,72.9,72.9,1.0
2024-07-17,16:00:00,73.17,73.17,72.9,72.9,15.0
2024-07-17,20:00:00,72.35,72.51,72.35,72.51,19.0
2024-07-17,22:00:00,72.03,72.05,71.9,71.9,28.0
2024-07-17,23:00:00,71.9,71.9,71.6,71.65,16.0
2024-07-18,16:00:00,71.32,71.32,71.25,71.25,27.0
2024-07-18,17:00:00,71.4,71.52,71.25,71.25,67.0
2024-07-18,18:00:00,71.22,71.22,71.22,71.22,1.0
2024-07-18,20:00:00,71.38,71.51,71.38,71.38,39.0
2024-07-18,23:00:00,71.5,71.54,71.5,71.54,21.0
2024-07-19,14:00:00,71.67,71.67,71.67,71.67,1.0
2024-07-19,15:00:00,71.08,71.11,71.08,71.11,10.0
2024-07-19,16:00:00,70.98,70.98,70.98,70.98,29.0
2024-07-19,17:00:00,71.12,71.28,71.12,71.28,23.0
2024-07-19,18:00:00,70.95,70.95,70.95,70.95,25.0
2024-07-19,20:00:00,71.63,71.63,71.63,71.63,1.0
2024-07-19,22:00:00,72.13,72.13,72.13,72.13,2.0
2024-07-19,23:00:00,71.48,71.48,71.48,71.48,1.0
2024-07-22,15:00:00,70.82,70.89,70.79,70.85,50.0
2024-07-22,16:00:00,70.51,70.53,70.51,70.53,6.0
2024-07-22,17:00:00,70.43,70.43,70.43,70.43,5.0
2024-07-22,18:00:00,70.3,70.31,70.22,70.22,9.0
2024-07-22,19:00:00,70.0,70.05,69.89,69.89,39.0
2024-07-22,20:00:00,70.0,70.02,70.0,70.02,25.0
2024-07-22,21:00:00,70.2,70.2,69.86,69.95,27.0
2024-07-22,22:00:00,69.36,69.79,69.36,69.79,21.0
2024-07-22,23:00:00,69.9,69.9,69.9,69.9,10.0
2024-07-23,16:00:00,69.82,69.82,69.82,69.82,9.0
2024-07-23,17:00:00,69.94,70.09,69.94,70.09,13.0
2024-07-23,18:00:00,70.34,70.36,70.34,70.36,10.0
2024-07-23,21:00:00,70.85,71.2,70.85,71.2,21.0
2024-07-23,22:00:00,71.2,71.2,71.2,71.2,2.0
2024-07-23,23:00:00,70.72,70.72,70.66,70.66,12.0
2024-07-24,16:00:00,71.75,72.0,71.75,72.0,30.0
2024-07-24,17:00:00,72.32,72.35,72.32,72.35,50.0
2024-07-24,19:00:00,72.49,72.51,72.49,72.51,25.0
2024-07-24,21:00:00,72.73,73.08,72.72,73.03,18.0
2024-07-24,22:00:00,73.57,73.92,73.57,73.92,90.0
2024-07-25,15:00:00,73.17,73.17,73.17,73.17,4.0
2024-07-25,16:00:00,72.85,72.85,72.85,72.85,3.0
2024-07-25,18:00:00,73.02,73.06,73.02,73.06,15.0
2024-07-25,19:00:00,72.93,72.94,72.9,72.9,9.0
2024-07-25,22:00:00,72.5,72.53,72.07,72.13,30.0
2024-07-26,14:00:00,72.52,72.52,72.52,72.52,1.0
2024-07-26,19:00:00,72.73,72.74,72.73,72.74,4.0
2024-07-26,20:00:00,72.66,72.76,72.66,72.76,15.0
2024-07-26,21:00:00,72.85,73.1,72.85,73.1,5.0
2024-07-26,22:00:00,73.0,73.05,73.0,73.05,20.0
2024-07-26,23:00:00,72.9,72.9,72.9,72.9,1.0
2024-07-29,15:00:00,73.86,73.92,73.86,73.92,30.0
2024-07-29,17:00:00,73.47,73.51,73.47,73.5,24.0
2024-07-29,18:00:00,73.65,73.65,73.65,73.65,8.0
2024-07-29,19:00:00,72.96,72.96,72.94,72.96,3.0
2024-07-29,20:00:00,72.94,72.94,72.88,72.91,6.0
2024-07-29,22:00:00,73.5,73.5,73.5,73.5,2.0
2024-07-29,23:00:00,73.65,73.7,73.65,73.7,6.0
2024-07-30,17:00:00,72.67,72.96,72.65,72.96,4.0
2024-07-30,18:00:00,72.66,72.68,72.66,72.68,2.0
2024-07-30,20:00:00,72.62,72.64,72.62,72.64,30.0
2024-07-31,15:00:00,73.97,73.97,73.97,73.97,10.0
2024-07-31,16:00:00,73.98,73.98,73.96,73.96,10.0
2024-07-31,19:00:00,74.03,74.15,73.75,73.75,37.0
2024-07-31,20:00:00,73.8,73.8,73.8,73.8,8.0
2024-07-31,21:00:00,73.93,73.93,73.93,73.93,7.0
2024-07-31,22:00:00,74.09,74.31,74.07,74.27,17.0
2024-08-01,16:00:00,74.11,74.21,73.86,74.21,17.0
2024-08-01,17:00:00,74.43,74.6,74.43,74.6,9.0
2024-08-01,18:00:00,74.8,74.8,74.8,74.8,5.0
2024-08-01,19:00:00,75.26,75.8,75.26,75.8,31.0
2024-08-01,20:00:00,76.0,76.35,76.0,76.35,26.0
2024-08-01,22:00:00,76.48,76.48,76.48,76.48,1.0
2024-08-01,23:00:00,76.32,76.32,76.14,76.25,14.0
2024-08-02,16:00:00,76.08,76.08,76.08,76.08,2.0
2024-08-02,18:00:00,75.98,76.06,75.97,75.99,41.0
2024-08-02,19:00:00,76.13,76.23,76.1,76.1,70.0
2024-08-02,20:00:00,75.8,75.8,75.8,75.8,5.0
2024-08-02,21:00:00,75.22,75.22,75.19,75.19,5.0
2024-08-02,22:00:00,75.46,75.51,75.46,75.51,7.0
2024-08-02,23:00:00,75.53,75.53,75.45,75.45,7.0
2024-08-05,17:00:00,72.74,73.4,72.74,73.4,26.0
2024-08-05,18:00:00,73.32,73.49,73.25,73.31,11.0
2024-08-05,19:00:00,73.26,73.26,73.0,73.07,5.0
2024-08-05,20:00:00,73.04,73.1,73.04,73.1,18.0
2024-08-05,21:00:00,73.35,73.45,73.31,73.35,25.0
2024-08-05,22:00:00,73.48,73.48,72.94,73.0,9.0
2024-08-06,15:00:00,74.75,74.75,74.75,74.75,5.0
2024-08-06,17:00:00,74.5,74.91,74.5,74.91,13.0
2024-08-06,18:00:00,74.92,75.0,74.92,75.0,2.0
2024-08-06,21:00:00,74.84,74.84,74.84,74.84,5.0
2024-08-06,22:00:00,75.1,75.1,74.8,75.0,7.0
2024-08-06,23:00:00,74.8,74.8,74.65,74.75,14.0
2024-08-07,15:00:00,74.11,74.11,74.11,74.11,5.0
2024-08-07,16:00:00,74.51,74.51,74.51,74.51,5.0
2024-08-07,17:00:00,74.85,74.97,74.85,74.97,10.0
2024-08-07,19:00:00,75.6,76.0,75.6,76.0,84.0
2024-08-07,20:00:00,76.1,76.33,75.92,75.92,20.0
2024-08-07,21:00:00,75.1,75.31,75.1,75.31,7.0
2024-08-07,23:00:00,75.5,75.5,75.5,75.5,20.0
2024-08-08,15:00:00,75.46,75.52,75.04,75.06,14.0
2024-08-08,16:00:00,75.09,75.15,74.75,74.75,50.0
2024-08-08,17:00:00,74.73,75.22,74.73,75.22,20.0
2024-08-08,18:00:00,75.32,75.59,75.32,75.55,25.0
2024-08-08,20:00:00,75.13,75.23,74.93,75.23,31.0
2024-08-08,21:00:00,75.23,76.61,75.23,76.22,28.0
2024-08-08,22:00:00,75.64,75.64,75.64,75.64,2.0
2024-08-09,14:00:00,75.84,75.85,75.84,75.85,8.0
2024-08-09,15:00:00,76.5,76.5,76.5,76.5,20.0
2024-08-09,16:00:00,75.93,75.93,75.77,75.77,6.0
2024-08-09,17:00:00,75.94,75.94,75.94,75.94,5.0
2024-08-09,18:00:00,76.3,76.3,76.3,76.3,5.0
2024-08-09,20:00:00,75.12,75.32,74.75,75.2,60.0
2024-08-09,21:00:00,75.15,75.15,75.08,75.15,6.0
2024-08-09,22:00:00,75.09,75.32,75.09,75.32,10.0
2024-08-09,23:00:00,74.95,74.95,74.95,74.95,5.0
2024-08-12,16:00:00,77.3,77.3,77.3,77.3,5.0
2024-08-12,17:00:00,77.3,77.5,77.3,77.5,37.0
2024-08-12,18:00:00,77.94,77.99,77.94,77.96,8.0
2024-08-12,19:00:00,78.09,78.09,78.09,78.09,3.0
2024-08-12,20:00:00,78.74,78.79,78.74,78.79,2.0
2024-08-12,21:00:00,78.86,78.86,78.86,78.86,3.0
2024-08-12,22:00:00,78.03,78.03,77.94,77.94,7.0
2024-08-12,23:00:00,77.83,77.83,77.61,77.63,9.0
2024-08-13,14:00:00,77.07,77.24,77.07,77.2,6.0
2024-08-13,15:00:00,77.54,77.81,77.39,77.39,14.0
2024-08-13,17:00:00,77.0,77.43,77.0,77.43,32.0
2024-08-13,18:00:00,77.44,77.64,77.44,77.64,20.0
2024-08-13,19:00:00,77.31,77.31,77.31,77.31,1.0
2024-08-13,20:00:00,77.16,77.35,76.91,76.91,22.0
2024-08-13,21:00:00,76.95,76.95,76.54,76.54,7.0
2024-08-13,22:00:00,76.39,76.56,76.3,76.41,75.0
2024-08-13,23:00:00,76.3,76.31,76.12,76.3,36.0
2024-08-14,15:00:00,76.8,76.8,76.8,76.8,6.0
2024-08-14,16:00:00,76.7,76.7,76.7,76.7,5.0
2024-08-14,18:00:00,77.07,77.07,77.07,77.07,2.0
2024-08-14,19:00:00,76.77,76.77,76.75,76.76,5.0
2024-08-14,20:00:00,77.02,77.13,77.02,77.13,2.0
2024-08-14,22:00:00,76.94,76.94,76.8,76.8,18.0
2024-08-14,23:00:00,76.98,76.98,76.72,76.73,28.0
2024-08-15,16:00:00,75.96,76.01,75.62,75.65,79.0
2024-08-15,18:00:00,76.19,76.2,76.19,76.2,7.0
2024-08-15,19:00:00,76.0,76.22,75.75,76.06,34.0
2024-08-15,20:00:00,76.05,76.05,75.42,75.56,25.0
2024-08-15,22:00:00,77.0,77.0,76.85,76.85,8.0
2024-08-15,23:00:00,77.05,77.05,77.05,77.05,16.0
2024-08-16,15:00:00,77.8,77.8,77.8,77.8,5.0
2024-08-16,17:00:00,77.42,77.42,77.42,77.42,5.0
2024-08-16,18:00:00,77.5,77.5,77.5,77.5,5.0
2024-08-16,19:00:00,77.35,77.35,76.8,76.8,3.0
2024-08-16,20:00:00,76.95,76.99,76.7,76.7,12.0
2024-08-16,21:00:00,77.3,77.3,77.1,77.1,6.0
2024-08-16,22:00:00,77.1,77.1,77.1,77.1,1.0
2024-08-19,14:00:00,77.48,77.48,77.48,77.48,3.0
2024-08-19,15:00:00,77.65,77.65,77.25,77.25,4.0
2024-08-19,16:00:00,77.69,77.69,77.69,77.69,3.0
2024-08-19,17:00:00,78.39,78.46,78.38,78.46,9.0
2024-08-19,19:00:00,78.64,78.64,78.39,78.42,13.0
2024-08-19,20:00:00,78.71,78.84,78.35,78.35,43.0
2024-08-19,22:00:00,78.37,78.37,78.37,78.37,4.0
2024-08-19,23:00:00,78.24,78.24,78.24,78.24,2.0
2024-08-20,15:00:00,78.55,78.55,78.45,78.45,6.0
2024-08-20,16:00:00,78.5,78.5,78.5,78.5,14.0
2024-08-20,17:00:00,79.0,79.0,78.92,78.92,2.0
2024-08-20,18:00:00,79.37,79.76,79.37,79.68,3.0
2024-08-20,19:00:00,79.35,79.35,79.07,79.15,26.0
2024-08-20,20:00:00,79.0,79.11,78.8,78.8,15.0
2024-08-20,21:00:00,78.98,79.06,78.91,78.91,22.0
2024-08-20,22:00:00,78.8,78.8,78.39,78.45,28.0
2024-08-20,23:00:00,78.15,78.32,77.8,78.26,26.0
2024-08-21,15:00:00,78.74,78.74,78.74,78.74,5.0
2024-08-21,16:00:00,78.7,78.7,78.65,78.65,20.0
2024-08-21,17:00:00,78.45,78.45,78.3,78.3,29.0
2024-08-21,18:00:00,78.24,78.24,78.0,78.03,25.0
2024-08-21,19:00:00,77.85,77.85,77.55,77.55,20.0
2024-08-21,20:00:00,77.6,78.08,77.6,78.07,45.0
2024-08-21,21:00:00,78.36,78.37,78.2,78.2,15.0
2024-08-21,22:00:00,77.35,77.35,77.15,77.15,20.0
2024-08-21,23:00:00,76.75,76.75,76.75,76.75,2.0
2024-08-22,16:00:00,77.19,77.19,77.19,77.19,6.0
2024-08-22,18:00:00,77.17,77.17,77.17,77.17,1.0
2024-08-22,19:00:00,77.0,77.0,76.93,77.0,15.0
2024-08-22,20:00:00,76.77,76.77,76.34,76.43,26.0
2024-08-22,21:00:00,76.41,76.41,76.22,76.25,4.0
2024-08-22,22:00:00,76.25,76.25,76.23,76.24,5.0
2024-08-22,23:00:00,76.53,76.61,76.53,76.61,7.0
2024-08-23,15:00:00,76.8,76.8,76.8,76.8,4.0
2024-08-23,17:00:00,76.15,76.17,76.05,76.05,52.0
2024-08-23,18:00:00,75.88,75.9,75.84,75.84,4.0
2024-08-23,19:00:00,75.93,76.11,75.93,76.06,39.0
2024-08-23,20:00:00,76.06,76.41,76.06,76.1,91.0
2024-08-23,21:00:00,76.0,76.05,76.0,76.03,30.0
2024-08-23,22:00:00,76.05,76.1,76.05,76.1,4.0
2024-08-23,23:00:00,76.16,76.22,76.16,76.22,4.0
2024-08-26,15:00:00,75.9,75.9,75.9,75.9,1.0
2024-08-26,16:00:00,75.75,75.75,75.22,75.24,29.0
2024-08-26,18:00:00,75.07,75.07,75.07,75.07,20.0
2024-08-26,19:00:00,75.33,75.73,75.33,75.73,33.0
2024-08-26,20:00:00,75.73,75.73,75.26,75.26,23.0
2024-08-26,21:00:00,75.39,75.46,75.36,75.36,17.0
2024-08-26,23:00:00,75.33,75.33,75.33,75.33,2.0
2024-08-27,15:00:00,75.97,75.97,75.44,75.44,2.0
2024-08-27,16:00:00,75.59,75.9,75.59,75.82,22.0
2024-08-27,17:00:00,76.65,76.65,76.65,76.65,2.0
2024-08-27,18:00:00,76.24,76.24,76.24,76.24,1.0
2024-08-27,19:00:00,76.46,76.48,76.46,76.48,5.0
2024-08-27,20:00:00,76.47,76.47,76.2,76.21,48.0
2024-08-27,21:00:00,76.37,76.37,76.29,76.29,2.0
2024-08-27,23:00:00,76.59,76.65,76.59,76.65,5.0
2024-08-28,15:00:00,76.92,76.92,76.75,76.75,20.0
2024-08-28,16:00:00,76.25,76.25,76.2,76.2,5.0
2024-08-28,17:00:00,76.2,76.2,76.2,76.2,9.0
2024-08-28,18:00:00,76.21,76.31,76.2,76.31,13.0
2024-08-28,19:00:00,76.07,76.07,75.57,75.57,4.0
2024-08-28,20:00:00,75.46,75.61,75.46,75.61,7.0
2024-08-28,21:00:00,75.52,76.5,75.51,76.5,7.0
2024-08-28,22:00:00,76.55,76.55,75.95,75.95,4.0
2024-08-28,23:00:00,75.98,75.98,75.98,75.98,1.0
2024-08-29,17:00:00,75.43,75.43,75.1,75.11,19.0
2024-08-29,18:00:00,75.01,75.01,75.01,75.01,1.0
2024-08-29,20:00:00,75.41,75.53,75.15,75.44,62.0
2024-08-29,21:00:00,75.8,75.8,75.61,75.61,15.0
2024-08-29,23:00:00,75.97,76.04,75.97,75.97,22.0
2024-08-30,16:00:00,76.0,76.0,76.0,76.0,10.0
2024-08-30,17:00:00,76.36,76.36,76.3,76.3,11.0
2024-08-30,18:00:00,76.0,76.1,76.0,76.1,20.0
2024-08-30,20:00:00,75.85,75.85,75.85,75.85,7.0
2024-08-30,22:00:00,75.24,75.27,75.19,75.19,27.0
2024-09-02,17:00:00,75.37,75.37,75.23,75.23,24.0
2024-09-02,19:00:00,75.24,75.26,75.24,75.26,20.0
2024-09-02,20:00:00,75.88,75.9,75.69,75.73,43.0
2024-09-02,21:00:00,75.82,75.88,75.71,75.85,111.0
2024-09-02,22:00:00,75.71,75.71,75.71,75.71,1.0
2024-09-03,14:00:00,75.0,75.0,75.0,75.0,2.0
2024-09-03,15:00:00,75.0,75.0,75.0,75.0,5.0
2024-09-03,16:00:00,74.38,74.42,74.3,74.42,12.0
2024-09-03,17:00:00,74.19,74.19,74.15,74.15,5.0
2024-09-03,18:00:00,74.15,74.15,74.0,74.0,15.0
2024-09-03,19:00:00,73.64,73.64,73.61,73.61,5.0
2024-09-03,20:00:00,73.65,73.94,73.61,73.8,25.0
2024-09-03,21:00:00,73.46,73.46,73.22,73.22,44.0
2024-09-03,23:00:00,73.05,73.05,72.96,72.96,20.0
2024-09-04,16:00:00,73.09,73.09,72.97,72.97,8.0
2024-09-04,17:00:00,72.92,72.92,72.92,72.92,8.0
2024-09-04,18:00:00,72.55,72.57,72.54,72.54,13.0
2024-09-04,19:00:00,72.5,72.5,72.29,72.29,20.0
2024-09-04,20:00:00,72.3,72.3,72.08,72.08,10.0
2024-09-04,21:00:00,72.12,72.4,72.12,72.12,68.0
2024-09-04,22:00:00,71.99,71.99,71.6,71.6,23.0
2024-09-04,23:00:00,71.41,71.47,71.39,71.39,17.0
2024-09-05,16:00:00,71.25,71.63,71.25,71.63,12.0
2024-09-05,17:00:00,71.3,71.3,71.3,71.3,9.0
2024-09-05,18:00:00,71.5,71.65,71.5,71.65,20.0
2024-09-05,19:00:00,71.69,71.74,71.54,71.54,51.0
2024-09-05,20:00:00,72.24,72.25,71.4,71.68,21.0
2024-09-05,21:00:00,71.44,71.44,70.75,70.75,16.0
2024-09-05,22:00:00,70.9,70.95,70.9,70.95,33.0
2024-09-05,23:00:00,70.73,70.77,70.53,70.76,61.0
2024-09-06,16:00:00,71.72,71.72,71.72,71.72,10.0
2024-09-06,17:00:00,72.14,72.31,72.12,72.31,4.0
2024-09-06,18:00:00,72.0,72.03,72.0,72.03,10.0
2024-09-06,19:00:00,71.8,71.8,71.68,71.72,17.0
2024-09-06,20:00:00,71.8,71.8,71.62,71.7,15.0
2024-09-06,21:00:00,71.52,71.52,71.52,71.52,2.0
2024-09-06,22:00:00,71.0,71.03,71.0,71.0,161.0
2024-09-06,23:00:00,70.92,71.0,70.92,71.0,3.0
2024-09-09,18:00:00,71.35,71.35,71.22,71.29,7.0
2024-09-09,19:00:00,71.78,71.84,71.74,71.84,3.0
2024-09-09,20:00:00,71.8,71.8,71.3,71.3,26.0
2024-09-09,22:00:00,71.11,71.28,70.95,70.96,32.0
2024-09-10,16:00:00,71.28,71.28,70.89,70.95,14.0
2024-09-10,17:00:00,70.8,70.8,70.09,70.09,25.0
2024-09-10,18:00:00,70.24,70.24,70.04,70.07,37.0
2024-09-10,19:00:00,70.2,70.2,70.0,70.0,25.0
2024-09-10,20:00:00,69.86,69.87,69.65,69.65,74.0
2024-09-10,21:00:00,69.7,69.7,69.26,69.55,52.0
2024-09-10,22:00:00,69.45,69.63,69.26,69.63,44.0
2024-09-10,23:00:00,69.3,69.39,69.2,69.2,13.0
2024-09-11,16:00:00,69.7,69.7,69.42,69.42,28.0
2024-09-11,17:00:00,69.92,70.26,69.92,70.02,91.0
2024-09-11,18:00:00,70.04,70.04,69.66,69.66,25.0
2024-09-11,19:00:00,70.08,70.08,69.54,69.76,80.0
2024-09-11,20:00:00,69.69,70.59,69.5,70.51,26.0
2024-09-11,21:00:00,70.36,70.36,70.0,70.04,14.0
2024-09-11,23:00:00,70.64,70.64,70.55,70.55,19.0
2024-09-12,15:00:00,70.21,70.29,70.14,70.15,25.0
2024-09-12,16:00:00,70.0,70.0,69.8,69.85,25.0
2024-09-12,17:00:00,69.65,69.65,69.65,69.65,6.0
2024-09-12,18:00:00,69.5,69.63,69.5,69.63,26.0
2024-09-12,19:00:00,70.23,70.24,70.05,70.05,16.0
2024-09-12,21:00:00,69.65,69.65,69.6,69.6,37.0
2024-09-12,23:00:00,69.7,69.71,69.66,69.66,9.0
2024-09-13,15:00:00,70.0,70.0,70.0,70.0,10.0
2024-09-13,16:00:00,69.85,69.96,69.85,69.96,19.0
2024-09-13,17:00:00,70.0,70.05,70.0,70.05,41.0
2024-09-13,18:00:00,69.55,69.6,69.55,69.6,41.0
2024-09-13,19:00:00,69.5,69.5,69.21,69.21,26.0
2024-09-13,20:00:00,69.01,69.19,68.89,68.95,342.0
2024-09-13,21:00:00,68.95,68.95,68.86,68.86,82.0
2024-09-13,23:00:00,69.27,69.27,69.23,69.25,5.0
2024-09-16,14:00:00,68.59,68.59,68.0,68.0,20.0
2024-09-16,15:00:00,68.0,68.0,68.0,68.0,70.0
2024-09-16,16:00:00,68.0,68.15,68.0,68.15,42.0
2024-09-16,17:00:00,68.93,68.93,68.8,68.8,2.0
2024-09-16,18:00:00,68.1,68.29,68.1,68.28,24.0
2024-09-16,19:00:00,68.4,68.43,68.2,68.2,90.0
2024-09-16,20:00:00,68.14,68.14,68.14,68.14,5.0
2024-09-16,21:00:00,68.21,68.43,68.12,68.43,56.0
2024-09-16,22:00:00,68.29,68.3,67.45,67.52,82.0
2024-09-17,15:00:00,67.6,67.62,67.6,67.62,41.0
2024-09-17,16:00:00,67.62,67.62,67.38,67.42,44.0
2024-09-17,17:00:00,67.84,67.84,67.78,67.78,25.0
2024-09-17,18:00:00,67.87,67.87,67.87,67.87,1.0
2024-09-17,19:00:00,68.42,68.43,68.24,68.24,11.0
2024-09-17,20:00:00,68.15,68.25,68.14,68.19,34.0
2024-09-17,21:00:00,68.21,68.96,68.21,68.96,29.0
2024-09-17,22:00:00,68.7,68.7,68.7,68.7,3.0
2024-09-17,23:00:00,68.52,68.61,68.37,68.38,7.0
2024-09-18,14:00:00,68.7,68.7,68.7,68.7,5.0
2024-09-18,16:00:00,67.79,67.79,67.79,67.79,6.0
2024-09-18,17:00:00,67.81,68.21,67.79,68.05,62.0
2024-09-18,18:00:00,68.05,68.37,68.05,68.37,50.0
2024-09-18,20:00:00,67.5,67.83,67.5,67.83,66.0
2024-09-18,21:00:00,67.85,67.85,67.79,67.8,17.0
2024-09-19,15:00:00,68.32,68.32,68.25,68.28,20.0
2024-09-19,17:00:00,68.91,68.91,68.91,68.91,1.0
2024-09-19,18:00:00,68.96,68.96,68.96,68.96,5.0
2024-09-19,19:00:00,69.11,69.21,69.11,69.21,10.0
2024-09-19,20:00:00,69.56,69.56,69.46,69.48,19.0
2024-09-19,21:00:00,68.84,68.84,67.0,67.35,180.0
2024-09-19,22:00:00,67.02,67.18,66.79,66.9,45.0
2024-09-19,23:00:00,66.9,67.51,66.9,67.32,73.0
2024-09-20,16:00:00,68.06,68.06,68.03,68.03,20.0
2024-09-20,17:00:00,67.92,68.19,67.85,68.19,21.0
2024-09-20,18:00:00,67.85,68.04,67.84,68.02,21.0
2024-09-20,19:00:00,68.0,68.05,67.93,67.95,57.0
2024-09-20,20:00:00,68.1,68.14,67.77,67.9,23.0
2024-09-20,21:00:00,67.88,67.9,67.81,67.9,8.0
2024-09-20,22:00:00,67.83,67.83,67.7,67.7,59.0
2024-09-20,23:00:00,67.79,67.8,67.79,67.8,6.0
2024-09-23,15:00:00,67.68,68.23,67.68,68.23,20.0
2024-09-23,16:00:00,68.89,68.89,68.89,68.89,6.0
2024-09-23,17:00:00,68.21,68.21,67.77,67.77,17.0
2024-09-23,19:00:00,67.96,68.0,67.82,67.92,13.0
2024-09-23,20:00:00,67.94,67.94,67.69,67.69,35.0
2024-09-23,21:00:00,67.67,68.21,67.6,68.08,68.0
2024-09-23,22:00:00,68.05,68.26,67.75,68.13,18.0
2024-09-23,23:00:00,68.12,68.35,68.0,68.29,85.0
2024-09-24,15:00:00,68.63,68.8,68.55,68.55,7.0
2024-09-24,16:00:00,68.55,68.67,68.55,68.67,26.0
2024-09-24,17:00:00,68.83,68.96,68.83,68.96,15.0
2024-09-24,18:00:00,68.81,68.81,68.21,68.3,70.0
2024-09-24,19:00:00,68.2,68.2,67.94,68.15,38.0
2024-09-24,20:00:00,68.27,68.27,68.12,68.14,11.0
2024-09-24,21:00:00,67.91,67.92,67.6,67.86,13.0
2024-09-24,22:00:00,67.88,67.88,67.6,67.6,2.0
2024-09-24,23:00:00,68.03,68.03,68.03,68.03,1.0
2024-09-25,15:00:00,68.1,68.1,68.1,68.1,10.0
2024-09-25,16:00:00,68.3,68.3,68.3,68.3,10.0
2024-09-25,17:00:00,67.75,67.85,67.73,67.75,24.0
2024-09-25,18:00:00,68.35,68.35,68.35,68.35,5.0
2024-09-25,19:00:00,68.41,68.42,68.41,68.42,10.0
2024-09-25,20:00:00,67.9,68.0,67.81,67.82,27.0
2024-09-25,21:00:00,67.9,68.0,67.9,68.0,15.0
2024-09-25,22:00:00,68.9,69.59,68.85,69.5,22.0
2024-09-25,23:00:00,69.35,69.53,69.35,69.49,18.0
2024-09-26,15:00:00,68.9,68.9,68.9,68.9,4.0
2024-09-26,16:00:00,68.67,68.67,68.67,68.67,1.0
2024-09-26,17:00:00,68.7,69.1,68.54,69.1,60.0
2024-09-26,18:00:00,69.1,69.1,69.1,69.1,2.0
2024-09-26,19:00:00,68.84,68.9,68.84,68.89,7.0
2024-09-26,21:00:00,69.4,70.4,69.4,70.4,18.0
2024-09-26,22:00:00,70.35,70.52,70.33,70.43,30.0
2024-09-26,23:00:00,70.82,70.89,70.21,70.21,5.0
2024-09-27,16:00:00,70.07,70.3,70.07,70.15,6.0
2024-09-27,19:00:00,69.75,69.75,69.5,69.5,10.0
2024-09-27,20:00:00,70.0,70.06,70.0,70.06,20.0
2024-09-27,21:00:00,70.09,70.09,70.09,70.09,5.0
2024-09-30,14:00:00,70.52,70.52,70.52,70.52,1.0
2024-09-30,19:00:00,69.45,69.45,69.45,69.45,10.0
2024-09-30,20:00:00,69.35,69.56,69.35,69.56,11.0
2024-09-30,21:00:00,69.9,69.9,69.87,69.87,8.0
2024-09-30,22:00:00,69.77,69.77,69.77,69.77,32.0
2024-10-01,15:00:00,68.6,68.6,68.01,68.15,7.0
2024-10-01,16:00:00,67.66,67.96,67.66,67.96,10.0
2024-10-01,17:00:00,67.75,67.75,67.55,67.55,160.0
2024-10-01,18:00:00,67.73,67.79,67.73,67.79,2.0
2024-10-01,19:00:00,67.49,67.54,67.38,67.38,80.0
2024-10-01,20:00:00,67.1,67.1,67.1,67.1,1.0
2024-10-01,21:00:00,66.96,67.58,66.92,67.58,4.0
2024-10-01,22:00:00,67.66,67.68,67.21,67.37,36.0
2024-10-01,23:00:00,67.75,67.75,67.75,67.75,10.0
2024-10-02,17:00:00,67.31,67.41,67.09,67.41,28.0
2024-10-02,18:00:00,67.38,67.58,67.27,67.58,67.0
2024-10-02,19:00:00,66.97,66.97,66.68,66.8,13.0
2024-10-02,20:00:00,66.68,67.04,66.68,66.73,71.0
2024-10-02,21:00:00,66.86,67.36,66.85,67.36,11.0
2024-10-02,22:00:00,67.2,67.25,66.66,66.68,52.0
2024-10-02,23:00:00,66.57,66.61,66.42,66.56,92.0
2024-10-03,17:00:00,66.18,66.37,66.18,66.29,22.0
2024-10-03,18:00:00,66.46,66.46,66.46,66.46,20.0
2024-10-03,19:00:00,66.0,66.35,66.0,66.35,25.0
2024-10-03,20:00:00,66.45,66.45,66.34,66.43,21.0
2024-10-03,21:00:00,66.24,66.32,66.12,66.12,31.0
2024-10-03,22:00:00,66.09,66.51,65.97,66.26,43.0
2024-10-03,23:00:00,66.5,66.53,66.5,66.53,3.0
2024-10-04,15:00:00,65.77,65.77,65.77,65.77,10.0
2024-10-04,16:00:00,65.67,65.67,65.55,65.63,24.0
2024-10-04,17:00:00,65.65,65.72,65.53,65.7,65.0
2024-10-04,19:00:00,65.57,66.01,65.51,65.96,109.0
2024-10-04,20:00:00,65.65,65.69,65.65,65.67,6.0
2024-10-04,21:00:00,66.35,66.36,66.33,66.35,23.0
2024-10-04,22:00:00,66.26,66.41,65.88,66.09,90.0
2024-10-04,23:00:00,65.91,66.11,65.38,65.38,148.0
2024-10-07,14:00:00,64.55,64.55,64.55,64.55,10.0
2024-10-07,15:00:00,64.7,65.03,64.7,64.95,36.0
2024-10-07,16:00:00,64.92,65.0,64.65,64.65,158.0
2024-10-07,17:00:00,64.65,64.89,64.65,64.74,52.0
2024-10-07,18:00:00,64.72,64.72,64.62,64.63,29.0
2024-10-07,19:00:00,64.63,64.63,64.14,64.14,230.0
2024-10-07,20:00:00,64.24,64.84,64.2,64.84,32.0
2024-10-07,21:00:00,64.71,65.59,64.6,65.42,53.0
2024-10-07,22:00:00,65.21,65.36,65.21,65.24,37.0
2024-10-07,23:00:00,65.54,66.49,65.54,66.45,42.0
2024-10-08,14:00:00,66.0,66.0,65.66,65.66,41.0
2024-10-08,15:00:00,64.57,64.69,64.56,64.69,8.0
2024-10-08,16:00:00,64.63,64.65,64.45,64.65,406.0
2024-10-08,17:00:00,64.42,64.66,64.39,64.55,56.0
2024-10-08,18:00:00,64.55,64.55,64.43,64.47,50.0
2024-10-08,19:00:00,64.71,64.86,64.65,64.86,21.0
2024-10-08,20:00:00,64.91,64.98,64.91,64.98,21.0
2024-10-08,21:00:00,65.15,65.15,64.42,64.42,49.0
2024-10-08,22:00:00,64.34,64.44,64.34,64.44,17.0
2024-10-08,23:00:00,64.35,64.4,64.3,64.4,11.0
2024-10-09,14:00:00,64.0,64.0,64.0,64.0,10.0
2024-10-09,16:00:00,65.91,65.98,65.9,65.9,4.0
2024-10-09,17:00:00,65.82,66.07,65.72,66.0,100.0
2024-10-09,18:00:00,65.98,66.23,65.98,66.1,55.0
2024-10-09,19:00:00,66.01,66.22,65.85,66.0,40.0
2024-10-09,20:00:00,65.92,66.23,65.92,66.23,7.0
2024-10-09,21:00:00,66.32,66.36,65.5,65.54,8.0
2024-10-09,22:00:00,65.53,66.0,65.53,66.0,39.0
2024-10-10,16:00:00,68.02,68.02,68.02,68.02,4.0
2024-10-10,17:00:00,68.25,68.25,68.22,68.22,3.0
2024-10-10,18:00:00,68.21,68.64,68.21,68.43,30.0
2024-10-10,19:00:00,68.54,68.54,68.54,68.54,1.0
2024-10-10,21:00:00,69.25,69.31,69.04,69.06,19.0
2024-10-10,22:00:00,69.3,69.3,69.07,69.07,6.0
2024-10-10,23:00:00,69.2,69.2,69.2,69.2,5.0
2024-10-11,16:00:00,68.5,68.63,68.5,68.5,26.0
2024-10-11,17:00:00,68.04,68.04,68.04,68.04,6.0
2024-10-11,18:00:00,68.45,69.0,68.45,68.9,22.0
2024-10-11,19:00:00,69.06,69.06,68.9,69.01,30.0
2024-10-11,20:00:00,68.64,68.74,68.64,68.74,10.0
2024-10-11,21:00:00,69.03,69.1,68.97,68.97,23.0
2024-10-11,22:00:00,69.19,69.19,68.95,68.95,27.0
2024-10-11,23:00:00,68.86,69.05,68.86,69.03,19.0
2024-10-14,15:00:00,69.0,69.76,69.0,69.76,19.0
2024-10-14,16:00:00,69.67,69.8,69.67,69.8,16.0
2024-10-14,17:00:00,69.7,69.7,69.7,69.7,1.0
2024-10-14,18:00:00,69.87,70.15,69.87,70.02,8.0
2024-10-14,19:00:00,70.25,70.25,69.81,69.9,35.0
2024-10-14,20:00:00,70.07,70.42,70.07,70.33,72.0
2024-10-14,21:00:00,70.35,70.39,70.29,70.29,12.0
2024-10-14,22:00:00,70.34,70.49,70.15,70.31,46.0
2024-10-14,23:00:00,70.28,70.35,70.17,70.17,54.0
2024-10-15,14:00:00,69.2,69.53,69.02,69.5,24.0
2024-10-15,15:00:00,69.45,69.6,68.99,68.99,26.0
2024-10-15,16:00:00,69.22,69.26,69.22,69.26,10.0
2024-10-15,17:00:00,68.97,68.97,68.41,68.44,19.0
2024-10-15,18:00:00,68.6,68.87,68.55,68.76,74.0
2024-10-15,19:00:00,68.95,68.95,68.95,68.95,2.0
2024-10-15,20:00:00,69.0,69.19,69.0,69.19,16.0
2024-10-15,21:00:00,69.46,69.58,69.31,69.31,42.0
2024-10-15,22:00:00,69.6,69.6,69.22,69.22,15.0
2024-10-15,23:00:00,69.12,69.12,69.12,69.12,3.0
2024-10-16,14:00:00,69.45,69.56,69.45,69.45,4.0
2024-10-16,15:00:00,69.21,69.65,69.21,69.3,15.0
2024-10-16,16:00:00,68.87,68.87,68.62,68.64,19.0
2024-10-16,17:00:00,68.13,68.14,68.13,68.14,6.0
2024-10-16,18:00:00,68.28,68.28,68.1,68.1,16.0
2024-10-16,19:00:00,68.0,68.0,67.34,67.38,27.0
2024-10-16,20:00:00,67.4,67.52,67.36,67.42,34.0
2024-10-16,21:00:00,67.6,67.6,66.98,67.0,24.0
2024-10-16,22:00:00,67.28,67.4,67.26,67.37,7.0
2024-10-16,23:00:00,67.23,67.23,66.96,67.22,28.0
2024-10-17,14:00:00,67.1,67.36,67.1,67.36,3.0
2024-10-17,15:00:00,67.25,67.25,67.2,67.2,2.0
2024-10-17,16:00:00,67.59,67.71,67.47,67.54,8.0
2024-10-17,17:00:00,67.56,67.68,67.38,67.68,22.0
2024-10-17,18:00:00,67.53,67.53,67.25,67.29,39.0
2024-10-17,19:00:00,67.22,67.23,67.13,67.13,6.0
2024-10-17,20:00:00,67.16,67.25,67.08,67.08,27.0
2024-10-17,21:00:00,66.97,67.26,66.68,67.25,58.0
2024-10-17,22:00:00,67.22,67.22,67.06,67.19,20.0
2024-10-17,23:00:00,67.12,67.14,67.05,67.05,21.0
2024-10-18,15:00:00,67.25,67.25,67.23,67.23,4.0
2024-10-18,16:00:00,66.6,66.6,66.31,66.32,39.0
2024-10-18,17:00:00,66.47,66.48,66.41,66.41,3.0
2024-10-18,18:00:00,66.4,66.51,66.34,66.35,45.0
2024-10-18,19:00:00,66.49,66.49,66.29,66.29,9.0
2024-10-18,20:00:00,66.34,66.34,66.27,66.27,10.0
2024-10-18,21:00:00,66.62,66.62,66.33,66.33,19.0
2024-10-18,22:00:00,66.25,66.31,66.18,66.18,15.0
2024-10-18,23:00:00,66.25,66.25,66.23,66.24,4.0
2024-10-21,14:00:00,66.65,66.65,66.65,66.65,1.0
2024-10-21,15:00:00,66.69,66.69,66.69,66.69,1.0
2024-10-21,16:00:00,66.76,66.87,66.76,66.86,3.0
2024-10-21,17:00:00,66.51,66.57,66.43,66.54,13.0
2024-10-21,18:00:00,66.39,66.4,66.39,66.4,19.0
2024-10-21,19:00:00,66.09,66.09,65.98,65.98,3.0
2024-10-21,20:00:00,65.59,65.59,65.59,65.59,2.0
2024-10-21,21:00:00,65.41,65.42,65.41,65.42,2.0
2024-10-21,22:00:00,65.43,65.58,65.43,65.58,27.0
2024-10-21,23:00:00,65.64,65.71,65.64,65.71,9.0
2024-10-22,14:00:00,65.77,65.86,65.77,65.86,2.0
2024-10-22,15:00:00,65.54,65.59,65.54,65.56,11.0
2024-10-22,16:00:00,66.11,66.14,65.57,65.57,10.0
2024-10-22,17:00:00,65.58,65.81,65.58,65.72,48.0
2024-10-22,18:00:00,65.98,65.98,65.97,65.97,4.0
2024-10-22,19:00:00,66.34,66.35,66.26,66.27,22.0
2024-10-22,21:00:00,65.93,65.93,65.93,65.93,2.0
2024-10-22,22:00:00,66.45,66.45,66.25,66.38,13.0
2024-10-22,23:00:00,66.37,66.37,66.37,66.37,2.0
2024-10-23,14:00:00,66.03,66.14,65.97,66.14,8.0
2024-10-23,15:00:00,66.05,66.33,66.05,66.33,9.0
2024-10-23,16:00:00,66.38,68.22,66.38,67.79,27.0
2024-10-23,17:00:00,67.91,68.66,67.91,68.66,6.0
2024-10-23,18:00:00,68.52,68.57,68.46,68.46,5.0
2024-10-23,19:00:00,68.41,68.45,68.23,68.35,32.0
2024-10-23,20:00:00,68.32,68.45,68.15,68.45,65.0
2024-10-23,21:00:00,68.63,68.99,68.29,68.99,66.0
2024-10-23,22:00:00,68.86,68.86,68.86,68.86,4.0
2024-10-23,23:00:00,68.91,68.91,68.91,68.91,4.0
2024-10-24,14:00:00,69.08,69.33,69.08,69.33,8.0
2024-10-24,15:00:00,69.2,69.2,68.89,69.01,6.0
2024-10-24,16:00:00,69.0,69.0,69.0,69.0,1.0
2024-10-24,17:00:00,70.0,70.31,70.0,70.16,17.0
2024-10-24,18:00:00,70.31,70.31,69.52,69.52,5.0
2024-10-24,20:00:00,70.14,70.22,70.14,70.21,4.0
2024-10-24,21:00:00,71.0,71.32,70.9,70.9,43.0
2024-10-24,22:00:00,70.9,70.9,70.63,70.79,17.0
2024-10-24,23:00:00,70.76,70.76,70.56,70.57,10.0
2024-10-25,16:00:00,70.83,70.94,70.83,70.94,3.0
2024-10-25,17:00:00,71.03,71.03,70.86,70.86,4.0
2024-10-25,19:00:00,70.4,70.4,70.4,70.4,20.0
2024-10-25,20:00:00,71.0,71.0,71.0,71.0,33.0
2024-10-25,21:00:00,70.78,71.15,70.78,71.15,10.0
2024-10-25,23:00:00,71.1,71.1,71.1,71.1,1.0
2024-10-28,17:00:00,69.41,69.55,69.35,69.35,21.0
2024-10-28,19:00:00,69.08,69.08,68.84,68.84,5.0
2024-10-28,20:00:00,68.89,68.89,68.89,68.89,1.0
2024-10-28,21:00:00,69.08,69.73,69.08,69.71,7.0
2024-10-28,22:00:00,70.1,70.1,69.94,69.94,7.0
2024-10-28,23:00:00,70.12,70.67,70.03,70.45,79.0
2024-10-29,00:00:00,70.48,70.62,70.45,70.6,53.0
2024-10-29,15:00:00,70.85,71.12,70.85,71.12,7.0
2024-10-29,16:00:00,70.94,71.0,70.71,70.71,20.0
2024-10-29,17:00:00,70.48,70.75,70.48,70.75,4.0
2024-10-29,18:00:00,71.15,71.43,70.94,71.36,24.0
2024-10-29,19:00:00,71.38,71.56,71.23,71.31,111.0
2024-10-29,20:00:00,71.03,71.21,71.03,71.1,34.0
2024-10-29,21:00:00,71.13,71.56,71.13,71.56,54.0
2024-10-29,22:00:00,71.46,71.61,71.42,71.61,11.0
2024-10-29,23:00:00,71.77,71.77,71.3,71.47,67.0
2024-10-30,00:00:00,71.5,71.5,70.97,70.97,22.0
2024-10-30,16:00:00,70.47,70.47,70.47,70.47,2.0
2024-10-30,17:00:00,70.48,70.49,69.95,70.13,35.0
2024-10-30,18:00:00,70.37,70.46,70.35,70.46,7.0
2024-10-30,19:00:00,70.32,70.32,70.32,70.32,2.0
2024-10-30,20:00:00,70.08,70.35,70.08,70.35,5.0
2024-10-30,21:00:00,70.0,70.0,70.0,70.0,7.0
2024-10-30,22:00:00,69.97,70.19,69.5,69.5,86.0
2024-10-30,23:00:00,69.24,69.27,69.24,69.27,17.0
2024-10-31,00:00:00,69.9,69.9,69.9,69.9,2.0
2024-10-31,15:00:00,69.55,69.55,69.42,69.42,3.0
2024-10-31,18:00:00,68.63,68.63,68.59,68.59,3.0
2024-10-31,19:00:00,68.86,68.89,68.86,68.89,11.0
2024-10-31,20:00:00,68.7,68.91,68.7,68.91,10.0
2024-10-31,21:00:00,69.24,69.25,69.01,69.21,8.0
2024-10-31,22:00:00,68.84,68.84,68.25,68.4,13.0
2024-11-01,00:00:00,68.77,68.83,67.81,68.09,20.0
2024-11-01,15:00:00,67.87,68.37,67.87,68.37,3.0
2024-11-01,16:00:00,68.41,68.71,68.21,68.38,26.0
2024-11-01,17:00:00,68.34,69.04,68.34,69.04,26.0
2024-11-01,18:00:00,68.92,68.92,68.92,68.92,1.0
2024-11-01,20:00:00,68.3,68.39,68.3,68.32,14.0
2024-11-01,21:00:00,67.56,67.85,67.56,67.84,11.0
2024-11-01,22:00:00,67.71,67.88,67.65,67.88,12.0
2024-11-01,23:00:00,68.13,68.13,67.82,67.82,13.0
2024-11-04,15:00:00,68.73,68.73,68.73,68.73,4.0
2024-11-04,16:00:00,69.0,69.0,68.99,68.99,2.0
2024-11-04,17:00:00,69.0,69.01,68.75,69.01,9.0
2024-11-04,18:00:00,69.59,69.59,69.59,69.59,5.0
2024-11-04,19:00:00,69.93,69.99,69.83,69.99,4.0
2024-11-04,21:00:00,69.5,69.5,69.5,69.5,17.0
2024-11-04,22:00:00,69.69,69.69,69.37,69.37,2.0
2024-11-04,23:00:00,69.6,69.73,69.6,69.65,9.0
2024-11-05,00:00:00,69.49,69.5,69.38,69.4,12.0
2024-11-05,16:00:00,69.07,69.15,69.07,69.15,6.0
2024-11-05,17:00:00,69.61,69.61,69.61,69.61,1.0
2024-11-05,18:00:00,69.59,69.59,69.15,69.44,8.0
2024-11-05,19:00:00,69.45,69.45,69.29,69.36,9.0
2024-11-05,20:00:00,69.16,69.16,69.16,69.16,6.0
2024-11-05,21:00:00,69.05,69.09,68.99,68.99,22.0
2024-11-05,22:00:00,68.97,68.98,68.76,68.87,14.0
2024-11-05,23:00:00,68.71,68.71,68.64,68.64,4.0
2024-11-06,00:00:00,68.49,68.49,68.48,68.48,18.0
2024-11-06,16:00:00,66.96,67.4,66.96,67.37,12.0
2024-11-06,17:00:00,67.55,67.63,67.37,67.44,10.0
2024-11-06,18:00:00,67.36,67.47,67.34,67.35,12.0
2024-11-06,19:00:00,67.06,67.06,66.38,66.7,64.0
2024-11-06,20:00:00,66.67,66.69,66.38,66.57,52.0
2024-11-06,21:00:00,66.67,67.21,66.57,67.21,118.0
2024-11-06,22:00:00,67.14,67.36,67.14,67.25,61.0
2024-11-06,23:00:00,67.35,67.77,67.32,67.69,47.0
2024-11-07,00:00:00,67.59,68.22,67.56,68.17,145.0
2024-11-07,15:00:00,68.66,68.66,68.66,68.66,2.0
2024-11-07,16:00:00,68.66,68.66,68.66,68.66,4.0
2024-11-07,17:00:00,69.0,69.53,69.0,69.52,34.0
2024-11-07,18:00:00,69.61,69.61,69.53,69.53,76.0
2024-11-07,19:00:00,69.85,70.03,69.85,70.02,26.0
2024-11-07,20:00:00,69.3,69.3,69.15,69.15,22.0
2024-11-07,21:00:00,69.5,69.65,69.32,69.32,25.0
2024-11-07,22:00:00,69.34,69.43,69.05,69.05,34.0
2024-11-07,23:00:00,69.39,70.03,69.39,70.03,11.0
2024-11-08,00:00:00,70.1,70.36,69.97,70.35,104.0
2024-11-08,16:00:00,70.77,70.77,70.55,70.55,3.0
2024-11-08,17:00:00,70.82,70.91,70.63,70.75,16.0
2024-11-08,18:00:00,70.68,70.94,70.41,70.94,60.0
2024-11-08,19:00:00,70.92,71.33,70.89,71.1,194.0
2024-11-08,20:00:00,71.16,71.88,71.16,71.88,39.0
2024-11-08,21:00:00,71.97,72.33,71.68,71.68,134.0
2024-11-08,22:00:00,72.07,72.15,71.97,72.06,11.0
2024-11-08,23:00:00,71.78,72.41,71.78,72.36,18.0
2024-11-09,00:00:00,72.39,72.39,71.88,71.88,5.0
2024-11-11,15:00:00,71.69,71.89,71.69,71.83,3.0
2024-11-11,16:00:00,71.9,71.9,71.9,71.9,3.0
2024-11-11,18:00:00,72.37,72.37,72.04,72.04,38.0
2024-11-11,19:00:00,72.17,72.2,72.17,72.2,17.0
2024-11-11,20:00:00,71.8,71.93,71.8,71.91,8.0
2024-11-11,21:00:00,72.15,72.26,72.14,72.18,20.0
2024-11-11,22:00:00,72.02,72.02,71.96,71.96,41.0
2024-11-12,00:00:00,71.56,71.71,71.56,71.65,3.0
2024-11-12,16:00:00,70.42,70.42,70.35,70.35,6.0
2024-11-12,17:00:00,70.11,70.58,70.11,70.58,11.0
2024-11-12,18:00:00,70.33,70.92,70.33,70.88,25.0
2024-11-12,19:00:00,70.9,71.3,70.9,71.27,51.0
2024-11-12,20:00:00,71.29,71.29,71.13,71.28,34.0
2024-11-12,21:00:00,71.08,71.08,71.08,71.08,1.0
2024-11-12,22:00:00,71.43,71.43,71.43,71.43,1.0
2024-11-12,23:00:00,71.44,71.82,71.43,71.78,27.0
2024-11-13,00:00:00,71.77,71.77,71.24,71.26,24.0
2024-11-13,16:00:00,70.47,70.47,70.0,70.19,78.0
2024-11-13,17:00:00,70.58,70.72,70.33,70.33,15.0
2024-11-13,18:00:00,70.26,71.16,70.04,70.67,56.0
2024-11-13,19:00:00,70.8,70.88,70.35,70.36,28.0
2024-11-13,20:00:00,70.42,70.43,69.7,69.7,54.0
2024-11-13,21:00:00,69.73,69.94,69.66,69.66,39.0
2024-11-13,22:00:00,69.66,70.07,69.66,69.94,32.0
2024-11-13,23:00:00,70.19,70.43,69.98,70.32,56.0
2024-11-14,00:00:00,70.3,70.46,70.3,70.46,16.0
2024-11-14,16:00:00,71.59,71.59,71.59,71.59,11.0
2024-11-14,18:00:00,71.78,71.78,71.77,71.77,2.0
2024-11-14,20:00:00,71.76,71.95,71.76,71.87,3.0
2024-11-14,22:00:00,72.15,72.17,72.05,72.05,10.0
2024-11-14,23:00:00,71.98,72.17,71.91,72.11,14.0
2024-11-15,00:00:00,72.11,72.58,72.11,72.52,51.0
2024-11-15,17:00:00,72.06,72.06,72.06,72.06,7.0
2024-11-15,18:00:00,71.03,71.39,71.03,71.37,22.0
2024-11-15,19:00:00,71.49,71.49,71.49,71.49,1.0
2024-11-15,21:00:00,71.34,71.34,71.09,71.09,6.0
2024-11-15,22:00:00,71.62,72.5,71.62,72.5,34.0
2024-11-15,23:00:00,72.06,72.19,71.86,72.16,31.0
2024-11-16,00:00:00,72.15,72.16,71.69,71.69,8.0
2024-11-18,17:00:00,72.4,72.4,72.15,72.15,13.0
2024-11-18,18:00:00,72.56,73.8,72.56,73.45,61.0
2024-11-18,20:00:00,73.2,73.2,73.2,73.2,1.0
2024-11-18,21:00:00,73.47,74.26,73.38,74.15,38.0
2024-11-18,22:00:00,74.15,74.29,73.89,73.92,10.0
2024-11-18,23:00:00,73.94,74.04,73.94,74.04,10.0
2024-11-19,00:00:00,73.84,73.84,73.55,73.56,5.0
2024-11-19,15:00:00,73.66,73.66,73.66,73.66,3.0
2024-11-19,16:00:00,73.3,73.59,73.3,73.5,12.0
2024-11-19,17:00:00,73.39,73.77,73.25,73.76,41.0
2024-11-19,18:00:00,73.45,73.63,73.45,73.54,45.0
2024-11-19,19:00:00,73.65,73.65,73.65,73.65,13.0
2024-11-19,20:00:00,73.13,73.13,72.56,72.88,19.0
2024-11-19,21:00:00,73.03,73.04,72.72,72.74,120.0
2024-11-19,22:00:00,72.87,72.9,72.7,72.7,13.0
2024-11-19,23:00:00,72.55,72.55,72.55,72.55,2.0
2024-11-20,00:00:00,72.43,72.74,72.43,72.68,25.0
2024-11-20,15:00:00,72.44,72.44,72.39,72.4,7.0
2024-11-20,16:00:00,72.86,72.86,72.52,72.52,13.0
2024-11-20,17:00:00,72.67,72.67,72.4,72.51,33.0
2024-11-20,18:00:00,72.72,73.01,72.72,72.85,36.0
2024-11-20,19:00:00,72.76,73.18,72.69,73.15,22.0
2024-11-20,20:00:00,73.18,73.19,72.63,72.63,58.0
2024-11-20,21:00:00,72.65,72.97,72.62,72.83,39.0
2024-11-20,22:00:00,72.98,73.48,72.98,73.46,9.0
2024-11-20,23:00:00,73.3,73.35,72.79,72.79,50.0
2024-11-21,00:00:00,72.72,72.72,72.72,72.72,6.0
2024-11-21,15:00:00,72.87,72.87,72.74,72.74,2.0
2024-11-21,17:00:00,73.62,73.79,73.62,73.79,22.0
2024-11-21,18:00:00,73.67,74.55,73.66,74.26,52.0
2024-11-21,19:00:00,74.41,74.41,74.41,74.41,1.0
2024-11-21,20:00:00,74.14,74.32,74.13,74.26,8.0
2024-11-21,21:00:00,74.51,74.91,74.5,74.91,40.0
2024-11-21,22:00:00,75.01,75.01,74.54,74.54,32.0
2024-11-21,23:00:00,74.45,74.54,74.12,74.54,75.0
2024-11-22,00:00:00,74.56,75.01,74.26,74.99,87.0
2024-11-22,15:00:00,74.6,74.6,74.14,74.14,35.0
2024-11-22,16:00:00,74.17,74.17,73.8,73.96,33.0
2024-11-22,17:00:00,74.08,74.2,73.95,74.15,35.0
2024-11-22,18:00:00,74.04,74.04,74.04,74.04,10.0
2024-11-22,19:00:00,73.97,73.97,73.56,73.58,14.0
2024-11-22,20:00:00,73.99,74.07,73.99,74.0,79.0
2024-11-22,21:00:00,74.11,74.11,73.68,73.7,70.0
2024-11-22,22:00:00,73.7,73.7,73.5,73.64,115.0
2024-11-22,23:00:00,73.57,73.59,73.4,73.44,206.0
2024-11-23,00:00:00,73.36,73.58,73.35,73.42,37.0
2024-11-25,19:00:00,74.8,74.8,74.8,74.8,6.0
2024-11-25,20:00:00,74.81,75.37,74.78,75.37,31.0
2024-11-25,21:00:00,75.32,75.7,75.04,75.04,16.0
2024-11-25,22:00:00,75.1,75.1,74.62,74.62,38.0
2024-11-25,23:00:00,74.55,74.55,74.54,74.54,21.0
2024-11-26,00:00:00,74.14,74.23,74.05,74.17,15.0
2024-11-26,15:00:00,73.55,73.55,73.4,73.51,5.0
2024-11-26,16:00:00,73.02,73.35,73.02,73.35,6.0
2024-11-26,17:00:00,73.6,73.95,73.6,73.8,17.0
2024-11-26,18:00:00,73.83,73.83,73.6,73.6,9.0
2024-11-26,19:00:00,73.39,73.39,72.9,73.28,28.0
2024-11-26,20:00:00,73.13,73.15,73.13,73.15,6.0
2024-11-26,21:00:00,73.17,73.44,73.02,73.44,35.0
2024-11-26,22:00:00,73.32,73.48,73.07,73.07,36.0
2024-11-26,23:00:00,73.03,73.3,72.56,73.25,72.0
2024-11-27,00:00:00,73.25,73.5,73.07,73.15,55.0
2024-11-27,15:00:00,73.25,73.28,73.08,73.08,10.0
2024-11-27,16:00:00,72.72,72.93,72.71,72.93,13.0
2024-11-27,17:00:00,72.54,72.54,72.13,72.24,14.0
2024-11-27,18:00:00,72.52,72.52,72.2,72.2,11.0
2024-11-27,19:00:00,72.28,72.55,72.25,72.55,4.0
2024-11-27,20:00:00,72.56,72.77,72.55,72.55,27.0
2024-11-27,21:00:00,72.27,72.27,72.27,72.27,1.0
2024-11-27,22:00:00,72.0,72.0,72.0,72.0,1.0
2024-11-27,23:00:00,72.58,72.8,72.58,72.8,24.0
2024-11-28,00:00:00,72.72,72.72,72.53,72.55,9.0
2024-11-28,15:00:00,72.56,72.87,72.56,72.87,5.0
2024-11-28,16:00:00,72.7,72.7,72.7,72.7,1.0
2024-11-28,17:00:00,72.54,72.54,72.54,72.54,1.0
2024-11-28,18:00:00,72.67,72.67,72.54,72.6,21.0
2024-11-28,20:00:00,72.02,72.11,71.84,71.84,17.0
2024-11-28,21:00:00,71.87,72.41,71.87,72.39,36.0
2024-11-28,22:00:00,72.31,72.31,71.85,71.85,10.0
2024-11-28,23:00:00,71.9,71.91,71.89,71.89,42.0
2024-11-29,00:00:00,71.86,72.13,71.76,72.08,47.0
2024-11-29,15:00:00,71.78,71.79,71.78,71.79,5.0
2024-11-29,16:00:00,71.87,71.87,71.87,71.87,11.0
2024-11-29,17:00:00,71.92,71.92,71.74,71.74,20.0
2024-11-29,18:00:00,71.75,71.79,71.37,71.37,33.0
2024-11-29,19:00:00,71.5,71.65,71.5,71.65,7.0
2024-11-29,20:00:00,72.33,72.36,72.33,72.36,3.0
2024-11-29,21:00:00,72.42,72.42,72.03,72.15,14.0
2024-11-29,22:00:00,72.18,72.26,72.04,72.04,11.0
2024-11-29,23:00:00,72.28,72.53,72.19,72.47,29.0
2024-11-30,00:00:00,72.58,72.67,72.47,72.49,60.0
2024-12-02,15:00:00,73.26,73.68,73.1,73.68,19.0
2024-12-02,16:00:00,73.84,73.95,73.75,73.9,14.0
2024-12-02,17:00:00,73.86,74.29,73.52,73.53,128.0
2024-12-02,18:00:00,73.61,73.84,73.49,73.49,36.0
2024-12-02,19:00:00,73.54,73.54,73.13,73.15,17.0
2024-12-02,20:00:00,73.14,73.27,72.52,72.53,68.0
2024-12-02,21:00:00,72.61,72.77,72.39,72.41,76.0
2024-12-02,22:00:00,72.35,72.68,72.26,72.68,31.0
2024-12-02,23:00:00,72.54,73.01,72.54,72.75,42.0
2024-12-03,00:00:00,72.8,73.08,72.67,72.69,33.0
2024-12-03,16:00:00,72.48,72.64,72.2,72.25,12.0
2024-12-03,17:00:00,72.38,72.38,72.26,72.28,14.0
2024-12-03,18:00:00,72.5,72.73,72.5,72.5,24.0
2024-12-03,19:00:00,72.54,72.73,72.54,72.73,9.0
2024-12-03,20:00:00,72.85,73.0,72.85,73.0,15.0
2024-12-03,21:00:00,73.08,73.08,73.01,73.03,9.0
2024-12-03,22:00:00,73.03,73.03,72.81,72.85,16.0
2024-12-03,23:00:00,73.05,73.32,72.6,72.6,37.0
2024-12-04,00:00:00,72.7,72.7,72.26,72.33,19.0
2024-12-04,15:00:00,71.94,72.21,71.94,72.21,5.0
2024-12-04,16:00:00,71.95,72.18,71.95,72.18,3.0
2024-12-04,17:00:00,71.91,72.14,71.91,72.01,9.0
2024-12-04,18:00:00,71.68,71.75,71.68,71.7,15.0
2024-12-04,19:00:00,71.62,71.79,71.59,71.59,16.0
2024-12-04,20:00:00,71.6,71.62,71.4,71.55,27.0
2024-12-04,21:00:00,71.7,72.08,71.7,72.08,7.0
2024-12-04,22:00:00,71.9,71.91,71.64,71.71,56.0
2024-12-04,23:00:00,71.75,71.92,71.55,71.89,18.0
2024-12-05,00:00:00,71.92,72.06,71.92,71.97,3.0
2024-12-05,15:00:00,72.27,72.28,72.23,72.28,5.0
2024-12-05,17:00:00,71.83,71.83,71.64,71.64,7.0
2024-12-05,18:00:00,71.76,71.8,71.64,71.72,15.0
2024-12-05,19:00:00,71.63,72.02,71.63,71.67,8.0
2024-12-05,20:00:00,72.0,72.0,72.0,72.0,3.0
2024-12-05,21:00:00,71.99,72.05,71.85,71.99,27.0
2024-12-05,22:00:00,71.91,71.91,71.35,71.53,171.0
2024-12-05,23:00:00,71.48,71.48,70.99,71.44,29.0
2024-12-06,00:00:00,71.43,71.48,71.19,71.41,11.0
2024-12-06,15:00:00,71.2,71.24,71.2,71.24,2.0
2024-12-06,16:00:00,71.3,71.3,71.3,71.3,7.0
2024-12-06,17:00:00,71.52,71.56,71.27,71.48,6.0
2024-12-06,18:00:00,71.41,71.51,71.41,71.51,6.0
2024-12-06,20:00:00,71.35,71.35,71.35,71.35,3.0
2024-12-06,21:00:00,71.35,71.57,71.34,71.47,36.0
2024-12-06,22:00:00,71.36,71.41,71.23,71.3,151.0
2024-12-06,23:00:00,71.31,72.02,71.27,72.02,127.0
2024-12-07,00:00:00,72.02,72.78,72.02,72.78,22.0
2024-12-09,15:00:00,72.69,72.69,72.45,72.45,5.0
2024-12-09,17:00:00,71.74,71.83,71.74,71.83,8.0
2024-12-09,18:00:00,71.85,71.85,71.55,71.55,5.0
2024-12-09,19:00:00,71.35,71.35,71.35,71.35,9.0
2024-12-09,20:00:00,71.51,71.51,71.51,71.51,1.0
2024-12-09,21:00:00,71.26,71.41,71.26,71.41,15.0
2024-12-09,22:00:00,71.22,71.22,70.11,70.51,23.0
2024-12-09,23:00:00,70.5,70.66,70.31,70.31,7.0
2024-12-10,00:00:00,70.27,70.65,70.27,70.65,16.0
2024-12-10,15:00:00,70.2,70.63,70.2,70.63,9.0
2024-12-10,16:00:00,70.8,71.16,70.8,71.04,26.0
2024-12-10,18:00:00,71.2,71.22,70.54,70.75,30.0
2024-12-10,19:00:00,70.76,70.86,70.76,70.8,10.0
2024-12-10,20:00:00,70.79,71.89,70.75,71.88,71.0
2024-12-10,21:00:00,71.85,72.11,71.8,71.87,13.0
2024-12-10,22:00:00,72.05,72.54,72.05,72.54,52.0
2024-12-10,23:00:00,72.55,72.8,72.08,72.1,86.0
2024-12-11,00:00:00,72.14,72.65,72.14,72.59,77.0
2024-12-11,15:00:00,72.3,72.3,71.99,71.99,5.0
2024-12-11,16:00:00,72.61,73.09,72.61,73.07,8.0
2024-12-11,17:00:00,73.37,73.49,72.61,73.49,27.0
2024-12-11,18:00:00,73.51,73.51,73.08,73.25,9.0
2024-12-11,19:00:00,73.43,73.52,73.21,73.22,9.0
2024-12-11,20:00:00,73.22,73.22,73.18,73.18,2.0
2024-12-11,21:00:00,72.39,72.67,72.39,72.65,4.0
2024-12-11,22:00:00,72.65,72.65,72.64,72.65,20.0
2024-12-11,23:00:00,72.5,72.7,72.5,72.55,8.0
2024-12-12,00:00:00,72.71,72.71,72.71,72.71,1.0
2024-12-12,15:00:00,72.81,72.81,72.29,72.29,6.0
2024-12-12,17:00:00,72.4,72.4,72.02,72.02,19.0
2024-12-12,18:00:00,72.0,72.0,71.54,71.58,16.0
2024-12-12,19:00:00,71.66,71.88,71.66,71.88,5.0
2024-12-12,20:00:00,71.5,71.5,71.11,71.11,44.0
2024-12-12,21:00:00,70.93,70.98,70.53,70.53,58.0
2024-12-12,22:00:00,70.49,70.52,70.13,70.43,82.0
2024-12-12,23:00:00,70.41,70.41,69.91,70.07,49.0
2024-12-13,00:00:00,70.26,70.26,69.67,69.73,16.0
2024-12-13,15:00:00,69.76,70.07,69.76,69.9,9.0
2024-12-13,16:00:00,70.12,70.52,70.12,70.52,13.0
2024-12-13,17:00:00,70.56,70.68,70.31,70.48,27.0
2024-12-13,18:00:00,70.33,70.34,70.08,70.33,84.0
2024-12-13,19:00:00,70.33,70.42,70.05,70.05,50.0
2024-12-13,20:00:00,70.14,70.2,70.14,70.2,2.0
2024-12-13,21:00:00,70.12,70.12,68.76,68.76,66.0
2024-12-13,22:00:00,69.2,69.33,68.66,69.16,77.0
2024-12-13,23:00:00,69.2,69.2,68.31,68.69,70.0
2024-12-14,00:00:00,68.69,68.78,68.35,68.51,75.0
2024-12-16,15:00:00,68.0,68.3,67.22,67.79,121.0
2024-12-16,16:00:00,67.71,67.94,67.4,67.69,128.0
2024-12-16,17:00:00,67.83,68.03,67.66,67.8,49.0
2024-12-16,18:00:00,67.96,67.96,67.14,67.39,40.0
2024-12-16,19:00:00,67.3,67.39,67.22,67.27,27.0
2024-12-16,20:00:00,67.36,67.63,67.19,67.19,29.0
2024-12-16,21:00:00,67.11,67.26,66.68,67.19,112.0
2024-12-16,22:00:00,67.3,67.51,67.11,67.2,81.0
2024-12-16,23:00:00,67.18,67.58,67.17,67.44,82.0
2024-12-17,00:00:00,67.34,67.34,66.96,67.08,126.0
2024-12-17,15:00:00,66.99,67.68,66.99,67.49,46.0
2024-12-17,16:00:00,67.32,67.53,67.1,67.29,78.0
2024-12-17,17:00:00,67.19,67.46,67.19,67.46,60.0
2024-12-17,18:00:00,67.45,67.46,67.15,67.15,122.0
2024-12-17,19:00:00,67.04,67.44,67.02,67.26,68.0
2024-12-17,20:00:00,67.38,67.81,67.26,67.26,141.0
2024-12-17,21:00:00,67.24,67.34,67.15,67.23,72.0
2024-12-17,22:00:00,67.24,67.39,66.03,66.18,134.0
2024-12-17,23:00:00,66.2,66.75,66.2,66.24,73.0
2024-12-18,00:00:00,66.16,66.68,66.13,66.66,69.0
2024-12-18,15:00:00,66.58,66.77,66.22,66.39,24.0
2024-12-18,16:00:00,66.32,66.81,66.11,66.32,68.0
2024-12-18,17:00:00,66.29,67.0,66.25,66.99,145.0
2024-12-18,18:00:00,66.95,66.95,66.61,66.87,83.0
2024-12-18,19:00:00,66.86,67.36,66.66,67.35,120.0
2024-12-18,20:00:00,67.33,67.52,67.2,67.32,116.0
2024-12-18,21:00:00,67.33,67.65,67.33,67.37,107.0
2024-12-18,22:00:00,67.35,67.53,66.97,67.04,155.0
2024-12-18,23:00:00,67.0,67.06,66.65,66.75,122.0
2024-12-19,00:00:00,66.75,66.8,66.63,66.72,99.0
2024-12-19,15:00:00,66.72,67.42,66.72,67.12,83.0
2024-12-19,16:00:00,67.16,67.16,66.65,66.94,51.0
2024-12-19,17:00:00,67.04,67.29,66.78,67.06,137.0
2024-12-19,18:00:00,67.25,67.5,67.05,67.39,122.0
2024-12-19,19:00:00,67.42,68.76,67.42,68.76,243.0
2024-12-19,20:00:00,68.93,69.37,68.93,69.3,56.0
2024-12-19,21:00:00,69.5,69.73,68.99,68.99,34.0
2024-12-19,22:00:00,69.23,69.8,69.0,69.62,70.0
2024-12-19,23:00:00,69.75,69.95,69.34,69.37,102.0
2024-12-20,00:00:00,69.35,69.9,69.33,69.77,92.0
2024-12-20,15:00:00,69.99,70.54,69.99,70.4,19.0
2024-12-20,16:00:00,70.13,70.18,70.04,70.18,26.0
2024-12-20,17:00:00,69.9,69.9,69.75,69.83,7.0
2024-12-20,18:00:00,69.96,70.1,69.96,69.98,13.0
2024-12-20,19:00:00,69.97,69.97,69.66,69.74,4.0
2024-12-20,20:00:00,69.9,69.9,69.86,69.88,15.0
2024-12-20,21:00:00,69.81,69.82,69.59,69.67,17.0
2024-12-20,22:00:00,69.84,69.86,69.4,69.54,34.0
2024-12-20,23:00:00,69.83,70.18,69.83,70.16,20.0
2024-12-21,00:00:00,70.23,70.24,69.57,69.6,59.0
2024-12-23,15:00:00,69.59,70.17,69.59,69.99,10.0
2024-12-23,16:00:00,69.94,70.15,69.84,70.15,23.0
2024-12-23,17:00:00,70.01,70.95,69.94,70.95,45.0
2024-12-23,18:00:00,71.08,71.61,71.0,71.43,258.0
2024-12-23,19:00:00,71.52,72.15,71.52,72.06,60.0
2024-12-23,20:00:00,72.04,72.14,71.76,71.95,29.0
2024-12-23,21:00:00,71.96,72.02,71.53,71.69,275.0
2024-12-23,22:00:00,71.81,71.98,71.74,71.74,57.0
2024-12-23,23:00:00,71.64,71.85,71.4,71.75,37.0
2024-12-24,00:00:00,71.67,71.77,71.47,71.74,10.0
2024-12-24,15:00:00,71.55,71.97,71.55,71.97,13.0
2024-12-24,16:00:00,71.62,71.94,71.62,71.94,11.0
2024-12-24,17:00:00,71.87,71.87,71.51,71.52,14.0
2024-12-24,18:00:00,71.16,71.75,71.16,71.61,13.0
2024-12-24,19:00:00,71.6,71.6,71.31,71.34,100.0
2024-12-24,20:00:00,71.41,71.46,71.4,71.44,5.0
2024-12-27,15:00:00,71.74,72.9,71.74,72.77,42.0
2024-12-27,16:00:00,72.85,72.85,72.17,72.17,84.0
2024-12-27,17:00:00,72.41,72.95,72.41,72.81,65.0
2024-12-27,18:00:00,72.81,73.05,72.76,72.81,56.0
2024-12-27,19:00:00,72.91,72.91,72.67,72.75,15.0
2024-12-27,20:00:00,72.48,72.75,72.32,72.75,6.0
2024-12-27,21:00:00,72.69,73.11,72.69,72.87,49.0
2024-12-27,22:00:00,72.92,73.43,72.91,73.4,95.0
2024-12-27,23:00:00,73.53,73.7,72.9,73.48,115.0
2024-12-28,00:00:00,73.5,73.83,73.5,73.75,75.0
2024-12-30,15:00:00,73.91,73.91,72.53,72.62,39.0
2024-12-30,16:00:00,72.74,73.27,72.74,73.08,37.0
2024-12-30,17:00:00,73.16,73.57,73.16,73.43,108.0
2024-12-30,18:00:00,73.33,73.42,73.24,73.31,95.0
2024-12-30,19:00:00,73.36,73.46,73.25,73.46,24.0
2024-12-30,20:00:00,73.47,73.57,73.33,73.43,38.0
2024-12-30,21:00:00,73.38,73.47,73.16,73.34,155.0
2024-12-30,22:00:00,73.38,73.62,73.23,73.62,97.0
2024-12-30,23:00:00,73.62,73.85,73.62,73.85,33.0
2024-12-31,00:00:00,73.93,74.12,73.92,74.05,84.0
2024-12-31,15:00:00,74.18,74.18,73.94,73.94,16.0
2024-12-31,16:00:00,74.23,74.61,74.23,74.61,26.0
2024-12-31,17:00:00,74.69,75.35,74.69,75.33,58.0
2024-12-31,18:00:00,75.33,75.51,75.09,75.46,68.0
2024-12-31,19:00:00,75.44,75.7,75.05,75.05,81.0
2024-12-31,20:00:00,75.05,75.3,74.63,75.12,69.0
2025-01-02,15:00:00,75.79,75.84,75.17,75.5,135.0
2025-01-02,16:00:00,75.66,76.05,75.22,75.24,119.0
2025-01-02,17:00:00,75.24,75.24,74.12,74.98,358.0
2025-01-02,18:00:00,75.0,75.5,74.75,75.5,40.0
2025-01-02,19:00:00,75.55,76.1,75.55,75.79,87.0
2025-01-02,20:00:00,75.73,76.57,75.72,76.57,78.0
2025-01-02,21:00:00,76.46,76.99,76.33,76.76,89.0
2025-01-02,22:00:00,76.78,77.13,76.77,77.05,90.0
2025-01-02,23:00:00,77.14,77.46,76.69,77.14,133.0
2025-01-03,00:00:00,77.23,77.41,76.9,77.02,145.0
2025-01-03,15:00:00,77.13,77.6,77.02,77.36,45.0
2025-01-03,16:00:00,77.62,77.62,77.07,77.19,75.0
2025-01-03,17:00:00,77.16,77.74,77.16,77.66,55.0
2025-01-03,18:00:00,77.63,78.03,77.46,77.89,58.0
2025-01-03,19:00:00,77.96,77.96,77.87,77.88,10.0
2025-01-03,20:00:00,78.09,78.09,77.12,77.83,130.0
2025-01-03,21:00:00,77.94,78.4,77.94,78.21,43.0
2025-01-03,22:00:00,78.23,78.52,77.94,78.1,191.0
2025-01-03,23:00:00,78.01,78.27,77.93,78.18,167.0
2025-01-04,00:00:00,78.14,78.43,78.1,78.34,161.0
2025-01-06,15:00:00,78.07,78.07,77.03,77.24,114.0
2025-01-06,16:00:00,77.3,77.62,76.96,77.3,138.0
2025-01-06,17:00:00,77.18,77.18,76.51,76.84,208.0
2025-01-06,18:00:00,76.98,77.22,76.84,76.9,89.0
2025-01-06,19:00:00,76.84,76.98,76.08,76.25,191.0
2025-01-06,20:00:00,76.19,76.47,76.04,76.36,102.0
2025-01-06,21:00:00,76.25,76.71,76.25,76.66,26.0
2025-01-06,22:00:00,76.73,76.82,76.67,76.75,27.0
2025-01-06,23:00:00,76.72,76.88,76.38,76.43,127.0
2025-01-07,00:00:00,76.5,76.69,76.34,76.43,112.0
2025-01-07,15:00:00,76.42,76.64,75.98,76.43,75.0
2025-01-07,16:00:00,76.39,77.16,75.92,75.92,65.0
2025-01-07,17:00:00,76.02,76.12,75.44,75.45,155.0
2025-01-07,18:00:00,75.48,75.69,75.2,75.69,69.0
2025-01-07,19:00:00,75.73,75.93,75.5,75.77,81.0
2025-01-07,20:00:00,75.7,75.71,75.33,75.33,11.0
2025-01-07,21:00:00,75.38,75.75,75.38,75.52,44.0
2025-01-07,22:00:00,75.39,75.95,75.39,75.95,47.0
2025-01-07,23:00:00,75.92,76.53,75.75,76.51,56.0
2025-01-08,00:00:00,76.47,76.62,76.07,76.42,154.0
2025-01-08,15:00:00,76.74,76.74,75.75,75.82,70.0
2025-01-08,16:00:00,75.95,76.13,75.59,75.64,51.0
2025-01-08,17:00:00,75.51,75.77,75.37,75.51,36.0
2025-01-08,18:00:00,75.5,75.79,75.23,75.57,127.0
2025-01-08,19:00:00,75.43,75.43,74.24,74.6,148.0
2025-01-08,20:00:00,74.66,74.72,74.22,74.27,98.0
2025-01-08,21:00:00,74.24,74.59,74.09,74.55,152.0
2025-01-08,22:00:00,74.66,75.03,74.64,74.71,175.0
2025-01-08,23:00:00,74.77,74.92,74.45,74.47,88.0
2025-01-09,00:00:00,74.58,74.58,74.26,74.45,33.0
2025-01-09,15:00:00,74.22,74.72,74.22,74.45,63.0
2025-01-09,16:00:00,74.55,74.7,74.0,74.0,66.0
2025-01-09,17:00:00,74.11,74.5,74.09,74.31,35.0
2025-01-09,18:00:00,74.26,74.26,73.7,74.06,40.0
2025-01-09,19:00:00,74.02,74.7,73.97,74.49,36.0
2025-01-09,20:00:00,74.55,74.98,74.55,74.79,36.0
2025-01-09,21:00:00,74.82,75.23,74.74,74.74,116.0
2025-01-09,22:00:00,74.76,74.77,74.46,74.68,28.0
2025-01-09,23:00:00,74.62,75.87,74.62,75.75,109.0
2025-01-10,00:00:00,75.76,75.81,75.54,75.65,43.0
2025-01-10,15:00:00,75.42,75.66,74.99,75.11,38.0
2025-01-10,16:00:00,75.14,75.32,74.98,75.26,16.0
2025-01-10,17:00:00,75.29,75.33,74.55,74.78,65.0
2025-01-10,18:00:00,74.8,75.14,74.78,75.02,38.0
2025-01-10,19:00:00,75.35,75.64,75.35,75.64,47.0
2025-01-10,20:00:00,75.6,75.7,75.45,75.7,87.0
2025-01-10,21:00:00,75.67,76.44,75.63,76.25,72.0
2025-01-10,22:00:00,76.1,76.86,76.01,76.85,77.0
2025-01-10,23:00:00,76.7,77.42,76.63,77.16,132.0
2025-01-11,00:00:00,77.19,77.2,77.07,77.17,58.0
2025-01-13,15:00:00,78.03,78.55,77.85,77.85,94.0
2025-01-13,16:00:00,77.99,79.25,77.99,79.18,114.0
2025-01-13,17:00:00,79.09,79.2,78.74,78.93,90.0
2025-01-13,18:00:00,78.93,79.04,78.63,78.79,24.0
2025-01-13,19:00:00,78.83,79.17,78.59,78.62,82.0
2025-01-13,20:00:00,78.72,78.73,78.5,78.73,39.0
2025-01-13,21:00:00,78.75,78.75,78.34,78.46,45.0
2025-01-13,22:00:00,78.48,79.17,78.38,79.16,55.0
2025-01-13,23:00:00,79.0,79.53,78.67,79.52,142.0
2025-01-14,00:00:00,79.44,79.49,79.1,79.24,158.0
2025-01-14,15:00:00,79.51,79.57,78.94,78.94,30.0
2025-01-14,16:00:00,79.11,79.32,78.52,78.52,34.0
2025-01-14,17:00:00,78.71,79.07,78.62,79.01,36.0
2025-01-14,18:00:00,78.98,79.32,78.98,79.29,18.0
2025-01-14,19:00:00,79.47,79.51,78.82,78.82,11.0
2025-01-14,20:00:00,78.9,78.94,78.79,78.82,35.0
2025-01-14,21:00:00,78.7,78.82,78.34,78.34,45.0
2025-01-14,22:00:00,78.31,78.53,78.11,78.46,47.0
2025-01-14,23:00:00,78.62,79.16,78.52,79.16,70.0
2025-01-15,00:00:00,79.21,79.53,79.21,79.48,162.0
2025-01-15,15:00:00,79.6,80.6,79.6,80.3,133.0
2025-01-15,16:00:00,80.58,80.63,79.84,80.39,84.0
2025-01-15,17:00:00,80.43,80.69,80.16,80.32,35.0
2025-01-15,18:00:00,80.4,80.68,80.32,80.68,36.0
2025-01-15,19:00:00,80.55,81.28,80.55,80.91,53.0
2025-01-15,20:00:00,80.7,80.88,80.41,80.81,91.0
2025-01-15,21:00:00,80.82,81.08,80.73,80.98,29.0
2025-01-15,22:00:00,81.0,81.21,80.26,80.3,193.0
2025-01-15,23:00:00,80.22,80.34,79.71,79.99,166.0
2025-01-16,00:00:00,80.04,80.83,79.93,80.78,129.0
2025-01-16,15:00:00,80.14,80.23,79.59,79.85,90.0
2025-01-16,16:00:00,80.14,80.43,79.86,80.21,46.0
2025-01-16,17:00:00,80.31,80.65,80.19,80.19,21.0
2025-01-16,18:00:00,80.61,81.1,80.6,80.6,112.0
2025-01-16,19:00:00,80.67,80.67,79.85,80.04,67.0
2025-01-16,20:00:00,79.91,80.53,79.91,79.95,46.0
2025-01-16,21:00:00,80.21,80.42,80.21,80.31,34.0
2025-01-16,22:00:00,80.28,80.37,79.93,79.93,121.0
2025-01-16,23:00:00,79.9,80.77,79.9,80.6,57.0
2025-01-17,00:00:00,80.64,80.72,80.24,80.44,49.0
2025-01-17,15:00:00,80.29,80.61,80.18,80.26,56.0
2025-01-17,16:00:00,80.61,81.63,80.37,81.44,85.0
2025-01-17,17:00:00,81.42,82.14,81.42,82.03,148.0
2025-01-17,18:00:00,82.09,82.2,81.73,81.98,76.0
2025-01-17,19:00:00,81.99,82.59,81.99,82.4,79.0
2025-01-17,20:00:00,82.39,82.75,82.39,82.56,13.0
2025-01-17,21:00:00,82.68,82.84,82.04,82.59,77.0
2025-01-17,22:00:00,82.59,82.59,81.45,81.75,166.0
2025-01-17,23:00:00,81.7,82.0,81.62,81.64,65.0
2025-01-18,00:00:00,81.56,82.06,81.54,82.04,36.0
2025-01-20,15:00:00,81.28,81.76,80.99,81.35,53.0
2025-01-20,16:00:00,81.35,81.54,81.08,81.22,57.0
2025-01-20,17:00:00,81.14,81.4,80.91,81.12,39.0
2025-01-20,18:00:00,81.03,81.19,80.84,81.09,213.0
2025-01-20,19:00:00,81.09,81.73,80.87,81.73,87.0
2025-01-20,20:00:00,81.69,82.83,81.69,82.37,109.0
2025-01-20,21:00:00,82.42,82.55,81.67,82.0,159.0
2025-01-20,22:00:00,81.91,82.53,81.78,82.37,62.0
2025-01-20,23:00:00,82.3,82.3,81.99,82.09,17.0
2025-01-21,00:00:00,82.25,82.41,82.21,82.3,19.0
2025-01-21,15:00:00,82.46,82.58,82.14,82.52,71.0
2025-01-21,16:00:00,82.6,82.76,81.69,82.06,246.0
2025-01-21,17:00:00,82.05,82.15,81.75,81.91,167.0
2025-01-21,18:00:00,81.96,82.0,81.28,81.28,161.0
2025-01-21,19:00:00,81.29,81.29,80.89,81.03,62.0
2025-01-21,20:00:00,80.93,81.22,80.22,80.61,107.0
2025-01-21,21:00:00,80.57,81.14,80.57,80.97,48.0
2025-01-21,22:00:00,80.95,82.05,80.76,81.86,92.0
2025-01-21,23:00:00,81.83,82.29,81.79,82.24,117.0
2025-01-22,00:00:00,82.29,82.71,82.14,82.33,73.0
2025-01-22,15:00:00,82.12,82.31,81.64,82.16,112.0
2025-01-22,16:00:00,82.19,82.35,81.16,81.42,110.0
2025-01-22,17:00:00,81.24,81.43,81.1,81.42,72.0
2025-01-22,18:00:00,81.32,81.76,81.1,81.56,121.0
2025-01-22,19:00:00,81.62,81.71,81.53,81.53,21.0
2025-01-22,20:00:00,81.63,81.83,81.63,81.7,22.0
2025-01-22,21:00:00,81.63,81.63,80.89,81.06,76.0
2025-01-22,22:00:00,81.08,81.49,80.93,80.97,99.0
2025-01-22,23:00:00,80.94,81.43,80.94,81.04,94.0
2025-01-23,00:00:00,81.04,81.54,80.86,81.5,128.0
2025-01-23,15:00:00,81.65,83.45,81.64,83.08,108.0
2025-01-23,16:00:00,83.31,84.05,82.99,83.9,162.0
2025-01-23,17:00:00,84.01,84.15,83.62,83.81,186.0
2025-01-23,18:00:00,83.83,84.13,83.55,83.97,94.0
2025-01-23,19:00:00,83.86,84.16,83.56,84.16,43.0
2025-01-23,20:00:00,84.23,84.36,83.29,83.29,61.0
2025-01-23,21:00:00,83.54,83.71,83.22,83.46,71.0
2025-01-23,22:00:00,83.58,83.76,83.2,83.65,87.0
2025-01-23,23:00:00,83.42,83.56,83.12,83.32,99.0
2025-01-24,00:00:00,83.27,83.35,83.05,83.19,89.0
2025-01-24,15:00:00,83.56,83.68,83.15,83.15,63.0
2025-01-24,16:00:00,83.28,84.0,83.12,83.76,34.0
2025-01-24,17:00:00,83.57,83.6,82.99,83.09,89.0
2025-01-24,18:00:00,83.08,83.49,83.08,83.37,27.0
2025-01-24,19:00:00,83.35,83.6,83.34,83.41,68.0
2025-01-24,20:00:00,83.39,83.5,83.05,83.16,52.0
2025-01-24,21:00:00,83.14,83.14,82.33,82.8,188.0
2025-01-24,22:00:00,82.83,83.6,82.83,83.45,131.0
2025-01-24,23:00:00,83.51,84.07,83.26,83.82,67.0
2025-01-25,00:00:00,84.02,84.13,83.89,84.1,79.0
2025-01-27,15:00:00,83.84,83.84,82.99,83.56,127.0
2025-01-27,16:00:00,83.6,83.96,82.77,82.78,183.0
2025-01-27,17:00:00,82.8,83.07,82.27,82.38,95.0
2025-01-27,18:00:00,82.58,82.75,82.35,82.42,56.0
2025-01-27,19:00:00,82.37,82.37,81.68,81.83,94.0
2025-01-27,20:00:00,81.82,82.18,81.81,82.13,45.0
2025-01-27,21:00:00,82.19,82.19,81.76,81.82,104.0
2025-01-27,22:00:00,82.15,82.27,81.9,82.1,42.0
2025-01-27,23:00:00,81.93,82.04,81.77,81.79,21.0
2025-01-28,00:00:00,81.81,81.82,81.44,81.66,84.0
2025-01-28,15:00:00,81.84,81.85,80.74,81.24,194.0
2025-01-28,16:00:00,81.44,81.9,81.44,81.62,159.0
2025-01-28,17:00:00,81.7,81.81,81.27,81.27,117.0
2025-01-28,18:00:00,81.41,82.21,81.23,82.1,101.0
2025-01-28,19:00:00,82.1,82.12,81.66,82.0,43.0
2025-01-28,20:00:00,82.09,82.09,81.52,81.61,45.0
2025-01-28,21:00:00,81.81,81.92,81.54,81.57,106.0
2025-01-28,22:00:00,81.57,82.21,81.57,81.97,51.0
2025-01-28,23:00:00,81.82,83.2,81.62,82.73,178.0
2025-01-29,00:00:00,82.75,83.01,82.66,82.82,104.0
2025-01-29,15:00:00,83.68,84.31,83.44,83.79,136.0
2025-01-29,16:00:00,83.87,84.02,83.36,83.39,43.0
2025-01-29,17:00:00,83.61,83.81,83.52,83.81,75.0
2025-01-29,18:00:00,83.61,84.07,83.6,84.0,28.0
2025-01-29,19:00:00,83.95,84.27,83.95,84.01,36.0
2025-01-29,20:00:00,84.12,85.84,84.12,85.66,175.0
2025-01-29,21:00:00,85.71,85.77,85.21,85.24,118.0
2025-01-29,22:00:00,85.22,85.51,84.91,85.51,75.0
2025-01-29,23:00:00,85.35,85.78,85.21,85.55,26.0
2025-01-30,00:00:00,85.51,86.23,85.35,86.21,77.0
2025-01-30,15:00:00,85.64,85.84,85.05,85.14,64.0
2025-01-30,16:00:00,84.95,85.24,84.73,84.81,101.0
2025-01-30,17:00:00,84.83,86.43,84.81,86.35,146.0
2025-01-30,18:00:00,86.35,86.99,86.14,86.2,212.0
2025-01-30,19:00:00,86.17,86.17,85.76,86.03,54.0
2025-01-30,20:00:00,85.89,86.35,85.4,85.98,75.0
2025-01-30,21:00:00,85.65,86.03,85.54,85.6,49.0
2025-01-30,22:00:00,85.87,86.16,85.55,85.6,56.0
2025-01-30,23:00:00,85.67,85.69,84.95,85.02,94.0
2025-01-31,00:00:00,85.02,85.24,84.9,85.05,90.0
2025-01-31,15:00:00,85.65,85.89,85.15,85.89,89.0
2025-01-31,16:00:00,86.08,86.33,85.43,85.78,73.0
2025-01-31,17:00:00,85.54,85.57,85.23,85.57,136.0
2025-01-31,18:00:00,85.5,86.06,85.39,85.39,105.0
2025-01-31,19:00:00,85.36,85.8,85.36,85.78,104.0
2025-01-31,20:00:00,85.79,85.85,85.49,85.49,37.0
2025-01-31,21:00:00,85.5,86.18,85.47,86.12,49.0
2025-01-31,22:00:00,86.3,86.86,86.3,86.6,123.0
2025-01-31,23:00:00,86.54,86.82,85.98,86.15,141.0
2025-02-01,00:00:00,86.17,86.43,86.13,86.22,42.0
2025-02-03,15:00:00,86.49,86.49,84.74,84.78,233.0
2025-02-03,16:00:00,84.83,85.17,84.39,84.8,228.0
2025-02-03,17:00:00,84.76,85.37,84.76,84.87,85.0
2025-02-03,18:00:00,84.92,85.49,84.78,85.22,121.0
2025-02-03,19:00:00,85.4,85.49,84.6,84.6,109.0
2025-02-03,20:00:00,84.68,84.71,83.52,83.62,176.0
2025-02-03,21:00:00,83.55,83.6,82.98,83.44,129.0
2025-02-03,22:00:00,83.45,83.6,82.85,82.97,118.0
2025-02-03,23:00:00,82.97,83.38,82.38,82.88,206.0
2025-02-04,00:00:00,83.06,83.67,83.06,83.67,47.0
2025-02-04,15:00:00,83.42,83.42,82.72,82.87,110.0
2025-02-04,16:00:00,83.11,83.11,81.99,82.8,76.0
2025-02-04,17:00:00,82.88,83.55,82.87,83.29,81.0
2025-02-04,18:00:00,83.29,83.3,81.72,81.72,220.0
2025-02-04,19:00:00,81.78,83.1,81.78,83.02,103.0
2025-02-04,20:00:00,82.87,83.54,82.72,83.47,168.0
2025-02-04,21:00:00,83.43,83.79,83.24,83.69,82.0
2025-02-04,22:00:00,84.06,84.15,83.84,83.9,48.0
2025-02-04,23:00:00,83.84,84.0,83.13,83.24,82.0
2025-02-05,00:00:00,83.17,83.27,82.55,83.13,86.0
2025-02-05,15:00:00,82.94,83.65,82.86,83.26,49.0
2025-02-05,16:00:00,83.5,83.9,83.08,83.08,70.0
2025-02-05,17:00:00,83.14,83.14,81.99,82.13,57.0
2025-02-05,18:00:00,82.1,82.9,82.0,82.84,104.0
2025-02-05,19:00:00,82.8,82.8,82.4,82.4,78.0
2025-02-05,20:00:00,82.42,83.03,82.42,83.03,81.0
2025-02-05,21:00:00,83.04,83.76,83.04,83.76,162.0
2025-02-05,22:00:00,83.74,84.85,83.74,84.67,195.0
2025-02-05,23:00:00,84.63,84.63,83.5,83.64,73.0
2025-02-06,00:00:00,83.34,83.55,83.2,83.23,77.0
2025-02-06,15:00:00,83.54,83.6,83.11,83.26,51.0
2025-02-06,16:00:00,83.31,84.1,83.31,84.0,49.0
2025-02-06,17:00:00,83.95,84.5,83.92,84.31,140.0
2025-02-06,18:00:00,84.3,84.41,83.93,83.97,162.0
2025-02-06,19:00:00,83.89,84.94,83.89,84.58,100.0
2025-02-06,20:00:00,84.35,84.76,84.35,84.71,31.0
2025-02-06,21:00:00,84.55,85.24,84.47,84.62,161.0
2025-02-06,22:00:00,84.7,85.06,84.0,84.23,88.0
2025-02-06,23:00:00,84.03,84.3,83.54,84.3,64.0
2025-02-07,00:00:00,84.32,84.32,83.9,84.1,30.0
2025-02-07,15:00:00,83.87,84.04,83.44,83.44,75.0
2025-02-07,16:00:00,83.43,84.52,83.4,84.3,42.0
2025-02-07,17:00:00,84.44,84.86,84.38,84.64,122.0
2025-02-07,18:00:00,84.68,84.89,84.21,84.38,113.0
2025-02-07,19:00:00,84.2,84.5,83.76,83.91,90.0
2025-02-07,20:00:00,84.03,84.52,83.92,84.52,62.0
2025-02-07,21:00:00,84.52,84.53,83.93,84.52,82.0
2025-02-07,22:00:00,84.43,84.44,84.21,84.44,106.0
2025-02-07,23:00:00,84.52,84.67,84.4,84.45,103.0
2025-02-08,00:00:00,84.48,84.7,84.45,84.6,48.0
2025-02-10,15:00:00,85.0,85.89,85.0,85.75,51.0
2025-02-10,16:00:00,85.74,86.5,85.74,86.14,86.0
2025-02-10,17:00:00,85.99,86.25,85.49,85.63,172.0
2025-02-10,18:00:00,85.69,86.18,85.6,85.97,37.0
2025-02-10,19:00:00,86.03,86.08,85.52,85.69,73.0
2025-02-10,20:00:00,85.65,85.85,85.56,85.63,51.0
2025-02-10,21:00:00,85.75,85.78,85.5,85.5,80.0
2025-02-10,22:00:00,85.62,85.67,85.25,85.55,92.0
2025-02-10,23:00:00,85.69,85.76,85.25,85.29,99.0
2025-02-11,00:00:00,85.33,85.34,85.12,85.3,65.0
2025-02-11,15:00:00,84.81,84.81,83.85,84.27,75.0
2025-02-11,16:00:00,84.15,84.69,84.1,84.1,106.0
2025-02-11,17:00:00,84.26,84.67,84.25,84.59,69.0
2025-02-11,18:00:00,84.55,85.08,84.3,84.97,110.0
2025-02-11,19:00:00,84.88,84.97,84.85,84.85,25.0
2025-02-11,20:00:00,85.28,86.37,85.28,86.07,104.0
2025-02-11,21:00:00,86.07,86.08,85.72,85.79,75.0
2025-02-11,22:00:00,85.68,85.68,84.61,84.94,312.0
2025-02-11,23:00:00,85.09,85.26,84.56,84.97,218.0
2025-02-12,00:00:00,84.88,85.01,84.24,84.24,93.0
2025-02-12,15:00:00,84.0,84.25,83.42,84.07,53.0
2025-02-12,16:00:00,83.69,84.25,83.64,84.06,46.0
2025-02-12,17:00:00,83.89,83.89,83.17,83.17,105.0
2025-02-12,18:00:00,83.18,84.12,83.15,84.0,49.0
2025-02-12,19:00:00,84.02,84.02,83.2,83.36,53.0
2025-02-12,20:00:00,83.28,83.57,82.8,83.4,152.0
2025-02-12,21:00:00,83.3,83.74,83.21,83.74,74.0
2025-02-12,22:00:00,83.69,83.69,82.8,83.07,83.0
2025-02-12,23:00:00,83.05,83.1,82.34,82.5,366.0
2025-02-13,00:00:00,82.5,83.15,82.48,83.13,110.0
2025-02-13,15:00:00,82.24,82.28,81.49,81.49,66.0
2025-02-13,16:00:00,81.64,81.64,80.72,80.94,81.0
2025-02-13,17:00:00,80.81,81.27,80.78,81.2,135.0
2025-02-13,18:00:00,81.14,81.45,81.05,81.33,216.0
2025-02-13,19:00:00,81.23,81.23,80.8,80.83,50.0
2025-02-13,20:00:00,80.89,80.89,79.99,80.3,340.0
2025-02-13,21:00:00,80.3,80.87,80.21,80.87,241.0
2025-02-13,22:00:00,81.19,81.26,80.5,80.88,206.0
2025-02-13,23:00:00,80.83,81.26,80.55,80.7,145.0
2025-02-14,00:00:00,80.7,80.72,80.17,80.29,80.0
2025-02-14,15:00:00,79.8,79.97,79.46,79.76,105.0
2025-02-14,16:00:00,79.88,80.34,79.77,80.22,106.0
2025-02-14,17:00:00,80.39,80.54,79.78,79.89,119.0
2025-02-14,18:00:00,79.83,80.46,79.57,80.42,247.0
2025-02-14,19:00:00,80.45,81.18,80.3,80.88,273.0
2025-02-14,20:00:00,80.96,81.35,80.85,81.27,96.0
2025-02-14,21:00:00,81.49,81.49,80.81,80.95,40.0
2025-02-14,22:00:00,80.95,82.04,80.95,82.04,143.0
2025-02-14,23:00:00,81.89,82.09,81.36,82.05,168.0
2025-02-15,00:00:00,82.09,82.13,81.74,82.1,116.0
2025-02-17,15:00:00,81.75,81.75,80.97,81.48,55.0
2025-02-17,16:00:00,81.43,81.64,81.01,81.64,244.0
2025-02-17,17:00:00,81.64,81.74,81.3,81.38,70.0
2025-02-17,18:00:00,81.26,81.26,81.02,81.18,82.0
2025-02-17,19:00:00,81.15,81.35,80.92,81.35,36.0
2025-02-17,20:00:00,81.37,81.38,80.43,80.46,30.0
2025-02-17,21:00:00,80.33,80.4,80.01,80.24,64.0
2025-02-17,22:00:00,80.25,80.45,79.97,80.03,52.0
2025-02-17,23:00:00,79.93,80.07,79.31,79.4,117.0
2025-02-18,00:00:00,79.35,79.46,79.05,79.12,133.0
2025-02-18,15:00:00,79.19,79.53,78.97,79.23,173.0
2025-02-18,16:00:00,79.15,79.5,78.65,79.13,162.0
2025-02-18,17:00:00,79.13,79.23,78.81,78.84,81.0
2025-02-18,18:00:00,78.81,78.81,78.26,78.43,122.0
2025-02-18,19:00:00,78.34,78.37,78.01,78.08,65.0
2025-02-18,20:00:00,77.77,78.84,77.57,77.61,157.0
2025-02-18,21:00:00,77.66,77.68,76.85,77.21,118.0
2025-02-18,22:00:00,77.29,77.52,77.03,77.42,73.0
2025-02-18,23:00:00,77.47,77.76,77.2,77.74,149.0
2025-02-19,00:00:00,77.71,77.98,77.29,77.88,192.0
2025-02-19,15:00:00,77.72,78.43,77.7,78.03,83.0
2025-02-19,16:00:00,78.13,78.13,76.58,77.3,136.0
2025-02-19,17:00:00,77.3,77.39,76.54,76.87,91.0
2025-02-19,18:00:00,76.95,77.17,76.72,76.72,13.0
2025-02-19,19:00:00,76.7,77.16,76.56,77.14,14.0
2025-02-19,20:00:00,77.15,77.24,77.09,77.21,68.0
2025-02-19,21:00:00,77.29,77.7,77.27,77.4,138.0
2025-02-19,22:00:00,77.41,77.42,76.72,76.98,157.0
2025-02-19,23:00:00,76.95,77.0,76.23,76.32,68.0
2025-02-20,00:00:00,76.36,76.42,75.71,75.72,56.0
2025-02-20,15:00:00,76.1,76.11,75.28,75.43,48.0
2025-02-20,16:00:00,75.37,75.43,74.94,75.28,103.0
2025-02-20,17:00:00,75.25,75.4,74.94,75.29,131.0
2025-02-20,18:00:00,75.24,75.24,74.45,74.49,147.0
2025-02-20,19:00:00,74.48,75.24,74.46,75.17,90.0
2025-02-20,20:00:00,74.88,75.35,74.7,75.04,129.0
2025-02-20,21:00:00,74.79,75.1,74.53,74.84,151.0
2025-02-20,22:00:00,74.8,75.27,74.8,74.99,112.0
2025-02-20,23:00:00,74.88,75.56,74.85,74.86,168.0
2025-02-21,00:00:00,74.87,74.88,74.52,74.52,158.0
2025-02-21,15:00:00,74.55,75.36,74.55,74.95,50.0
2025-02-21,16:00:00,75.02,76.04,74.95,75.95,105.0
2025-02-21,17:00:00,75.98,77.0,75.98,76.83,50.0
2025-02-21,18:00:00,76.66,76.67,76.41,76.59,46.0
2025-02-21,19:00:00,76.59,76.59,76.18,76.4,39.0
2025-02-21,20:00:00,76.28,76.72,76.28,76.72,6.0
2025-02-21,21:00:00,76.47,76.52,76.0,76.18,51.0
2025-02-21,22:00:00,76.18,76.29,75.91,76.15,59.0
2025-02-21,23:00:00,76.05,76.69,75.69,76.12,113.0
2025-02-22,00:00:00,75.98,76.25,75.86,75.86,137.0
2025-02-24,15:00:00,76.71,76.71,75.65,75.82,81.0
2025-02-24,16:00:00,75.82,75.86,75.26,75.81,70.0
2025-02-24,17:00:00,75.63,75.67,74.75,74.75,112.0
2025-02-24,18:00:00,74.64,74.93,74.43,74.59,165.0
2025-02-24,19:00:00,74.44,74.59,74.27,74.54,52.0
2025-02-24,20:00:00,74.75,74.83,74.29,74.75,36.0
2025-02-24,21:00:00,74.74,75.04,74.66,75.02,78.0
2025-02-24,22:00:00,74.96,75.32,74.96,75.13,133.0
2025-02-24,23:00:00,75.17,75.88,74.83,75.88,82.0
2025-02-25,00:00:00,75.92,75.95,75.64,75.91,88.0
2025-02-25,15:00:00,75.83,75.83,75.18,75.42,66.0
2025-02-25,16:00:00,75.42,75.44,75.13,75.44,19.0
2025-02-25,17:00:00,75.2,75.2,74.64,74.96,35.0
2025-02-25,18:00:00,74.8,75.53,74.8,75.43,82.0
2025-02-25,19:00:00,75.4,75.46,74.99,75.05,53.0
2025-02-25,20:00:00,75.03,75.13,74.95,75.05,41.0
2025-02-25,21:00:00,75.18,75.23,74.98,75.23,135.0
2025-02-25,22:00:00,75.24,75.4,74.6,74.6,139.0
2025-02-25,23:00:00,74.56,74.77,73.19,73.35,254.0
2025-02-26,00:00:00,73.42,73.92,73.42,73.76,90.0
2025-02-26,15:00:00,73.58,74.42,73.46,74.21,153.0
2025-02-26,16:00:00,74.21,74.56,74.02,74.56,93.0
2025-02-26,17:00:00,74.44,74.44,73.85,73.99,83.0
2025-02-26,18:00:00,74.02,74.08,73.13,73.76,113.0
2025-02-26,19:00:00,73.81,74.09,73.58,73.97,47.0
2025-02-26,20:00:00,73.9,74.25,73.85,74.04,39.0
2025-02-26,21:00:00,73.98,74.17,73.97,74.06,42.0
2025-02-26,22:00:00,74.02,74.02,73.56,73.7,72.0
2025-02-26,23:00:00,73.62,73.7,72.95,73.09,148.0
2025-02-27,00:00:00,72.98,73.52,72.71,73.32,210.0
2025-02-27,15:00:00,73.33,74.02,73.29,74.02,143.0
2025-02-27,16:00:00,73.74,73.78,73.08,73.63,78.0
2025-02-27,17:00:00,73.65,73.95,73.52,73.52,126.0
2025-02-27,18:00:00,73.58,75.56,73.58,74.75,190.0
2025-02-27,19:00:00,74.87,75.36,74.87,75.12,95.0
2025-02-27,20:00:00,75.06,75.17,74.37,74.37,82.0
2025-02-27,21:00:00,74.45,74.82,74.26,74.26,44.0
2025-02-27,22:00:00,74.3,74.67,74.3,74.34,46.0
2025-02-27,23:00:00,74.5,75.3,74.42,74.76,205.0
2025-02-28,00:00:00,74.75,75.1,74.66,74.9,80.0
2025-02-28,15:00:00,75.13,75.72,75.0,75.13,89.0
2025-02-28,16:00:00,75.16,75.18,74.4,74.53,96.0
2025-02-28,17:00:00,74.42,74.65,73.67,74.09,232.0
2025-02-28,18:00:00,74.18,74.5,73.84,74.06,183.0
2025-02-28,19:00:00,74.18,74.55,74.1,74.49,48.0
2025-02-28,20:00:00,74.45,74.77,73.7,73.7,110.0
2025-02-28,21:00:00,73.7,73.81,73.37,73.37,76.0
2025-02-28,22:00:00,73.52,73.59,73.02,73.02,46.0
2025-02-28,23:00:00,73.05,73.19,72.84,73.15,55.0
2025-03-01,00:00:00,72.78,73.15,72.78,73.07,97.0
2025-03-03,15:00:00,74.15,74.9,73.49,73.58,110.0
2025-03-03,16:00:00,73.75,74.63,73.66,74.05,98.0
2025-03-03,17:00:00,73.9,74.15,73.79,73.79,36.0
2025-03-03,18:00:00,73.84,74.72,73.81,74.45,86.0
2025-03-03,19:00:00,74.37,74.49,74.27,74.34,17.0
2025-03-03,20:00:00,74.07,74.77,73.97,74.45,37.0
2025-03-03,21:00:00,74.55,74.55,74.11,74.15,35.0
2025-03-03,22:00:00,73.81,73.81,73.45,73.5,68.0
2025-03-03,23:00:00,73.4,73.79,73.36,73.79,47.0
2025-03-04,00:00:00,73.79,73.8,73.46,73.6,53.0
2025-03-04,15:00:00,73.32,73.32,71.49,71.49,106.0
2025-03-04,16:00:00,71.52,71.66,71.16,71.48,108.0
2025-03-04,17:00:00,71.48,71.77,71.47,71.59,52.0
2025-03-04,18:00:00,71.25,71.59,71.09,71.13,76.0
2025-03-04,19:00:00,71.15,71.21,70.75,70.8,112.0
2025-03-04,20:00:00,70.82,70.82,70.11,70.31,117.0
2025-03-04,21:00:00,70.32,70.32,69.75,70.05,163.0
2025-03-04,22:00:00,69.97,70.24,69.69,69.69,192.0
2025-03-04,23:00:00,69.69,70.57,69.64,70.45,115.0
2025-03-05,00:00:00,70.4,70.68,70.19,70.33,97.0
2025-03-05,15:00:00,70.21,71.19,70.1,71.13,135.0
2025-03-05,16:00:00,71.13,71.14,70.1,70.27,143.0
2025-03-05,17:00:00,70.29,71.53,70.29,71.04,145.0
2025-03-05,18:00:00,71.02,71.4,70.65,70.74,71.0
2025-03-05,19:00:00,70.59,70.64,70.24,70.54,64.0
2025-03-05,20:00:00,70.41,70.97,70.36,70.8,81.0
2025-03-05,21:00:00,70.85,70.88,70.27,70.29,163.0
2025-03-05,22:00:00,70.46,70.98,70.36,70.87,171.0
2025-03-05,23:00:00,71.02,71.22,70.58,70.66,196.0
2025-03-06,00:00:00,70.56,70.97,70.15,70.31,69.0
2025-03-06,15:00:00,70.66,71.17,70.65,70.87,106.0
2025-03-06,16:00:00,70.57,70.79,70.4,70.48,104.0
2025-03-06,17:00:00,70.48,70.72,70.26,70.26,93.0
2025-03-06,18:00:00,70.25,70.25,69.38,69.62,196.0
2025-03-06,19:00:00,69.48,69.53,69.23,69.39,190.0
2025-03-06,20:00:00,69.31,69.81,69.31,69.63,224.0
2025-03-06,21:00:00,69.63,69.91,69.3,69.33,126.0
2025-03-06,22:00:00,69.36,69.67,68.91,69.22,265.0
2025-03-06,23:00:00,69.23,69.54,69.09,69.46,275.0
2025-03-07,00:00:00,69.43,69.52,68.9,69.18,243.0
2025-03-07,15:00:00,68.98,69.28,68.88,69.27,90.0
2025-03-07,16:00:00,69.27,69.45,68.82,69.43,201.0
2025-03-07,17:00:00,69.5,71.28,69.3,71.17,504.0
2025-03-07,18:00:00,71.12,71.28,70.58,70.8,138.0
2025-03-07,19:00:00,70.7,71.04,70.56,70.56,111.0
2025-03-07,20:00:00,70.53,70.75,70.31,70.75,140.0
2025-03-07,21:00:00,70.72,70.75,70.21,70.36,91.0
2025-03-07,22:00:00,70.32,71.3,70.03,70.62,347.0
2025-03-07,23:00:00,70.69,71.5,70.13,70.52,363.0
2025-03-08,00:00:00,70.62,70.81,70.14,70.3,141.0
2025-03-10,15:00:00,70.55,70.96,70.21,70.86,52.0
2025-03-10,16:00:00,70.8,70.8,69.81,70.61,98.0
2025-03-10,17:00:00,70.78,72.2,70.7,72.03,177.0
2025-03-10,18:00:00,71.9,72.28,71.72,72.01,91.0
2025-03-10,19:00:00,71.97,72.11,71.62,71.74,47.0
2025-03-10,20:00:00,71.66,71.98,70.9,71.11,105.0
2025-03-10,21:00:00,71.17,71.48,71.04,71.04,72.0
2025-03-10,22:00:00,70.99,71.35,70.54,70.55,154.0
2025-03-10,23:00:00,70.52,71.0,70.46,70.96,108.0
2025-03-11,00:00:00,70.96,71.18,70.92,71.05,143.0
2025-03-11,15:00:00,70.99,71.56,70.8,71.54,61.0
2025-03-11,16:00:00,71.57,71.74,70.99,70.99,139.0
2025-03-11,17:00:00,70.95,71.16,70.7,70.73,165.0
2025-03-11,18:00:00,70.64,70.71,70.0,70.09,147.0
2025-03-11,19:00:00,69.99,70.05,69.49,69.55,49.0
2025-03-11,20:00:00,69.77,70.29,69.64,69.8,116.0
2025-03-11,21:00:00,69.76,70.21,69.61,70.17,90.0
2025-03-11,22:00:00,70.13,70.3,69.84,69.9,109.0
2025-03-11,23:00:00,69.9,70.31,69.74,70.28,96.0
2025-03-12,00:00:00,70.31,70.67,70.13,70.35,183.0
2025-03-12,15:00:00,70.25,70.39,69.58,70.33,58.0
2025-03-12,16:00:00,70.34,70.38,69.72,70.11,45.0
2025-03-12,17:00:00,70.08,70.09,69.71,69.84,71.0
2025-03-12,18:00:00,69.82,70.0,69.42,69.45,64.0
2025-03-12,19:00:00,69.41,69.6,69.4,69.49,41.0
2025-03-12,20:00:00,69.35,69.82,69.35,69.82,187.0
2025-03-12,21:00:00,69.89,70.0,69.61,70.0,149.0
2025-03-12,22:00:00,69.95,70.36,69.91,70.36,86.0
2025-03-12,23:00:00,70.3,71.8,70.21,71.62,115.0
2025-03-13,00:00:00,71.61,71.89,71.16,71.3,105.0
2025-03-13,15:00:00,71.04,71.69,70.85,71.04,75.0
2025-03-13,16:00:00,71.08,71.7,70.62,71.7,79.0
2025-03-13,17:00:00,71.8,71.99,71.41,71.72,39.0
2025-03-13,18:00:00,71.86,73.64,71.83,73.55,157.0
2025-03-13,19:00:00,73.63,73.63,72.93,72.98,84.0
2025-03-13,20:00:00,72.88,73.02,72.56,72.67,50.0
2025-03-13,21:00:00,72.71,73.42,72.71,73.35,73.0
2025-03-13,22:00:00,73.58,73.95,73.45,73.71,128.0
2025-03-13,23:00:00,73.61,73.63,72.42,72.56,169.0
2025-03-14,00:00:00,72.75,72.97,72.01,72.43,232.0
2025-03-14,15:00:00,72.35,72.83,72.2,72.27,89.0
2025-03-14,16:00:00,72.29,72.29,71.63,71.89,65.0
2025-03-14,17:00:00,71.67,72.51,71.58,72.4,66.0
2025-03-14,18:00:00,72.41,72.45,71.93,72.14,61.0
2025-03-14,19:00:00,72.17,73.9,72.17,73.73,99.0
2025-03-14,20:00:00,73.58,73.69,73.29,73.49,69.0
2025-03-14,21:00:00,73.4,73.51,72.6,72.81,170.0
2025-03-14,22:00:00,72.78,73.22,72.6,72.6,139.0
2025-03-14,23:00:00,72.6,73.22,72.45,73.17,62.0
2025-03-15,00:00:00,73.21,73.27,72.87,72.95,80.0
2025-03-17,15:00:00,72.75,73.03,72.33,73.03,83.0
2025-03-17,16:00:00,72.73,72.8,72.12,72.52,51.0
2025-03-17,17:00:00,72.52,72.52,72.2,72.2,76.0
2025-03-17,18:00:00,72.15,72.68,72.15,72.35,67.0
2025-03-17,19:00:00,72.32,72.39,72.0,72.0,100.0
2025-03-17,20:00:00,72.05,72.25,71.71,72.03,188.0
2025-03-17,21:00:00,72.1,72.54,72.1,72.37,118.0
2025-03-17,22:00:00,72.52,72.52,72.18,72.19,96.0
2025-03-17,23:00:00,72.17,72.21,72.01,72.16,20.0
2025-03-18,00:00:00,72.16,72.48,72.14,72.28,31.0
2025-03-18,15:00:00,72.67,72.75,72.19,72.24,43.0
2025-03-18,16:00:00,72.17,72.42,71.96,72.02,95.0
2025-03-18,17:00:00,72.07,72.2,71.94,72.11,38.0
2025-03-18,18:00:00,72.33,72.76,72.23,72.23,65.0
2025-03-18,19:00:00,72.49,72.56,72.18,72.18,96.0
2025-03-18,20:00:00,72.19,72.22,72.03,72.16,144.0
2025-03-18,21:00:00,72.29,72.72,72.1,72.66,42.0
2025-03-18,22:00:00,72.69,73.46,72.6,73.37,102.0
2025-03-18,23:00:00,73.46,73.85,73.24,73.28,133.0
2025-03-19,00:00:00,73.29,73.48,72.53,73.21,169.0
2025-03-19,15:00:00,73.93,74.96,73.91,74.42,81.0
2025-03-19,16:00:00,74.54,74.82,74.24,74.4,75.0
2025-03-19,17:00:00,74.74,75.02,74.66,74.99,79.0
2025-03-19,18:00:00,74.98,75.44,74.89,75.05,114.0
2025-03-19,19:00:00,75.14,75.15,74.91,74.95,66.0
2025-03-19,20:00:00,74.92,75.66,74.88,75.51,70.0
2025-03-19,21:00:00,75.6,76.24,75.5,75.67,177.0
2025-03-19,22:00:00,75.77,76.15,75.54,75.69,69.0
2025-03-19,23:00:00,75.67,76.34,75.67,75.77,108.0
2025-03-20,00:00:00,75.62,76.4,75.57,76.2,115.0
2025-03-20,15:00:00,75.87,76.4,75.7,75.98,79.0
2025-03-20,16:00:00,75.9,75.96,75.2,75.25,82.0
2025-03-20,17:00:00,75.57,75.65,75.26,75.63,81.0
2025-03-20,18:00:00,75.46,75.51,75.07,75.14,96.0
2025-03-20,19:00:00,75.17,75.71,75.14,75.71,35.0
2025-03-20,20:00:00,75.61,75.61,75.23,75.53,93.0
2025-03-20,21:00:00,75.5,75.87,75.43,75.52,46.0
2025-03-20,22:00:00,75.66,76.07,75.61,75.72,98.0
2025-03-20,23:00:00,75.65,75.67,75.0,75.06,131.0
2025-03-21,00:00:00,75.26,75.26,75.06,75.06,46.0
2025-03-21,15:00:00,76.36,76.37,75.8,75.86,94.0
2025-03-21,16:00:00,75.82,76.09,75.29,75.3,73.0
2025-03-21,17:00:00,75.51,75.51,75.2,75.21,111.0
2025-03-21,18:00:00,75.3,75.55,75.3,75.38,28.0
2025-03-21,19:00:00,75.36,75.49,74.95,74.99,48.0
2025-03-21,20:00:00,74.92,75.0,74.15,74.45,278.0
2025-03-21,21:00:00,74.42,74.42,74.15,74.31,34.0
2025-03-21,22:00:00,74.36,74.6,73.88,73.91,60.0
2025-03-21,23:00:00,74.03,74.13,73.34,73.48,66.0
2025-03-22,00:00:00,73.46,73.62,73.35,73.35,87.0
2025-03-24,15:00:00,73.5,74.0,73.09,73.65,73.0
2025-03-24,16:00:00,73.63,74.03,73.09,73.15,115.0
2025-03-24,17:00:00,73.4,73.62,73.14,73.36,19.0
2025-03-24,18:00:00,73.66,73.77,72.9,73.01,153.0
2025-03-24,19:00:00,73.11,73.19,72.85,73.18,88.0
2025-03-24,20:00:00,73.18,73.39,73.06,73.39,53.0
2025-03-24,21:00:00,73.39,73.6,73.22,73.22,34.0
2025-03-24,22:00:00,73.36,73.4,73.02,73.13,22.0
2025-03-24,23:00:00,73.14,73.38,73.09,73.38,40.0
2025-03-25,00:00:00,73.44,73.71,73.44,73.54,88.0
2025-03-25,15:00:00,73.6,73.6,72.95,73.09,13.0
2025-03-25,16:00:00,73.13,73.13,72.67,72.76,55.0
2025-03-25,17:00:00,72.72,73.35,72.72,73.25,60.0
2025-03-25,18:00:00,73.27,73.28,72.5,72.65,100.0
2025-03-25,19:00:00,72.6,72.73,72.45,72.45,75.0
2025-03-25,20:00:00,72.38,72.81,72.37,72.71,76.0
2025-03-25,21:00:00,72.99,73.17,72.85,73.17,70.0
2025-03-25,22:00:00,73.08,73.51,72.86,72.96,91.0
2025-03-25,23:00:00,73.02,73.15,72.9,73.02,49.0
2025-03-26,00:00:00,73.0,73.0,72.29,72.36,186.0
2025-03-26,15:00:00,72.28,72.29,71.95,71.95,79.0
2025-03-26,16:00:00,72.16,72.21,72.05,72.13,26.0
2025-03-26,17:00:00,72.12,72.13,71.99,72.01,96.0
2025-03-26,18:00:00,72.03,72.76,72.01,72.76,74.0
2025-03-26,19:00:00,72.75,72.75,72.4,72.45,119.0
2025-03-26,20:00:00,72.44,72.44,72.14,72.26,70.0
2025-03-26,21:00:00,72.25,73.35,72.24,73.34,105.0
2025-03-26,22:00:00,73.55,73.85,73.38,73.51,79.0
2025-03-26,23:00:00,73.56,73.66,72.8,72.88,123.0
2025-03-27,00:00:00,72.88,73.02,72.77,72.77,82.0
2025-03-27,15:00:00,72.59,72.59,71.94,72.42,33.0
2025-03-27,16:00:00,72.38,72.38,71.75,72.26,100.0
2025-03-27,17:00:00,72.19,72.19,71.77,71.91,189.0
2025-03-27,18:00:00,71.99,72.34,71.96,72.03,68.0
2025-03-27,19:00:00,72.01,72.01,70.48,70.51,232.0
2025-03-27,20:00:00,70.64,70.88,70.09,70.23,190.0
2025-03-27,21:00:00,70.25,70.67,70.09,70.6,76.0
2025-03-27,22:00:00,70.6,70.83,70.56,70.72,106.0
2025-03-27,23:00:00,70.85,71.07,70.55,70.55,140.0
2025-03-28,00:00:00,70.47,70.55,70.11,70.17,102.0
2025-03-28,15:00:00,70.28,70.48,70.0,70.46,121.0
2025-03-28,16:00:00,70.46,70.46,70.01,70.45,68.0
2025-03-28,17:00:00,70.5,71.01,70.45,70.73,110.0
2025-03-28,18:00:00,70.72,71.29,70.72,71.16,56.0
2025-03-28,19:00:00,71.01,71.27,70.94,71.1,21.0
2025-03-28,20:00:00,71.26,71.26,70.75,70.75,31.0
2025-03-28,21:00:00,70.83,71.15,70.55,70.63,94.0
2025-03-28,22:00:00,70.86,71.0,70.66,70.82,25.0
2025-03-28,23:00:00,70.85,70.92,70.76,70.85,23.0
2025-03-29,00:00:00,70.82,70.9,70.6,70.84,45.0
2025-03-31,14:00:00,70.51,71.1,70.29,71.04,34.0
2025-03-31,15:00:00,70.65,70.65,69.3,69.92,99.0
2025-03-31,16:00:00,70.0,70.3,69.9,70.3,42.0
2025-03-31,17:00:00,70.25,70.25,69.29,69.29,131.0
2025-03-31,18:00:00,69.24,69.27,69.05,69.15,127.0
2025-03-31,19:00:00,69.05,69.38,69.05,69.16,147.0
2025-03-31,20:00:00,69.15,69.44,69.1,69.3,92.0
2025-03-31,21:00:00,69.25,69.33,69.15,69.28,73.0
2025-03-31,22:00:00,69.2,69.87,69.18,69.84,157.0
2025-03-31,23:00:00,69.84,70.13,69.77,70.03,104.0
2025-04-01,14:00:00,70.14,70.33,69.81,70.15,55.0
2025-04-01,15:00:00,70.04,70.67,69.6,70.08,262.0
2025-04-01,16:00:00,70.06,70.33,69.83,70.06,176.0
2025-04-01,17:00:00,70.03,71.53,69.9,71.42,307.0
2025-04-01,18:00:00,71.61,71.75,71.35,71.58,152.0
2025-04-01,19:00:00,71.62,72.51,71.32,72.21,208.0
2025-04-01,20:00:00,72.24,72.69,71.86,72.11,128.0
2025-04-01,21:00:00,72.13,72.14,71.71,71.9,48.0
2025-04-01,22:00:00,71.77,72.02,71.73,71.95,23.0
2025-04-01,23:00:00,71.92,72.1,71.75,72.1,99.0
2025-04-02,14:00:00,71.81,72.31,71.73,71.94,43.0
2025-04-02,15:00:00,71.83,71.84,71.58,71.65,150.0
2025-04-02,16:00:00,71.65,71.99,71.39,71.99,99.0
2025-04-02,17:00:00,71.95,71.95,71.37,71.39,80.0
2025-04-02,18:00:00,71.46,71.73,71.39,71.67,96.0
2025-04-02,19:00:00,71.57,71.81,71.57,71.57,81.0
2025-04-02,20:00:00,71.56,71.69,71.06,71.06,192.0
2025-04-02,21:00:00,71.05,71.05,70.1,70.26,325.0
2025-04-02,22:00:00,70.34,70.55,70.28,70.31,360.0
2025-04-02,23:00:00,70.3,70.61,70.22,70.49,207.0
2025-04-03,14:00:00,69.7,69.7,68.5,68.88,277.0
2025-04-03,15:00:00,68.8,69.28,68.79,69.13,114.0
2025-04-03,16:00:00,69.1,69.2,68.79,68.87,155.0
2025-04-03,17:00:00,68.83,68.95,67.59,67.59,451.0
2025-04-03,18:00:00,67.65,68.02,67.58,67.9,561.0
2025-04-03,19:00:00,68.01,68.29,67.9,68.04,224.0
2025-04-03,20:00:00,68.09,68.31,67.96,68.07,481.0
2025-04-03,21:00:00,68.03,68.04,67.52,67.6,903.0
2025-04-03,22:00:00,67.65,67.96,67.48,67.92,398.0
2025-04-03,23:00:00,67.91,68.32,67.84,68.28,215.0
2025-04-04,14:00:00,67.94,68.11,67.45,67.63,58.0
2025-04-04,15:00:00,67.62,67.8,67.11,67.72,186.0
2025-04-04,16:00:00,67.75,67.82,66.85,66.85,425.0
2025-04-04,17:00:00,66.86,67.05,66.54,66.69,366.0
2025-04-04,18:00:00,66.59,66.59,65.17,65.33,629.0
2025-04-04,19:00:00,65.34,65.37,64.37,65.29,1114.0
2025-04-04,20:00:00,65.26,65.84,64.57,65.8,779.0
2025-04-04,21:00:00,65.56,65.72,64.74,64.88,657.0
2025-04-04,22:00:00,64.71,65.15,64.44,65.02,343.0
2025-04-04,23:00:00,65.0,65.94,65.0,65.61,326.0
2025-04-07,14:00:00,64.0,64.01,62.24,62.43,509.0
2025-04-07,15:00:00,62.37,62.58,61.92,62.32,308.0
2025-04-07,16:00:00,62.35,62.75,61.89,62.7,431.0
2025-04-07,17:00:00,62.53,62.67,62.08,62.49,188.0
2025-04-07,18:00:00,62.6,63.08,62.59,62.96,323.0
2025-04-07,19:00:00,62.94,63.23,62.57,63.04,279.0
2025-04-07,20:00:00,63.08,64.03,62.55,63.66,344.0
2025-04-07,21:00:00,63.66,65.08,63.51,65.02,399.0
2025-04-07,22:00:00,65.04,66.96,64.4,65.05,903.0
2025-04-07,23:00:00,64.95,64.95,63.68,64.0,479.0
2025-04-08,14:00:00,65.13,65.15,63.91,64.12,128.0
2025-04-08,15:00:00,64.15,64.15,62.97,63.08,189.0
2025-04-08,16:00:00,63.0,63.4,62.52,63.28,451.0
2025-04-08,17:00:00,63.3,63.36,62.96,63.31,309.0
2025-04-08,18:00:00,63.25,63.89,63.22,63.65,241.0
2025-04-08,19:00:00,63.75,63.95,63.2,63.69,171.0
2025-04-08,20:00:00,63.69,64.52,63.69,64.28,246.0
2025-04-08,21:00:00,64.19,64.5,63.97,64.08,324.0
2025-04-08,22:00:00,64.08,65.04,63.95,64.3,338.0
2025-04-08,23:00:00,64.29,64.37,63.4,64.37,335.0
2025-04-09,14:00:00,62.97,62.97,61.99,62.54,456.0
2025-04-09,15:00:00,62.57,62.94,62.4,62.63,154.0
2025-04-09,16:00:00,62.7,62.7,62.17,62.6,275.0
2025-04-09,17:00:00,62.64,63.0,62.38,62.56,717.0
2025-04-09,18:00:00,62.56,63.26,62.44,63.2,757.0
2025-04-09,19:00:00,63.11,63.11,62.02,62.04,625.0
2025-04-09,20:00:00,62.0,62.26,61.69,62.25,410.0
2025-04-09,21:00:00,62.3,63.06,62.21,62.85,523.0
2025-04-09,22:00:00,62.81,62.81,62.24,62.42,192.0
2025-04-09,23:00:00,62.37,62.8,62.37,62.58,406.0
2025-04-10,14:00:00,66.02,66.95,65.69,65.86,567.0
2025-04-10,15:00:00,65.86,65.91,64.97,65.22,227.0
2025-04-10,16:00:00,65.22,65.5,64.84,65.22,292.0
2025-04-10,17:00:00,65.19,65.19,64.38,64.85,209.0
2025-04-10,18:00:00,64.79,65.23,64.69,65.17,223.0
2025-04-10,19:00:00,65.1,65.34,65.09,65.17,164.0
2025-04-10,20:00:00,65.2,65.23,64.63,64.77,194.0
2025-04-10,21:00:00,64.79,64.9,63.6,63.81,483.0
2025-04-10,22:00:00,63.55,64.12,63.35,63.64,566.0
2025-04-10,23:00:00,63.76,64.1,63.66,63.73,410.0
2025-04-11,14:00:00,63.71,64.65,63.49,64.65,64.0
2025-04-11,15:00:00,64.45,64.51,63.87,63.94,112.0
2025-04-11,16:00:00,63.69,63.85,63.55,63.83,372.0
2025-04-11,17:00:00,63.84,64.27,63.82,64.27,178.0
2025-04-11,18:00:00,64.29,65.39,63.9,65.31,231.0
2025-04-11,19:00:00,65.24,65.76,65.06,65.49,89.0
2025-04-11,20:00:00,65.65,66.07,65.3,65.3,146.0
2025-04-11,21:00:00,65.5,66.59,65.33,66.45,239.0
2025-04-11,22:00:00,66.45,66.82,66.35,66.8,214.0
2025-04-11,23:00:00,66.7,67.05,66.41,66.86,139.0
2025-04-14,14:00:00,66.95,67.65,66.95,67.57,61.0
2025-04-14,15:00:00,67.75,68.12,67.73,68.03,50.0
2025-04-14,16:00:00,67.84,67.91,67.48,67.55,45.0
2025-04-14,17:00:00,67.6,68.62,67.6,68.53,74.0
2025-04-14,18:00:00,68.59,68.65,68.05,68.13,72.0
2025-04-14,19:00:00,68.35,68.52,68.1,68.25,94.0
2025-04-14,20:00:00,68.04,68.84,68.02,68.79,58.0
2025-04-14,21:00:00,68.75,69.11,68.69,68.69,150.0
2025-04-14,22:00:00,68.78,68.98,67.91,68.31,152.0
2025-04-14,23:00:00,68.24,68.72,68.14,68.38,117.0
2025-04-15,14:00:00,68.34,68.38,68.0,68.17,41.0
2025-04-15,15:00:00,68.46,69.1,68.0,69.1,105.0
2025-04-15,16:00:00,69.1,69.71,69.1,69.22,182.0
2025-04-15,17:00:00,69.18,69.36,69.05,69.2,53.0
2025-04-15,18:00:00,69.0,69.0,68.37,68.73,130.0
2025-04-15,19:00:00,68.59,68.65,68.35,68.48,71.0
2025-04-15,20:00:00,68.43,68.59,68.01,68.19,117.0
2025-04-15,21:00:00,68.37,68.7,67.5,67.67,200.0
2025-04-15,22:00:00,67.69,68.02,67.58,67.86,211.0
2025-04-15,23:00:00,67.8,68.0,67.8,67.95,40.0
2025-04-16,14:00:00,67.43,67.69,67.27,67.46,244.0
2025-04-16,15:00:00,67.55,68.18,67.36,67.99,193.0
2025-04-16,16:00:00,67.98,69.32,67.93,68.95,224.0
2025-04-16,17:00:00,68.9,69.16,68.52,68.71,97.0
2025-04-16,18:00:00,68.83,69.06,68.66,69.03,84.0
2025-04-16,19:00:00,69.04,69.38,69.04,69.17,121.0
2025-04-16,20:00:00,69.28,69.38,69.02,69.06,130.0
2025-04-16,21:00:00,69.05,69.21,68.08,68.08,139.0
2025-04-16,22:00:00,68.22,68.58,68.22,68.5,125.0
2025-04-16,23:00:00,68.5,68.85,68.43,68.52,105.0
2025-04-17,14:00:00,68.98,69.04,68.47,68.58,99.0
2025-04-17,15:00:00,68.54,68.59,68.2,68.55,76.0
2025-04-17,16:00:00,68.37,68.54,68.26,68.26,80.0
2025-04-17,17:00:00,68.1,68.15,67.68,68.1,152.0
2025-04-17,18:00:00,68.06,68.06,67.65,67.75,42.0
2025-04-17,19:00:00,67.79,68.16,67.78,67.84,109.0
2025-04-17,20:00:00,67.9,68.09,67.68,67.96,36.0
2025-04-17,21:00:00,67.81,67.87,67.47,67.7,56.0
2025-04-17,22:00:00,67.46,67.64,67.26,67.5,100.0
2025-04-17,23:00:00,67.55,67.65,67.18,67.29,118.0
2025-04-22,14:00:00,66.88,67.3,66.88,67.15,24.0
2025-04-22,15:00:00,67.22,67.51,67.1,67.27,52.0
2025-04-22,16:00:00,67.19,67.22,65.92,65.94,105.0
2025-04-22,17:00:00,65.97,66.13,65.6,65.72,142.0
2025-04-22,18:00:00,65.63,65.64,65.25,65.59,57.0
2025-04-22,19:00:00,65.59,65.86,65.52,65.52,157.0
2025-04-22,20:00:00,65.75,65.92,65.59,65.86,87.0
2025-04-22,21:00:00,65.8,65.88,65.57,65.66,98.0
2025-04-22,22:00:00,65.72,65.98,65.62,65.96,114.0
2025-04-22,23:00:00,66.03,66.19,65.73,66.05,54.0
2025-04-23,14:00:00,66.75,67.39,66.72,67.3,53.0
2025-04-23,15:00:00,67.29,67.5,67.23,67.42,46.0
2025-04-23,16:00:00,67.29,68.11,67.13,68.0,84.0
2025-04-23,17:00:00,68.12,68.65,67.96,68.49,142.0
2025-04-23,18:00:00,68.62,69.0,68.5,68.52,137.0
2025-04-23,19:00:00,68.52,68.78,68.49,68.51,55.0
2025-04-23,20:00:00,68.5,68.55,68.12,68.3,114.0
2025-04-23,21:00:00,68.25,68.66,67.82,68.27,166.0
2025-04-23,22:00:00,68.16,68.56,67.9,68.56,107.0
2025-04-23,23:00:00,68.48,68.84,68.31,68.31,108.0
2025-04-24,14:00:00,68.2,68.2,67.56,67.91,26.0
2025-04-24,15:00:00,67.95,68.3,67.85,67.91,184.0
2025-04-24,16:00:00,68.01,68.01,66.45,66.62,297.0
2025-04-24,17:00:00,66.58,67.02,66.42,67.02,155.0
2025-04-24,18:00:00,67.0,67.37,66.96,67.35,77.0
2025-04-24,19:00:00,67.36,67.5,67.07,67.5,47.0
2025-04-24,20:00:00,67.72,67.72,67.28,67.28,79.0
2025-04-24,21:00:00,67.28,68.01,67.11,67.85,94.0
2025-04-24,22:00:00,67.92,68.11,67.67,67.71,106.0
2025-04-24,23:00:00,67.73,68.04,67.71,68.01,117.0
2025-04-25,14:00:00,68.21,68.66,68.03,68.66,37.0
2025-04-25,15:00:00,68.66,68.96,68.19,68.32,78.0
2025-04-25,16:00:00,68.23,68.25,67.98,67.99,100.0
2025-04-25,17:00:00,68.11,68.91,68.11,68.79,89.0
2025-04-25,18:00:00,69.06,69.31,68.78,68.79,84.0
2025-04-25,19:00:00,68.82,69.25,68.7,68.71,49.0
2025-04-25,20:00:00,68.9,68.9,68.54,68.55,133.0
2025-04-25,21:00:00,68.44,69.02,68.44,68.65,154.0
2025-04-25,22:00:00,68.65,68.69,68.01,68.39,125.0
2025-04-25,23:00:00,68.42,68.42,67.95,68.0,192.0
2025-04-28,14:00:00,67.89,68.03,67.36,67.36,34.0
2025-04-28,15:00:00,67.54,67.7,66.83,66.87,117.0
2025-04-28,16:00:00,66.88,67.04,66.73,66.89,95.0
2025-04-28,17:00:00,66.89,67.08,66.89,67.0,43.0
2025-04-28,18:00:00,66.95,67.03,66.75,66.76,159.0
2025-04-28,19:00:00,66.82,67.03,66.42,66.69,152.0
2025-04-28,20:00:00,66.63,67.45,66.63,67.24,138.0
2025-04-28,21:00:00,67.25,67.3,66.81,66.87,147.0
2025-04-28,22:00:00,66.75,67.06,66.51,67.01,70.0
2025-04-28,23:00:00,66.98,67.04,66.73,66.8,114.0
2025-04-29,14:00:00,66.65,66.77,66.33,66.48,109.0
2025-04-29,15:00:00,66.57,66.57,65.8,66.21,130.0
2025-04-29,16:00:00,66.16,66.31,65.89,66.06,156.0
2025-04-29,17:00:00,66.21,66.52,66.21,66.4,62.0
2025-04-29,18:00:00,66.35,67.01,66.23,66.78,107.0
2025-04-29,19:00:00,66.9,67.08,66.67,66.67,86.0
2025-04-29,20:00:00,66.71,66.93,66.41,66.41,90.0
2025-04-29,21:00:00,66.54,66.54,66.21,66.3,157.0
2025-04-29,22:00:00,66.32,66.79,66.2,66.76,74.0
2025-04-29,23:00:00,66.79,66.79,66.45,66.58,81.0
2025-04-30,14:00:00,66.36,66.69,66.21,66.63,127.0
2025-04-30,15:00:00,66.67,67.15,66.65,66.74,98.0
2025-04-30,16:00:00,67.09,67.81,67.09,67.72,81.0
2025-04-30,17:00:00,67.72,67.77,67.5,67.67,68.0
2025-04-30,18:00:00,67.87,68.1,67.61,67.86,86.0
2025-04-30,19:00:00,67.8,68.1,67.7,68.02,50.0
2025-04-30,20:00:00,68.06,68.36,67.89,67.95,95.0
2025-04-30,21:00:00,67.77,68.31,67.69,67.85,82.0
2025-04-30,22:00:00,68.0,68.27,67.92,68.26,53.0
2025-04-30,23:00:00,68.36,68.56,68.12,68.28,118.0
2025-05-01,14:00:00,68.12,68.29,67.96,68.29,11.0
2025-05-01,15:00:00,68.16,68.75,67.96,68.53,36.0
2025-05-01,16:00:00,68.31,68.46,68.31,68.4,12.0
2025-05-01,17:00:00,68.92,69.01,68.85,68.85,11.0
2025-05-01,18:00:00,68.77,69.02,68.71,68.71,24.0
2025-05-01,19:00:00,68.8,68.87,68.6,68.73,39.0
2025-05-01,20:00:00,68.71,68.8,68.69,68.8,14.0
2025-05-01,21:00:00,68.87,68.87,68.82,68.82,24.0
2025-05-01,22:00:00,68.88,69.02,68.79,68.79,9.0
2025-05-01,23:00:00,68.79,68.79,68.51,68.56,43.0
2025-05-02,14:00:00,68.81,69.04,68.51,69.04,40.0
2025-05-02,15:00:00,68.97,70.5,68.85,70.22,261.0
2025-05-02,16:00:00,70.22,70.76,70.08,70.72,398.0
2025-05-02,17:00:00,70.73,70.82,70.62,70.67,123.0
2025-05-02,18:00:00,70.83,70.83,70.45,70.5,72.0
2025-05-02,19:00:00,70.46,70.6,70.38,70.6,36.0
2025-05-02,20:00:00,70.56,70.62,70.39,70.58,22.0
2025-05-02,21:00:00,70.53,70.83,70.53,70.75,134.0
2025-05-02,22:00:00,70.76,71.01,70.57,70.57,126.0
2025-05-02,23:00:00,70.68,70.68,70.41,70.58,47.0
2025-05-05,14:00:00,70.25,70.35,70.06,70.21,56.0
2025-05-05,15:00:00,70.06,70.3,69.84,69.98,36.0
2025-05-05,16:00:00,69.96,70.27,69.45,69.46,54.0
2025-05-05,17:00:00,69.51,69.6,69.15,69.43,324.0
2025-05-05,18:00:00,69.27,69.31,68.5,68.54,113.0
2025-05-05,19:00:00,68.45,68.72,68.45,68.57,74.0
2025-05-05,20:00:00,68.57,68.97,68.57,68.97,66.0
2025-05-05,21:00:00,69.02,69.3,68.96,69.19,36.0
2025-05-05,22:00:00,69.41,69.53,69.13,69.52,63.0
2025-05-05,23:00:00,69.45,69.45,69.08,69.38,73.0
2025-05-06,14:00:00,69.2,69.9,69.2,69.61,25.0
2025-05-06,15:00:00,69.56,70.01,69.56,69.96,37.0
2025-05-06,16:00:00,70.06,70.82,70.06,70.68,110.0
2025-05-06,17:00:00,70.72,71.2,70.72,70.99,171.0
2025-05-06,18:00:00,70.84,70.96,70.6,70.66,101.0
2025-05-06,19:00:00,70.72,70.89,70.53,70.56,165.0
2025-05-06,20:00:00,70.61,71.01,70.6,70.71,65.0
2025-05-06,21:00:00,70.76,71.02,70.76,71.02,66.0
2025-05-06,22:00:00,71.05,71.33,70.9,71.08,185.0
2025-05-06,23:00:00,71.08,71.43,70.99,71.43,117.0
2025-05-07,14:00:00,71.37,71.37,70.83,71.17,30.0
2025-05-07,15:00:00,71.11,71.53,71.06,71.34,41.0
2025-05-07,16:00:00,71.38,71.46,71.28,71.32,24.0
2025-05-07,17:00:00,71.78,72.39,71.73,72.29,249.0
2025-05-07,18:00:00,72.25,72.68,72.23,72.49,81.0
2025-05-07,19:00:00,72.6,72.62,72.11,72.28,101.0
2025-05-07,20:00:00,72.2,72.5,72.06,72.13,168.0
2025-05-07,21:00:00,72.11,73.16,72.11,73.0,137.0
2025-05-07,22:00:00,73.03,73.03,72.57,72.67,237.0
2025-05-07,23:00:00,72.66,73.05,72.6,72.92,155.0
2025-05-08,14:00:00,72.91,73.13,72.73,73.13,69.0
2025-05-08,15:00:00,73.15,73.55,73.08,73.08,74.0
2025-05-08,16:00:00,73.1,73.43,72.99,73.09,335.0
2025-05-08,17:00:00,73.13,73.37,72.73,73.22,340.0
2025-05-08,18:00:00,73.21,73.27,72.8,72.84,165.0
2025-05-08,19:00:00,72.96,73.0,72.22,72.65,315.0
2025-05-08,20:00:00,72.69,72.92,72.38,72.53,127.0
2025-05-08,21:00:00,72.51,72.95,72.26,72.95,221.0
2025-05-08,22:00:00,73.01,73.01,72.39,72.39,157.0
2025-05-08,23:00:00,72.43,72.95,72.41,72.81,110.0
2025-05-09,14:00:00,72.84,73.26,72.67,72.79,110.0
2025-05-09,15:00:00,72.82,73.13,72.39,72.39,159.0
2025-05-09,16:00:00,72.44,72.83,72.43,72.81,184.0
2025-05-09,17:00:00,72.84,73.01,72.55,72.75,209.0
2025-05-09,18:00:00,72.77,72.77,72.38,72.62,93.0
2025-05-09,19:00:00,72.47,72.74,71.9,72.08,222.0
2025-05-09,20:00:00,72.17,72.31,72.11,72.13,106.0
2025-05-09,21:00:00,72.03,72.17,71.94,72.06,83.0
2025-05-09,22:00:00,72.0,72.12,71.64,72.12,209.0
2025-05-09,23:00:00,72.18,72.35,72.15,72.17,118.0
2025-05-12,14:00:00,72.82,72.82,72.33,72.65,65.0
2025-05-12,15:00:00,72.9,73.96,72.9,73.71,344.0
2025-05-12,16:00:00,73.71,74.48,73.71,74.0,529.0
2025-05-12,17:00:00,73.93,74.82,73.93,74.68,350.0
2025-05-12,18:00:00,74.56,74.62,74.33,74.5,202.0
2025-05-12,19:00:00,74.62,74.62,74.34,74.59,109.0
2025-05-12,20:00:00,74.62,75.26,74.6,75.12,345.0
2025-05-12,21:00:00,75.05,75.29,75.02,75.1,178.0
2025-05-12,22:00:00,75.23,75.51,75.23,75.31,135.0
2025-05-12,23:00:00,75.29,75.46,75.16,75.17,85.0
2025-05-13,14:00:00,74.95,75.16,74.72,75.04,102.0
2025-05-13,15:00:00,75.34,75.78,75.0,75.14,267.0
2025-05-13,16:00:00,75.12,75.13,74.75,74.95,218.0
2025-05-13,17:00:00,74.98,74.98,74.19,74.76,250.0
2025-05-13,18:00:00,74.75,74.95,74.53,74.57,83.0
2025-05-13,19:00:00,74.68,74.77,74.51,74.51,123.0
2025-05-13,20:00:00,74.42,74.52,73.87,74.4,226.0
2025-05-13,21:00:00,74.32,75.36,74.32,75.35,141.0
2025-05-13,22:00:00,75.44,75.79,74.99,74.99,138.0
2025-05-13,23:00:00,74.9,74.98,74.55,74.9,56.0
2025-05-14,14:00:00,74.89,75.36,74.81,74.81,34.0
2025-05-14,15:00:00,75.11,75.59,74.9,75.59,68.0
2025-05-14,16:00:00,75.54,75.59,74.85,74.85,54.0
2025-05-14,17:00:00,74.8,74.91,74.2,74.34,207.0
2025-05-14,18:00:00,74.34,74.43,74.19,74.43,20.0
2025-05-14,19:00:00,74.58,74.6,74.4,74.51,15.0
2025-05-14,20:00:00,74.25,74.31,73.94,74.28,111.0
2025-05-14,21:00:00,74.18,74.25,73.5,73.94,331.0
2025-05-14,22:00:00,73.8,74.28,73.58,74.25,215.0
2025-05-14,23:00:00,74.24,74.37,74.09,74.16,167.0
2025-05-15,14:00:00,73.8,74.78,73.55,74.5,151.0
2025-05-15,15:00:00,74.46,74.46,73.75,74.05,160.0
2025-05-15,16:00:00,73.96,73.96,73.17,73.17,234.0
2025-05-15,17:00:00,73.18,73.97,73.18,73.97,174.0
2025-05-15,18:00:00,74.05,74.17,73.86,74.17,73.0
2025-05-15,19:00:00,74.01,74.06,73.83,73.96,55.0
2025-05-15,20:00:00,73.89,74.78,73.66,74.68,151.0
2025-05-15,21:00:00,74.69,75.38,74.69,75.34,168.0
2025-05-15,22:00:00,75.3,75.62,75.12,75.51,183.0
2025-05-15,23:00:00,75.5,75.53,75.2,75.35,82.0
2025-05-16,14:00:00,75.29,75.37,75.04,75.09,168.0
2025-05-16,15:00:00,75.19,75.42,74.94,74.94,73.0
2025-05-16,16:00:00,75.03,76.29,75.01,76.2,57.0
2025-05-16,17:00:00,76.23,76.97,76.13,76.83,200.0
2025-05-16,18:00:00,76.91,76.91,76.42,76.51,71.0
2025-05-16,19:00:00,76.55,76.55,76.02,76.19,70.0
2025-05-16,20:00:00,76.07,76.22,75.72,75.89,123.0
2025-05-16,21:00:00,75.9,76.08,74.54,74.55,442.0
2025-05-16,22:00:00,74.49,74.49,72.82,73.23,750.0
2025-05-16,23:00:00,73.34,73.37,72.79,73.37,585.0
2025-05-19,14:00:00,73.06,74.37,72.85,74.27,126.0
2025-05-19,15:00:00,74.23,74.38,72.75,72.94,105.0
2025-05-19,16:00:00,73.03,73.35,72.44,72.51,214.0
2025-05-19,17:00:00,72.52,72.54,71.5,71.9,181.0
2025-05-19,18:00:00,72.07,72.21,72.0,72.16,73.0
2025-05-19,19:00:00,72.15,72.2,71.8,71.8,33.0
2025-05-19,20:00:00,71.84,71.88,71.67,71.8,39.0
2025-05-19,21:00:00,71.95,72.13,71.79,72.1,99.0
2025-05-19,22:00:00,72.06,72.31,71.73,72.31,72.0
2025-05-19,23:00:00,72.17,72.51,72.17,72.28,161.0
2025-05-20,14:00:00,72.2,72.47,72.2,72.47,76.0
2025-05-20,15:00:00,72.78,73.15,72.47,72.88,64.0
2025-05-20,16:00:00,72.99,73.78,72.99,73.78,70.0
2025-05-20,17:00:00,73.73,73.73,73.26,73.45,63.0
2025-05-20,18:00:00,73.47,74.28,73.39,74.16,78.0
2025-05-20,19:00:00,74.31,74.76,73.83,73.93,117.0
2025-05-20,20:00:00,74.14,74.59,74.11,74.39,60.0
2025-05-20,21:00:00,74.45,74.53,73.98,74.48,114.0
2025-05-20,22:00:00,74.62,75.1,74.58,75.1,55.0
2025-05-20,23:00:00,75.03,75.45,75.03,75.36,71.0
2025-05-21,14:00:00,75.17,75.4,75.05,75.25,41.0
2025-05-21,15:00:00,75.43,75.74,74.84,74.9,256.0
2025-05-21,16:00:00,75.39,75.45,75.01,75.05,37.0
2025-05-21,17:00:00,75.19,75.21,74.96,75.08,131.0
2025-05-21,18:00:00,75.08,75.46,75.08,75.16,145.0
2025-05-21,19:00:00,75.23,75.51,75.14,75.42,86.0
2025-05-21,20:00:00,75.35,75.38,74.64,74.85,213.0
2025-05-21,21:00:00,74.85,74.85,74.5,74.64,159.0
2025-05-21,22:00:00,74.61,75.1,74.44,74.44,74.0
2025-05-21,23:00:00,74.3,74.83,74.3,74.54,100.0
2025-05-22,14:00:00,74.55,74.64,74.34,74.43,109.0
2025-05-22,15:00:00,74.92,75.54,74.92,75.38,60.0
2025-05-22,16:00:00,75.33,75.33,74.65,74.65,88.0
2025-05-22,17:00:00,74.88,74.94,74.61,74.61,85.0
2025-05-22,18:00:00,74.6,74.6,73.72,73.74,166.0
2025-05-22,19:00:00,73.88,74.11,73.65,73.97,67.0
2025-05-22,20:00:00,74.01,74.23,73.89,73.94,74.0
2025-05-22,21:00:00,74.09,74.65,74.08,74.11,60.0
2025-05-22,22:00:00,74.17,74.69,74.17,74.44,16.0
2025-05-22,23:00:00,74.52,74.52,73.93,74.0,98.0
2025-05-23,14:00:00,74.2,74.87,74.15,74.87,54.0
2025-05-23,15:00:00,74.77,74.77,74.09,74.09,20.0
2025-05-23,16:00:00,74.05,74.29,73.96,74.1,63.0
2025-05-23,17:00:00,74.11,74.2,73.8,74.08,179.0
2025-05-23,18:00:00,74.16,74.45,73.91,74.45,69.0
2025-05-23,19:00:00,74.38,74.61,71.98,72.45,402.0
2025-05-23,20:00:00,72.32,72.81,71.86,72.8,201.0
2025-05-23,21:00:00,72.72,73.25,72.38,73.02,138.0
2025-05-23,22:00:00,72.79,73.77,72.79,73.69,43.0
2025-05-23,23:00:00,73.79,73.79,73.33,73.53,31.0
2025-05-26,14:00:00,74.05,75.14,74.05,74.87,104.0
2025-05-26,15:00:00,75.02,75.24,74.73,75.2,27.0
2025-05-26,16:00:00,75.22,75.23,75.04,75.1,19.0
2025-05-26,17:00:00,75.21,75.21,74.58,74.92,45.0
2025-05-26,18:00:00,74.75,74.89,74.64,74.89,29.0
2025-05-26,19:00:00,74.79,74.8,74.62,74.65,17.0
2025-05-26,20:00:00,74.67,74.67,74.2,74.2,60.0
2025-05-26,21:00:00,74.0,74.43,74.0,74.42,47.0
2025-05-26,22:00:00,74.45,74.74,74.27,74.65,86.0
2025-05-26,23:00:00,74.68,75.07,74.65,74.85,62.0
2025-05-27,14:00:00,74.8,74.92,74.67,74.67,30.0
2025-05-27,15:00:00,74.52,74.52,74.17,74.24,47.0
2025-05-27,16:00:00,74.18,74.7,74.18,74.7,86.0
2025-05-27,17:00:00,74.53,74.53,73.79,73.79,257.0
2025-05-27,18:00:00,73.68,73.94,73.5,73.76,152.0
2025-05-27,19:00:00,73.77,73.77,73.38,73.41,194.0
2025-05-27,20:00:00,73.39,74.55,73.35,73.94,331.0
2025-05-27,21:00:00,73.95,73.99,73.65,73.77,145.0
2025-05-27,22:00:00,73.79,73.85,73.57,73.72,95.0
2025-05-27,23:00:00,73.71,73.71,72.7,73.01,189.0
2025-05-28,14:00:00,73.25,73.25,72.64,72.64,69.0
2025-05-28,15:00:00,72.86,73.36,72.63,73.27,91.0
2025-05-28,16:00:00,73.36,73.55,73.14,73.4,56.0
2025-05-28,17:00:00,73.43,74.45,73.43,74.4,137.0
2025-05-28,18:00:00,74.47,74.48,74.11,74.23,114.0
2025-05-28,19:00:00,74.27,74.27,73.69,73.97,97.0
2025-05-28,20:00:00,73.91,74.15,73.91,73.95,25.0
2025-05-28,21:00:00,74.01,74.34,73.74,73.74,55.0
2025-05-28,22:00:00,74.05,74.2,73.88,73.88,186.0
2025-05-28,23:00:00,73.92,74.01,73.83,73.93,62.0
2025-05-29,14:00:00,74.61,75.28,74.56,75.28,48.0
2025-05-29,15:00:00,75.07,75.07,74.41,74.77,31.0
2025-05-29,16:00:00,74.74,74.75,74.1,74.28,57.0
2025-05-29,17:00:00,74.05,74.17,73.82,73.82,56.0
2025-05-29,18:00:00,73.8,73.8,72.91,73.07,180.0
2025-05-29,19:00:00,73.21,73.47,73.21,73.34,150.0
2025-05-29,20:00:00,73.54,73.71,73.19,73.53,170.0
2025-05-29,21:00:00,73.47,73.47,72.66,72.74,251.0
2025-05-29,22:00:00,72.72,73.06,72.52,72.83,135.0
2025-05-29,23:00:00,72.82,72.87,72.56,72.62,174.0
2025-05-30,14:00:00,72.77,72.86,72.5,72.57,88.0
2025-05-30,15:00:00,72.85,73.17,72.82,73.07,46.0
2025-05-30,16:00:00,73.17,73.2,72.82,73.16,39.0
2025-05-30,17:00:00,73.2,73.35,72.7,73.35,84.0
2025-05-30,18:00:00,73.32,73.35,73.15,73.33,13.0
2025-05-30,19:00:00,73.33,73.54,73.06,73.06,43.0
2025-05-30,20:00:00,73.04,73.4,72.1,72.33,223.0
2025-05-30,21:00:00,72.34,72.5,72.01,72.08,230.0
2025-05-30,22:00:00,72.1,72.58,72.0,72.47,118.0
2025-05-30,23:00:00,72.48,72.56,72.05,72.14,128.0
2025-06-02,14:00:00,72.13,72.41,71.84,72.41,33.0
2025-06-02,15:00:00,72.6,72.8,72.3,72.67,84.0
2025-06-02,16:00:00,72.9,73.82,72.9,73.2,107.0
2025-06-02,17:00:00,73.29,73.32,72.97,73.1,58.0
2025-06-02,18:00:00,73.25,74.0,73.21,73.69,72.0
2025-06-02,19:00:00,73.61,73.61,73.07,73.29,57.0
2025-06-02,20:00:00,73.29,73.29,72.75,73.12,72.0
2025-06-02,21:00:00,73.24,73.55,73.03,73.3,112.0
2025-06-02,22:00:00,73.1,73.3,72.66,72.66,45.0
2025-06-02,23:00:00,72.73,73.21,72.67,73.1,132.0
2025-06-03,14:00:00,73.16,73.16,72.68,72.68,94.0
2025-06-03,15:00:00,72.85,73.41,72.53,73.2,136.0
2025-06-03,16:00:00,73.32,73.62,73.25,73.45,94.0
2025-06-03,17:00:00,73.52,74.35,73.52,74.3,79.0
2025-06-03,18:00:00,74.36,74.6,74.14,74.14,76.0
2025-06-03,19:00:00,74.16,74.3,73.87,74.05,23.0
2025-06-03,20:00:00,74.02,74.38,73.75,74.38,97.0
2025-06-03,21:00:00,74.38,74.67,74.22,74.4,111.0
2025-06-03,22:00:00,74.43,74.55,74.14,74.27,137.0
2025-06-03,23:00:00,74.22,74.68,74.18,74.68,88.0
2025-06-04,14:00:00,74.39,74.72,74.39,74.69,34.0
2025-06-04,15:00:00,74.75,74.75,74.14,74.48,88.0
2025-06-04,16:00:00,74.63,75.42,74.63,75.29,146.0
2025-06-04,17:00:00,75.25,75.25,74.8,74.82,62.0
2025-06-04,18:00:00,74.9,74.95,74.6,74.93,62.0
2025-06-04,19:00:00,74.99,75.25,74.7,74.92,147.0
2025-06-04,20:00:00,74.85,75.08,74.46,74.64,65.0
2025-06-04,21:00:00,74.54,74.65,74.24,74.54,124.0
2025-06-04,22:00:00,74.5,74.63,74.2,74.52,65.0
2025-06-04,23:00:00,74.44,74.57,74.25,74.57,94.0
2025-06-05,14:00:00,74.5,75.0,74.5,74.87,16.0
2025-06-05,15:00:00,74.95,75.25,74.87,75.25,35.0
2025-06-05,16:00:00,75.27,75.54,75.09,75.45,98.0
2025-06-05,17:00:00,75.47,75.58,74.88,75.51,145.0
2025-06-05,18:00:00,75.66,75.88,75.38,75.43,53.0
2025-06-05,19:00:00,75.24,75.64,75.24,75.63,23.0
2025-06-05,20:00:00,75.54,75.54,74.73,74.93,240.0
2025-06-05,21:00:00,74.87,74.91,74.27,74.38,181.0
2025-06-05,22:00:00,74.49,74.93,74.25,74.75,161.0
2025-06-05,23:00:00,74.75,75.06,74.54,75.0,110.0
2025-06-06,14:00:00,75.02,75.02,74.93,74.93,5.0
2025-06-06,15:00:00,74.69,74.78,74.54,74.78,26.0
2025-06-06,16:00:00,75.0,75.07,74.87,75.05,62.0
2025-06-06,17:00:00,75.05,75.36,74.75,74.76,72.0
2025-06-06,18:00:00,74.8,74.8,74.5,74.54,67.0
2025-06-06,19:00:00,74.62,74.74,74.61,74.72,17.0
2025-06-06,20:00:00,74.71,75.27,74.7,75.12,77.0
2025-06-06,21:00:00,75.08,75.32,74.95,75.19,134.0
2025-06-06,22:00:00,75.1,75.55,75.07,75.42,75.0
2025-06-06,23:00:00,75.48,75.82,75.27,75.74,48.0
2025-06-09,14:00:00,75.64,75.64,75.45,75.51,14.0
2025-06-09,15:00:00,75.34,75.76,75.23,75.75,51.0
2025-06-09,16:00:00,76.0,76.6,75.96,76.59,81.0
2025-06-09,17:00:00,76.56,76.86,76.35,76.81,108.0
2025-06-09,18:00:00,76.78,76.78,76.46,76.67,68.0
2025-06-09,19:00:00,76.65,76.7,76.19,76.56,29.0
2025-06-09,20:00:00,76.58,76.71,76.13,76.18,70.0
2025-06-09,21:00:00,76.0,76.16,75.58,75.91,134.0
2025-06-09,22:00:00,75.92,76.12,75.73,76.12,66.0
2025-06-09,23:00:00,76.0,76.3,75.91,76.07,58.0
2025-06-10,14:00:00,75.94,76.04,75.29,75.56,181.0
2025-06-10,15:00:00,75.7,75.7,75.33,75.4,75.0
2025-06-10,16:00:00,75.42,75.51,75.0,75.0,168.0
2025-06-10,17:00:00,75.04,75.04,74.48,74.82,173.0
2025-06-10,18:00:00,74.81,74.89,74.7,74.79,116.0
2025-06-10,19:00:00,74.79,74.91,74.45,74.91,188.0
2025-06-10,20:00:00,74.95,75.01,74.55,74.55,90.0
2025-06-10,21:00:00,74.54,74.76,74.53,74.7,43.0
2025-06-10,22:00:00,74.65,74.9,74.22,74.41,121.0
2025-06-10,23:00:00,74.43,74.96,74.35,74.89,178.0
2025-06-11,14:00:00,74.88,76.0,74.88,75.84,72.0
2025-06-11,15:00:00,75.9,76.17,75.5,76.17,94.0
2025-06-11,16:00:00,76.14,76.66,76.03,76.66,95.0
2025-06-11,17:00:00,76.63,76.66,76.15,76.55,46.0
2025-06-11,18:00:00,76.52,76.52,76.21,76.25,21.0
2025-06-11,19:00:00,76.31,76.71,76.31,76.7,49.0
2025-06-11,20:00:00,76.71,76.85,76.05,76.19,80.0
2025-06-11,21:00:00,76.21,76.49,76.21,76.23,67.0
2025-06-11,22:00:00,76.23,76.4,76.08,76.16,71.0
2025-06-11,23:00:00,76.05,76.46,76.05,76.45,154.0
2025-06-12,14:00:00,76.31,76.62,76.09,76.49,110.0
2025-06-12,15:00:00,76.44,76.63,75.96,75.96,47.0
2025-06-12,16:00:00,75.81,75.87,75.5,75.85,137.0
2025-06-12,17:00:00,75.76,75.76,75.4,75.64,118.0
2025-06-12,18:00:00,75.63,75.93,75.48,75.88,35.0
2025-06-12,19:00:00,75.78,75.82,75.22,75.38,117.0
2025-06-12,20:00:00,75.37,75.96,75.37,75.71,62.0
2025-06-12,21:00:00,75.71,76.14,75.55,76.14,24.0
2025-06-12,22:00:00,76.2,77.64,76.19,77.28,238.0
2025-06-12,23:00:00,77.31,77.74,77.31,77.56,94.0
2025-06-13,14:00:00,78.08,78.62,77.94,78.06,57.0
2025-06-13,15:00:00,78.2,78.41,77.88,78.19,69.0
2025-06-13,16:00:00,78.49,78.67,78.29,78.47,73.0
2025-06-13,17:00:00,78.49,78.57,78.18,78.26,145.0
2025-06-13,18:00:00,78.43,78.45,77.96,78.1,120.0
2025-06-13,19:00:00,78.09,78.09,77.82,78.08,43.0
2025-06-13,20:00:00,77.9,78.09,77.9,78.09,49.0
2025-06-13,21:00:00,78.13,78.43,78.13,78.22,85.0
2025-06-13,22:00:00,78.28,78.38,77.92,77.92,32.0
2025-06-13,23:00:00,77.95,78.04,77.58,77.69,128.0
2025-06-16,14:00:00,77.9,78.23,77.58,77.67,98.0
2025-06-16,15:00:00,77.68,77.9,77.48,77.72,98.0
2025-06-16,16:00:00,77.79,78.06,77.48,77.56,79.0
2025-06-16,17:00:00,77.62,77.68,77.43,77.6,86.0
2025-06-16,18:00:00,77.67,78.35,77.64,78.34,83.0
2025-06-16,19:00:00,78.34,78.47,77.95,78.11,183.0
2025-06-16,20:00:00,78.17,78.17,77.7,77.75,82.0
2025-06-16,21:00:00,77.85,78.07,77.15,77.42,231.0
2025-06-16,22:00:00,77.45,77.5,77.05,77.21,246.0
2025-06-16,23:00:00,77.32,77.45,76.68,77.04,339.0
2025-06-17,14:00:00,77.14,77.29,76.99,76.99,76.0
2025-06-17,15:00:00,77.11,77.49,77.03,77.11,177.0
2025-06-17,16:00:00,77.31,77.42,76.98,77.04,235.0
2025-06-17,17:00:00,77.04,77.04,76.77,76.88,207.0
2025-06-17,18:00:00,76.79,76.99,76.5,76.91,134.0
2025-06-17,19:00:00,76.92,77.13,76.76,77.06,119.0
2025-06-17,20:00:00,77.14,77.34,77.04,77.24,138.0
2025-06-17,21:00:00,77.18,77.63,77.08,77.21,90.0
2025-06-17,22:00:00,77.15,77.3,76.17,76.36,259.0
2025-06-17,23:00:00,76.37,76.82,76.34,76.82,128.0
2025-06-18,14:00:00,76.93,76.93,76.54,76.85,55.0
2025-06-18,15:00:00,76.95,77.26,76.59,77.0,124.0
2025-06-18,16:00:00,76.98,77.16,76.52,76.72,212.0
2025-06-18,17:00:00,76.72,76.76,76.3,76.51,240.0
2025-06-18,18:00:00,76.68,76.79,76.5,76.56,68.0
2025-06-18,19:00:00,76.85,76.85,76.43,76.74,57.0
2025-06-18,20:00:00,76.67,76.92,76.61,76.77,107.0
2025-06-18,21:00:00,76.77,76.95,76.6,76.71,406.0
2025-06-18,22:00:00,76.61,76.67,76.17,76.61,374.0
2025-06-18,23:00:00,76.64,76.8,76.51,76.62,90.0
2025-06-19,14:00:00,76.59,76.65,76.4,76.57,88.0
2025-06-19,15:00:00,76.4,76.96,76.35,76.69,103.0
2025-06-19,16:00:00,76.55,76.79,76.32,76.32,68.0
2025-06-19,17:00:00,76.4,76.55,75.8,75.95,248.0
2025-06-19,18:00:00,75.9,75.9,75.34,75.8,213.0
2025-06-19,19:00:00,75.69,75.78,75.45,75.73,194.0
2025-06-19,20:00:00,75.73,75.73,74.55,74.75,441.0
2025-06-19,21:00:00,74.78,74.88,73.7,74.12,553.0
2025-06-19,22:00:00,74.09,74.72,74.04,74.72,620.0
2025-06-19,23:00:00,74.79,75.01,74.6,74.82,236.0
2025-06-20,14:00:00,74.89,74.92,74.37,74.75,47.0
2025-06-20,15:00:00,74.61,74.73,74.37,74.66,131.0
2025-06-20,16:00:00,74.66,74.92,74.03,74.72,205.0
2025-06-20,17:00:00,74.5,75.26,74.5,74.92,109.0
2025-06-20,18:00:00,75.01,75.12,74.82,74.98,242.0
2025-06-20,19:00:00,75.06,75.18,74.79,75.11,318.0
2025-06-20,20:00:00,75.31,75.31,74.85,75.1,304.0
2025-06-20,21:00:00,75.05,75.05,74.81,74.81,91.0
2025-06-20,22:00:00,74.78,74.95,74.5,74.79,281.0
2025-06-20,23:00:00,74.84,75.15,74.75,74.99,397.0
2025-06-23,14:00:00,74.76,74.88,74.55,74.83,34.0
2025-06-23,15:00:00,74.83,75.38,74.76,75.19,143.0
2025-06-23,16:00:00,75.01,75.04,74.78,74.78,297.0
2025-06-23,17:00:00,74.86,75.07,74.38,74.52,477.0
2025-06-23,18:00:00,74.76,75.12,74.58,75.11,82.0
2025-06-23,19:00:00,75.07,75.08,74.66,74.75,177.0
2025-06-23,20:00:00,74.85,74.96,74.75,74.78,60.0
2025-06-23,21:00:00,74.93,75.23,74.92,75.11,134.0
2025-06-23,22:00:00,75.16,75.3,74.96,74.96,84.0
2025-06-23,23:00:00,75.21,75.42,75.14,75.31,93.0
2025-06-24,14:00:00,75.12,76.5,74.74,76.14,529.0
2025-06-24,15:00:00,76.03,76.06,75.32,75.57,173.0
2025-06-24,16:00:00,75.58,76.11,75.56,75.9,146.0
2025-06-24,17:00:00,75.88,76.26,75.82,76.23,194.0
2025-06-24,18:00:00,76.19,76.19,75.77,75.77,99.0
2025-06-24,19:00:00,75.8,75.89,75.63,75.67,50.0
2025-06-24,20:00:00,75.63,76.05,75.56,75.9,194.0
2025-06-24,21:00:00,75.97,75.97,75.54,75.72,300.0
2025-06-24,22:00:00,75.74,75.77,75.57,75.62,127.0
2025-06-24,23:00:00,75.65,75.65,75.08,75.17,223.0
2025-06-25,14:00:00,75.25,75.25,74.8,74.8,81.0
2025-06-25,15:00:00,74.83,75.06,74.68,75.0,102.0
2025-06-25,16:00:00,74.89,74.9,74.65,74.71,221.0
2025-06-25,17:00:00,74.69,74.7,73.22,73.78,593.0
2025-06-25,18:00:00,73.72,73.9,73.65,73.8,305.0
2025-06-25,19:00:00,73.8,73.84,73.46,73.77,247.0
2025-06-25,20:00:00,73.76,73.76,73.27,73.38,65.0
2025-06-25,21:00:00,73.41,73.41,72.97,72.99,151.0
2025-06-25,22:00:00,73.0,73.28,72.87,72.97,225.0
2025-06-25,23:00:00,72.97,73.16,72.88,73.04,90.0
2025-06-26,14:00:00,72.99,73.31,72.98,72.98,43.0
2025-06-26,15:00:00,72.98,73.17,72.61,72.74,151.0
2025-06-26,16:00:00,72.66,72.66,72.3,72.31,256.0
2025-06-26,17:00:00,72.36,72.36,72.15,72.26,294.0
2025-06-26,18:00:00,72.39,72.76,72.39,72.6,34.0
2025-06-26,19:00:00,72.75,72.96,72.69,72.69,21.0
2025-06-26,20:00:00,72.76,73.33,72.6,72.86,160.0
2025-06-26,21:00:00,72.87,72.87,72.39,72.39,115.0
2025-06-26,22:00:00,72.38,72.52,72.13,72.32,233.0
2025-06-26,23:00:00,72.32,72.32,72.13,72.24,69.0
2025-06-27,14:00:00,72.45,72.57,72.25,72.36,54.0
2025-06-27,15:00:00,72.46,72.46,72.0,72.1,512.0
2025-06-27,16:00:00,72.17,72.35,71.95,72.35,36.0
2025-06-27,17:00:00,72.37,72.8,72.1,72.6,101.0
2025-06-27,18:00:00,72.67,72.75,72.49,72.75,47.0
2025-06-27,19:00:00,72.78,72.96,72.54,72.56,207.0
2025-06-27,20:00:00,72.47,72.61,72.28,72.61,126.0
2025-06-27,21:00:00,72.55,72.73,72.48,72.67,27.0
2025-06-27,22:00:00,72.7,72.79,72.5,72.79,52.0
2025-06-27,23:00:00,72.87,72.99,72.7,72.8,111.0
2025-06-30,14:00:00,72.83,72.85,72.62,72.85,108.0
2025-06-30,15:00:00,72.8,72.83,71.92,71.92,21.0
2025-06-30,16:00:00,72.17,72.17,71.52,71.59,146.0
2025-06-30,17:00:00,71.55,71.66,70.89,70.91,529.0
2025-06-30,18:00:00,70.92,71.22,70.87,70.92,105.0
2025-06-30,19:00:00,70.99,71.3,70.97,71.03,102.0
2025-06-30,20:00:00,70.95,71.18,70.94,71.18,139.0
2025-06-30,21:00:00,71.06,71.3,70.99,71.02,120.0
2025-06-30,22:00:00,71.0,71.07,70.54,70.64,451.0
2025-06-30,23:00:00,70.67,71.17,70.65,70.98,144.0
2025-07-01,14:00:00,71.03,71.22,70.98,71.22,44.0
2025-07-01,15:00:00,70.89,71.05,70.85,71.0,56.0
2025-07-01,16:00:00,71.0,71.76,70.95,71.74,282.0
2025-07-01,17:00:00,71.72,72.17,71.7,72.0,282.0
2025-07-01,18:00:00,72.05,72.3,72.05,72.07,164.0
2025-07-01,19:00:00,72.06,72.59,72.04,72.5,94.0
2025-07-01,20:00:00,72.5,72.63,72.43,72.48,128.0
2025-07-01,21:00:00,72.48,72.48,71.87,71.87,122.0
2025-07-01,22:00:00,71.92,72.13,71.63,72.12,291.0
2025-07-01,23:00:00,72.12,72.64,72.12,72.51,211.0
2025-07-02,14:00:00,72.4,73.55,72.4,73.45,419.0
2025-07-02,15:00:00,73.35,73.75,73.25,73.75,83.0
2025-07-02,16:00:00,73.65,73.92,73.65,73.83,63.0
2025-07-02,17:00:00,73.73,74.1,73.73,74.07,50.0
2025-07-02,18:00:00,74.0,74.12,73.85,74.1,63.0
2025-07-02,19:00:00,74.06,74.06,73.87,73.91,38.0
2025-07-02,20:00:00,73.85,73.94,73.53,73.67,111.0
2025-07-02,21:00:00,73.62,73.69,73.35,73.47,67.0
2025-07-02,22:00:00,73.47,73.52,73.24,73.52,80.0
2025-07-02,23:00:00,73.55,73.86,73.39,73.4,190.0
2025-07-03,14:00:00,73.56,73.56,73.36,73.36,20.0
2025-07-03,15:00:00,73.24,73.44,73.03,73.03,100.0
2025-07-03,16:00:00,73.15,73.34,72.91,73.09,123.0
2025-07-03,17:00:00,73.23,74.48,73.23,74.37,150.0
2025-07-03,18:00:00,74.32,74.58,74.2,74.55,105.0
2025-07-03,19:00:00,74.43,74.43,74.06,74.06,54.0
2025-07-03,20:00:00,74.1,74.6,74.1,74.3,44.0
2025-07-03,21:00:00,74.32,74.38,74.18,74.33,60.0
2025-07-03,22:00:00,74.26,74.26,73.83,74.19,75.0
2025-07-03,23:00:00,74.14,74.16,73.85,74.09,48.0
2025-07-04,14:00:00,73.91,73.95,73.77,73.77,6.0
2025-07-04,15:00:00,73.58,73.91,73.53,73.58,47.0
2025-07-04,16:00:00,73.78,73.81,73.21,73.29,125.0
2025-07-04,17:00:00,73.5,73.58,73.44,73.53,27.0
2025-07-04,18:00:00,73.42,73.54,73.33,73.54,30.0
2025-07-04,19:00:00,73.61,73.61,73.25,73.32,124.0
2025-07-04,20:00:00,73.29,73.36,73.1,73.33,321.0
2025-07-04,21:00:00,73.4,73.71,73.4,73.48,75.0
2025-07-04,22:00:00,73.51,73.58,73.4,73.57,51.0
2025-07-04,23:00:00,73.56,73.6,73.36,73.36,76.0
2025-07-07,14:00:00,73.64,73.64,72.83,72.86,206.0
2025-07-07,15:00:00,72.87,72.93,72.66,72.93,24.0
2025-07-07,16:00:00,73.04,73.19,72.83,72.86,26.0
2025-07-07,17:00:00,72.88,72.91,72.85,72.86,20.0
2025-07-07,18:00:00,73.0,73.02,72.53,72.62,71.0
2025-07-07,19:00:00,72.64,72.65,72.47,72.56,58.0
2025-07-07,20:00:00,72.65,73.16,72.6,72.89,67.0
2025-07-07,21:00:00,72.92,73.33,72.92,73.3,121.0
2025-07-07,22:00:00,73.09,73.24,72.88,72.97,92.0
2025-07-07,23:00:00,72.97,73.31,72.97,73.19,54.0
2025-07-08,14:00:00,73.03,73.03,72.64,72.64,137.0
2025-07-08,15:00:00,72.76,72.83,72.55,72.76,38.0
2025-07-08,16:00:00,72.82,72.84,72.5,72.5,64.0
2025-07-08,17:00:00,72.76,73.26,72.74,73.15,54.0
2025-07-08,18:00:00,73.0,73.3,72.93,72.99,89.0
2025-07-08,19:00:00,72.95,73.04,72.59,72.59,36.0
2025-07-08,20:00:00,72.59,72.62,72.32,72.44,163.0
2025-07-08,21:00:00,72.52,72.73,72.46,72.63,169.0
2025-07-08,22:00:00,72.64,72.76,72.35,72.35,42.0
2025-07-08,23:00:00,72.39,72.41,72.14,72.25,207.0
2025-07-09,14:00:00,72.22,72.52,72.15,72.15,56.0
2025-07-09,15:00:00,72.1,72.18,71.76,72.0,139.0
2025-07-09,16:00:00,72.01,72.49,72.01,72.35,69.0
2025-07-09,17:00:00,72.46,72.62,72.33,72.62,37.0
2025-07-09,18:00:00,72.55,72.55,72.15,72.39,37.0
2025-07-09,19:00:00,72.44,72.86,72.37,72.86,26.0
2025-07-09,20:00:00,72.86,72.9,72.44,72.44,36.0
2025-07-09,21:00:00,72.52,72.6,72.21,72.26,89.0
2025-07-09,22:00:00,72.26,72.38,72.22,72.37,49.0
2025-07-09,23:00:00,72.37,72.47,72.21,72.38,44.0
2025-07-10,14:00:00,72.34,72.58,72.18,72.58,41.0
2025-07-10,15:00:00,72.58,73.07,72.54,73.02,37.0
2025-07-10,16:00:00,72.75,73.35,72.75,73.22,51.0
2025-07-10,17:00:00,72.94,73.04,72.72,72.72,41.0
2025-07-10,18:00:00,72.72,72.75,72.38,72.63,77.0
2025-07-10,19:00:00,72.5,72.65,72.49,72.54,49.0
2025-07-10,20:00:00,72.52,73.17,72.5,73.02,39.0
2025-07-10,21:00:00,72.84,72.91,72.64,72.74,159.0
2025-07-10,22:00:00,72.71,72.8,72.48,72.48,44.0
2025-07-10,23:00:00,72.45,72.77,72.41,72.59,80.0
2025-07-11,14:00:00,72.47,72.53,72.2,72.22,139.0
2025-07-11,15:00:00,72.18,72.18,71.8,71.9,136.0
2025-07-11,16:00:00,71.98,71.98,71.5,71.95,178.0
2025-07-11,17:00:00,71.8,72.85,71.77,72.84,129.0
2025-07-11,18:00:00,72.78,72.78,71.89,71.96,57.0
2025-07-11,19:00:00,72.08,72.36,72.08,72.35,17.0
2025-07-11,20:00:00,72.45,72.48,72.14,72.3,31.0
2025-07-11,21:00:00,72.31,72.54,72.3,72.44,45.0
2025-07-11,22:00:00,72.39,72.52,72.28,72.34,123.0
2025-07-11,23:00:00,72.35,72.49,72.33,72.33,72.0
2025-07-14,14:00:00,72.3,72.31,71.4,71.5,120.0
2025-07-14,15:00:00,71.51,72.71,71.51,72.71,25.0
2025-07-14,16:00:00,72.64,73.23,72.5,72.87,61.0
2025-07-14,17:00:00,73.0,73.0,72.76,72.91,22.0
2025-07-14,18:00:00,72.97,72.97,72.73,72.8,66.0
2025-07-14,19:00:00,72.71,72.71,72.36,72.36,35.0
2025-07-14,20:00:00,72.36,72.56,72.33,72.33,187.0
2025-07-14,21:00:00,72.32,72.46,72.22,72.38,98.0
2025-07-14,22:00:00,72.35,72.44,72.13,72.15,42.0
2025-07-14,23:00:00,72.18,72.35,72.17,72.17,98.0
2025-07-15,14:00:00,72.14,72.21,72.05,72.05,49.0
2025-07-15,15:00:00,72.01,72.3,71.87,72.3,89.0
2025-07-15,16:00:00,72.31,72.62,72.27,72.27,78.0
2025-07-15,17:00:00,72.42,72.44,72.19,72.19,43.0
2025-07-15,18:00:00,72.17,72.33,72.09,72.32,79.0
2025-07-15,19:00:00,72.28,72.43,72.27,72.4,83.0
2025-07-15,20:00:00,72.47,72.55,72.36,72.52,42.0
2025-07-15,21:00:00,72.5,72.71,72.29,72.53,181.0
2025-07-15,22:00:00,72.57,73.33,72.57,73.23,226.0
2025-07-15,23:00:00,73.23,73.47,73.03,73.09,180.0
2025-07-16,14:00:00,73.12,73.21,72.94,72.94,31.0
2025-07-16,15:00:00,73.14,73.14,72.88,73.04,31.0
2025-07-16,16:00:00,73.02,73.02,72.71,72.71,40.0
2025-07-16,17:00:00,72.84,73.31,72.84,73.15,70.0
2025-07-16,18:00:00,73.3,73.3,72.92,72.92,90.0
2025-07-16,19:00:00,72.98,73.92,72.91,73.79,149.0
2025-07-16,20:00:00,73.78,74.17,73.67,73.67,212.0
2025-07-16,21:00:00,73.8,73.84,73.42,73.48,114.0
2025-07-16,22:00:00,73.48,73.57,73.4,73.44,71.0
2025-07-16,23:00:00,73.44,73.44,72.81,72.98,153.0
2025-07-17,14:00:00,73.08,73.11,72.84,73.02,32.0
2025-07-17,15:00:00,73.15,73.18,72.7,72.89,64.0
2025-07-17,16:00:00,72.9,73.06,72.68,72.75,46.0
2025-07-17,17:00:00,72.73,72.73,72.38,72.39,62.0
2025-07-17,18:00:00,72.27,72.29,72.18,72.19,66.0
2025-07-17,19:00:00,72.17,72.36,72.17,72.27,66.0
2025-07-17,20:00:00,72.4,72.5,72.29,72.3,44.0
2025-07-17,21:00:00,72.29,72.47,72.27,72.42,49.0
2025-07-17,22:00:00,72.41,72.64,72.38,72.51,60.0
2025-07-17,23:00:00,72.51,72.55,72.3,72.3,140.0
2025-07-18,14:00:00,72.46,72.72,72.43,72.58,22.0
2025-07-18,15:00:00,72.55,72.82,72.35,72.81,36.0
2025-07-18,16:00:00,72.5,72.5,72.09,72.09,112.0
2025-07-18,17:00:00,72.25,72.53,72.22,72.53,78.0
2025-07-18,18:00:00,72.43,72.48,72.41,72.46,35.0
2025-07-18,19:00:00,72.49,72.58,72.4,72.58,50.0
2025-07-18,20:00:00,72.51,72.58,72.48,72.5,62.0
2025-07-18,21:00:00,72.48,72.5,72.14,72.2,117.0
2025-07-18,22:00:00,72.25,72.33,71.73,71.8,99.0
2025-07-18,23:00:00,71.74,72.14,71.67,72.13,74.0
2025-07-21,14:00:00,72.0,72.2,71.86,72.2,9.0
2025-07-21,15:00:00,72.05,72.1,71.72,71.72,88.0
2025-07-21,16:00:00,71.94,72.39,71.94,72.1,36.0
2025-07-21,17:00:00,72.13,72.13,71.7,71.82,38.0
2025-07-21,18:00:00,71.86,72.08,71.86,72.0,61.0
2025-07-21,19:00:00,71.87,72.01,71.77,71.83,37.0
2025-07-21,20:00:00,71.89,72.28,71.89,72.16,65.0
2025-07-21,21:00:00,72.03,72.04,71.85,71.93,78.0
2025-07-21,22:00:00,71.89,71.89,71.6,71.64,116.0
2025-07-21,23:00:00,71.6,71.75,71.56,71.56,128.0
2025-07-22,14:00:00,71.56,71.59,71.35,71.35,108.0
2025-07-22,15:00:00,71.34,71.5,71.32,71.46,58.0
2025-07-22,16:00:00,71.5,71.6,71.4,71.42,69.0
2025-07-22,17:00:00,71.39,71.56,71.26,71.35,205.0
2025-07-22,18:00:00,71.36,71.38,70.91,70.95,140.0
2025-07-22,19:00:00,70.92,71.02,70.92,70.92,118.0
2025-07-22,20:00:00,70.89,70.98,70.69,70.97,201.0
2025-07-22,21:00:00,70.9,71.21,70.9,71.13,106.0
2025-07-22,22:00:00,71.05,71.18,70.71,70.73,111.0
2025-07-22,23:00:00,70.73,71.08,70.7,71.03,91.0
2025-07-23,14:00:00,71.13,71.42,71.11,71.28,20.0
2025-07-23,15:00:00,71.29,71.53,71.29,71.45,21.0
2025-07-23,16:00:00,71.5,71.71,71.35,71.48,192.0
2025-07-23,17:00:00,71.54,71.78,71.53,71.57,83.0
2025-07-23,18:00:00,71.59,71.6,71.43,71.49,25.0
2025-07-23,19:00:00,71.31,71.42,71.09,71.09,36.0
2025-07-23,20:00:00,71.13,71.26,70.97,71.15,74.0
2025-07-23,21:00:00,71.09,71.1,70.85,70.86,186.0
2025-07-23,22:00:00,70.88,71.24,70.84,71.15,161.0
2025-07-23,23:00:00,71.14,71.73,71.05,71.65,172.0
2025-07-24,14:00:00,71.69,72.26,71.6,71.85,80.0
2025-07-24,15:00:00,71.76,71.8,71.52,71.52,21.0
2025-07-24,16:00:00,71.53,71.54,71.15,71.24,90.0
2025-07-24,17:00:00,71.51,71.51,71.15,71.19,19.0
2025-07-24,18:00:00,71.18,71.21,71.05,71.21,54.0
2025-07-24,19:00:00,71.22,71.55,71.21,71.29,77.0
2025-07-24,20:00:00,71.34,71.96,71.34,71.96,101.0
2025-07-24,21:00:00,71.86,72.41,71.64,72.25,134.0
2025-07-24,22:00:00,72.23,72.56,72.23,72.48,266.0
2025-07-24,23:00:00,72.55,72.98,72.5,72.95,222.0
2025-07-25,14:00:00,72.94,73.0,72.65,72.74,37.0
2025-07-25,15:00:00,72.72,72.72,72.5,72.68,22.0
2025-07-25,16:00:00,72.5,72.99,72.5,72.92,116.0
2025-07-25,17:00:00,72.78,73.0,72.72,72.86,37.0
2025-07-25,18:00:00,72.79,72.83,72.68,72.83,21.0
2025-07-25,19:00:00,72.89,72.89,72.76,72.76,13.0
2025-07-25,20:00:00,72.92,73.35,72.91,72.97,63.0
2025-07-25,21:00:00,73.01,73.22,72.84,73.15,121.0
2025-07-25,22:00:00,72.97,73.34,72.89,73.17,44.0
2025-07-25,23:00:00,73.23,73.34,73.06,73.31,42.0
2025-07-28,14:00:00,73.43,74.04,73.43,73.85,46.0
2025-07-28,15:00:00,73.85,73.93,73.4,73.41,32.0
2025-07-28,16:00:00,73.38,73.38,72.99,73.03,66.0
2025-07-28,17:00:00,73.05,73.18,72.79,73.16,85.0
2025-07-28,18:00:00,72.86,72.94,72.3,72.45,173.0
2025-07-28,19:00:00,72.43,72.47,72.15,72.32,156.0
2025-07-28,20:00:00,72.31,72.5,72.01,72.01,124.0
2025-07-28,21:00:00,72.0,72.45,72.0,72.45,69.0
2025-07-28,22:00:00,72.42,72.57,72.27,72.47,70.0
2025-07-28,23:00:00,72.4,72.88,72.35,72.66,88.0
2025-07-29,14:00:00,72.46,72.76,72.39,72.64,42.0
2025-07-29,15:00:00,72.81,72.9,72.35,72.51,38.0
2025-07-29,16:00:00,72.59,73.0,72.53,72.93,58.0
2025-07-29,17:00:00,73.2,73.57,73.18,73.38,178.0
2025-07-29,18:00:00,73.42,74.06,73.42,73.93,190.0
2025-07-29,19:00:00,73.99,74.11,73.86,73.9,102.0
2025-07-29,20:00:00,73.95,74.47,73.95,74.09,88.0
2025-07-29,21:00:00,74.19,74.59,74.19,74.59,144.0
2025-07-29,22:00:00,74.66,75.14,74.62,75.07,351.0
2025-07-29,23:00:00,74.98,75.17,74.9,75.15,56.0
2025-07-30,14:00:00,75.13,75.24,74.95,75.17,33.0
2025-07-30,15:00:00,74.93,75.0,74.77,74.77,55.0
2025-07-30,16:00:00,74.85,74.85,74.61,74.69,93.0
2025-07-30,17:00:00,74.69,74.7,74.5,74.7,79.0
2025-07-30,18:00:00,74.63,74.92,74.61,74.92,38.0
2025-07-30,19:00:00,74.78,74.88,74.71,74.71,39.0
2025-07-30,20:00:00,74.81,75.2,74.78,75.09,37.0
2025-07-30,21:00:00,75.07,75.08,74.92,75.06,80.0
2025-07-30,22:00:00,74.92,74.98,74.59,74.59,164.0
2025-07-30,23:00:00,74.64,74.92,74.64,74.8,92.0
2025-07-31,14:00:00,74.72,74.72,74.3,74.3,13.0
2025-07-31,15:00:00,74.22,74.51,74.15,74.29,39.0
2025-07-31,16:00:00,74.58,74.95,74.58,74.82,44.0
2025-07-31,17:00:00,74.66,74.85,74.62,74.83,69.0
2025-07-31,18:00:00,74.89,74.99,74.66,74.75,93.0
2025-07-31,19:00:00,74.78,74.8,74.57,74.59,33.0
2025-07-31,20:00:00,74.48,74.91,74.45,74.72,47.0
2025-07-31,21:00:00,74.65,74.8,74.6,74.68,29.0
2025-07-31,22:00:00,74.67,74.7,74.43,74.7,104.0
2025-07-31,23:00:00,74.65,74.69,74.27,74.5,118.0
2025-08-01,14:00:00,74.35,74.35,73.97,74.0,80.0
2025-08-01,15:00:00,73.94,74.02,73.8,73.84,126.0
2025-08-01,16:00:00,73.83,74.1,73.81,73.98,157.0
2025-08-01,17:00:00,73.92,73.92,73.61,73.65,203.0
2025-08-01,18:00:00,73.59,73.59,73.34,73.39,124.0
2025-08-01,19:00:00,73.29,73.46,73.29,73.46,27.0
2025-08-01,20:00:00,73.59,73.59,73.47,73.51,25.0
2025-08-01,21:00:00,73.48,73.58,72.93,73.12,69.0
2025-08-01,22:00:00,73.04,73.29,72.98,73.02,108.0
2025-08-01,23:00:00,73.06,73.14,72.9,73.04,98.0
2025-08-04,14:00:00,73.22,73.22,72.46,72.49,79.0
2025-08-04,15:00:00,72.48,72.65,72.41,72.57,65.0
2025-08-04,16:00:00,72.5,72.56,72.16,72.16,120.0
2025-08-04,17:00:00,72.11,72.3,72.09,72.23,172.0
2025-08-04,18:00:00,72.16,72.42,72.12,72.42,79.0
2025-08-04,19:00:00,72.39,72.71,72.33,72.67,144.0
2025-08-04,20:00:00,72.72,72.73,72.43,72.45,92.0
2025-08-04,21:00:00,72.47,72.48,72.26,72.48,98.0
2025-08-04,22:00:00,72.49,72.87,72.49,72.83,296.0
2025-08-04,23:00:00,72.8,72.83,72.6,72.61,167.0
2025-08-05,14:00:00,72.56,72.63,72.51,72.53,40.0
2025-08-05,15:00:00,72.82,72.82,72.52,72.56,23.0
2025-08-05,16:00:00,72.69,72.75,72.56,72.57,35.0
2025-08-05,17:00:00,72.44,73.26,72.4,73.26,66.0
2025-08-05,18:00:00,73.27,73.32,73.2,73.23,19.0
2025-08-05,19:00:00,73.41,73.41,73.23,73.23,13.0
2025-08-05,20:00:00,73.17,73.45,73.05,73.35,178.0
2025-08-05,21:00:00,73.28,73.44,73.28,73.28,48.0
2025-08-05,22:00:00,73.17,73.5,73.08,73.39,77.0
2025-08-05,23:00:00,73.4,73.59,73.25,73.28,90.0
2025-08-06,14:00:00,73.21,73.37,73.17,73.17,7.0
2025-08-06,15:00:00,73.09,73.09,72.94,73.09,4.0
2025-08-06,16:00:00,73.09,73.34,73.03,73.34,124.0
2025-08-06,17:00:00,73.23,73.61,73.23,73.51,82.0
2025-08-06,18:00:00,73.35,73.35,73.14,73.2,13.0
2025-08-06,19:00:00,73.19,73.27,73.08,73.08,92.0
2025-08-06,20:00:00,73.02,73.02,72.78,72.88,113.0
2025-08-06,21:00:00,73.04,73.06,72.85,73.04,92.0
2025-08-06,22:00:00,72.95,73.02,72.81,72.91,193.0
2025-08-06,23:00:00,72.86,72.96,72.65,72.69,80.0
2025-08-07,14:00:00,72.6,72.61,72.37,72.38,55.0
2025-08-07,15:00:00,72.42,72.66,72.27,72.37,98.0
2025-08-07,16:00:00,72.49,72.69,72.33,72.69,133.0
2025-08-07,17:00:00,72.57,72.73,72.4,72.51,127.0
2025-08-07,18:00:00,72.44,72.6,72.44,72.6,64.0
2025-08-07,19:00:00,72.71,73.29,72.71,73.29,47.0
2025-08-07,20:00:00,73.25,73.4,73.13,73.4,78.0
2025-08-07,21:00:00,73.36,73.41,73.11,73.11,155.0
2025-08-07,22:00:00,73.4,73.55,73.35,73.35,84.0
2025-08-07,23:00:00,73.44,73.92,73.43,73.88,199.0
2025-08-08,14:00:00,73.85,73.92,73.81,73.91,19.0
2025-08-08,15:00:00,74.08,74.39,73.96,74.32,119.0
2025-08-08,16:00:00,74.33,74.75,74.33,74.72,48.0
2025-08-08,17:00:00,74.7,74.79,74.65,74.7,37.0
2025-08-08,18:00:00,74.83,74.84,74.61,74.7,55.0
2025-08-08,19:00:00,74.78,74.9,74.62,74.66,43.0
2025-08-08,20:00:00,74.58,74.62,74.51,74.58,44.0
2025-08-08,21:00:00,74.6,75.16,74.55,75.16,65.0
2025-08-08,22:00:00,75.2,75.26,74.73,75.21,197.0
2025-08-08,23:00:00,75.22,75.23,74.84,74.84,87.0
2025-08-11,14:00:00,74.63,74.84,74.63,74.77,20.0
2025-08-11,15:00:00,74.9,74.9,74.67,74.67,15.0
2025-08-11,16:00:00,74.67,74.72,74.59,74.72,19.0
2025-08-11,17:00:00,74.9,74.9,74.7,74.84,35.0
2025-08-11,18:00:00,74.81,74.9,74.51,74.58,26.0
2025-08-11,19:00:00,74.49,74.49,74.09,74.25,128.0
2025-08-11,20:00:00,74.43,74.43,74.12,74.12,53.0
2025-08-11,21:00:00,74.15,74.28,73.94,74.28,66.0
2025-08-11,22:00:00,74.24,74.34,74.09,74.28,93.0
2025-08-11,23:00:00,74.15,74.34,74.11,74.18,47.0
2025-08-12,14:00:00,74.08,74.29,73.98,73.98,54.0
2025-08-12,15:00:00,74.1,74.1,73.98,74.02,34.0
2025-08-12,16:00:00,74.06,74.09,73.77,73.77,69.0
2025-08-12,17:00:00,73.84,73.98,73.72,73.8,79.0
2025-08-12,18:00:00,73.82,73.95,73.77,73.81,127.0
2025-08-12,19:00:00,73.83,73.83,73.63,73.66,85.0
2025-08-12,20:00:00,73.68,73.68,73.49,73.67,55.0
2025-08-12,21:00:00,73.78,73.81,73.59,73.71,33.0
2025-08-12,22:00:00,73.69,73.71,73.52,73.56,52.0
2025-08-12,23:00:00,73.6,73.6,73.3,73.34,87.0
2025-08-13,14:00:00,73.28,73.3,73.21,73.21,30.0
2025-08-13,15:00:00,73.38,73.81,73.38,73.67,51.0
2025-08-13,16:00:00,73.66,73.72,73.42,73.42,64.0
2025-08-13,17:00:00,73.47,73.95,73.47,73.87,107.0
2025-08-13,18:00:00,73.87,73.96,73.82,73.86,44.0
2025-08-13,19:00:00,73.81,74.0,73.81,73.95,55.0
2025-08-13,20:00:00,73.97,73.97,73.86,73.91,15.0
2025-08-13,21:00:00,73.85,73.85,73.53,73.61,80.0
2025-08-13,22:00:00,73.55,73.59,73.43,73.45,84.0
2025-08-13,23:00:00,73.52,73.79,73.47,73.69,63.0
2025-08-14,14:00:00,73.66,73.66,73.57,73.65,30.0
2025-08-14,15:00:00,73.48,73.48,73.35,73.36,92.0
2025-08-14,16:00:00,73.33,73.33,73.08,73.15,74.0
2025-08-14,17:00:00,73.17,73.18,72.92,72.92,76.0
2025-08-14,18:00:00,72.88,72.92,72.48,72.63,53.0
2025-08-14,19:00:00,72.68,73.25,72.68,73.02,37.0
2025-08-14,20:00:00,72.96,73.04,72.79,73.04,20.0
2025-08-14,21:00:00,73.04,73.3,73.04,73.15,94.0
2025-08-14,22:00:00,73.12,73.12,72.86,72.97,24.0
2025-08-14,23:00:00,72.95,73.02,72.82,73.0,81.0
2025-08-15,14:00:00,72.98,73.18,72.93,73.01,11.0
2025-08-15,15:00:00,72.9,72.9,72.54,72.54,128.0
2025-08-15,16:00:00,72.61,72.71,72.61,72.65,42.0
2025-08-15,17:00:00,72.75,72.85,72.7,72.8,30.0
2025-08-15,18:00:00,72.8,72.84,72.7,72.73,40.0
2025-08-15,19:00:00,72.56,72.75,72.56,72.6,17.0
2025-08-15,20:00:00,72.6,72.6,72.25,72.28,115.0
2025-08-15,21:00:00,72.22,72.69,72.19,72.34,81.0
2025-08-15,22:00:00,72.48,72.62,72.36,72.59,156.0
2025-08-15,23:00:00,72.58,72.68,72.5,72.6,35.0
2025-08-18,14:00:00,72.73,72.8,72.29,72.36,47.0
2025-08-18,15:00:00,72.42,72.56,72.22,72.55,161.0
2025-08-18,16:00:00,72.5,72.67,72.49,72.67,149.0
2025-08-18,17:00:00,72.64,73.04,72.64,72.67,69.0
2025-08-18,18:00:00,72.68,72.83,72.63,72.63,68.0
2025-08-18,19:00:00,72.64,72.79,72.48,72.71,46.0
2025-08-18,20:00:00,72.75,73.05,72.75,72.93,131.0
2025-08-18,21:00:00,72.98,73.1,72.81,72.96,201.0
2025-08-18,22:00:00,72.84,73.64,72.76,73.54,164.0
2025-08-18,23:00:00,73.69,73.89,73.58,73.66,179.0
2025-08-19,14:00:00,73.59,73.64,73.43,73.47,40.0
2025-08-19,15:00:00,73.39,73.74,73.36,73.66,36.0
2025-08-19,16:00:00,73.64,74.01,73.62,73.88,60.0
2025-08-19,17:00:00,73.9,73.93,73.55,73.66,126.0
2025-08-19,18:00:00,73.58,73.6,73.28,73.31,151.0
2025-08-19,19:00:00,73.34,73.58,73.34,73.46,118.0
2025-08-19,20:00:00,73.44,73.54,73.27,73.3,170.0
2025-08-19,21:00:00,73.29,73.32,73.02,73.32,151.0
2025-08-19,22:00:00,73.34,73.34,73.02,73.02,63.0
2025-08-19,23:00:00,73.07,73.17,72.97,73.03,89.0
2025-08-20,14:00:00,73.0,73.41,72.92,73.41,71.0
2025-08-20,15:00:00,73.28,73.28,72.88,72.93,61.0
2025-08-20,16:00:00,73.02,73.02,72.71,72.83,150.0
2025-08-20,17:00:00,72.87,72.88,72.78,72.83,14.0
2025-08-20,18:00:00,72.79,72.89,72.57,72.61,76.0
2025-08-20,19:00:00,72.63,72.85,72.63,72.73,20.0
2025-08-20,20:00:00,72.78,72.87,72.77,72.86,44.0
2025-08-20,21:00:00,72.93,73.1,72.88,72.97,70.0
2025-08-20,22:00:00,73.24,73.37,73.15,73.17,102.0
2025-08-20,23:00:00,73.02,73.38,73.02,73.35,141.0
2025-08-21,14:00:00,73.23,73.24,72.99,72.99,53.0
2025-08-21,15:00:00,73.03,73.3,72.99,73.3,41.0
2025-08-21,16:00:00,73.29,73.74,73.26,73.62,160.0
2025-08-21,17:00:00,73.71,73.84,73.69,73.71,60.0
2025-08-21,18:00:00,73.77,73.94,73.62,73.9,90.0
2025-08-21,19:00:00,73.9,74.22,73.8,74.21,72.0
2025-08-21,20:00:00,74.25,74.41,73.87,73.87,117.0
2025-08-21,21:00:00,74.18,74.31,73.97,73.97,110.0
2025-08-21,22:00:00,73.97,74.33,73.87,74.33,46.0
2025-08-21,23:00:00,74.31,74.65,74.28,74.52,67.0
2025-08-22,14:00:00,74.58,74.67,74.37,74.37,39.0
2025-08-22,15:00:00,74.37,74.67,74.32,74.53,30.0
2025-08-22,16:00:00,74.57,74.7,74.55,74.55,92.0
2025-08-22,17:00:00,74.59,74.59,74.33,74.4,45.0
2025-08-22,18:00:00,74.4,74.4,74.23,74.38,44.0
2025-08-22,19:00:00,74.48,74.53,74.35,74.35,71.0
2025-08-22,20:00:00,74.4,74.52,74.38,74.45,56.0
2025-08-22,21:00:00,74.45,74.45,74.3,74.39,37.0
2025-08-22,22:00:00,74.35,74.47,74.25,74.47,20.0
2025-08-22,23:00:00,74.38,74.52,74.32,74.41,83.0
2025-08-25,14:00:00,74.53,74.53,74.0,74.04,40.0
2025-08-25,15:00:00,74.01,74.32,74.0,74.3,27.0
2025-08-25,16:00:00,74.07,74.11,73.88,73.88,56.0
2025-08-25,17:00:00,73.83,73.95,73.83,73.95,7.0
2025-08-25,18:00:00,74.02,74.05,73.91,73.92,109.0
2025-08-25,19:00:00,74.05,74.05,73.95,73.95,7.0
2025-08-25,20:00:00,74.0,74.03,73.93,73.98,16.0
2025-08-25,21:00:00,73.92,74.46,73.92,74.36,73.0
2025-08-25,22:00:00,74.35,74.41,74.27,74.41,59.0
2025-08-25,23:00:00,74.38,74.43,73.84,73.91,40.0
2025-08-26,14:00:00,73.92,73.92,73.7,73.7,8.0
2025-08-26,15:00:00,73.65,73.84,73.56,73.75,57.0
2025-08-26,16:00:00,73.73,73.79,73.69,73.73,24.0
2025-08-26,17:00:00,73.76,73.81,73.6,73.6,25.0
2025-08-26,18:00:00,73.67,73.74,73.67,73.7,11.0
2025-08-26,19:00:00,73.67,74.15,73.67,74.15,38.0
2025-08-26,20:00:00,74.17,74.3,74.1,74.2,79.0
2025-08-26,21:00:00,74.31,74.78,74.26,74.62,82.0
2025-08-26,22:00:00,74.64,74.89,74.6,74.84,152.0
2025-08-26,23:00:00,74.84,74.88,74.48,74.62,89.0
2025-08-27,14:00:00,74.67,75.2,74.67,75.2,33.0
2025-08-27,15:00:00,75.1,75.1,74.65,74.72,18.0
2025-08-27,16:00:00,74.81,74.98,74.69,74.88,49.0
2025-08-27,17:00:00,74.93,74.93,74.52,74.7,119.0
2025-08-27,18:00:00,74.59,74.59,74.33,74.48,88.0
2025-08-27,19:00:00,74.55,74.6,74.52,74.6,25.0
2025-08-27,20:00:00,74.68,74.68,74.44,74.47,55.0
2025-08-27,21:00:00,74.47,74.5,73.88,73.97,223.0
2025-08-27,22:00:00,73.99,74.25,73.99,74.14,162.0
2025-08-27,23:00:00,74.15,74.24,74.11,74.21,64.0
2025-08-28,14:00:00,74.06,74.15,73.9,73.9,57.0
2025-08-28,15:00:00,73.77,73.92,73.55,73.66,151.0
2025-08-28,16:00:00,73.66,73.84,73.53,73.67,173.0
2025-08-28,17:00:00,73.72,73.72,73.43,73.71,64.0
2025-08-28,18:00:00,73.79,73.87,73.59,73.71,117.0
2025-08-28,19:00:00,73.69,73.73,73.3,73.36,184.0
2025-08-28,20:00:00,73.31,73.45,73.25,73.4,148.0
2025-08-28,21:00:00,73.44,73.6,73.31,73.56,158.0
2025-08-28,22:00:00,73.86,74.03,73.73,73.78,145.0
2025-08-28,23:00:00,73.7,73.8,73.54,73.7,147.0
2025-08-29,14:00:00,73.83,73.97,73.83,73.85,34.0
2025-08-29,15:00:00,73.98,74.01,73.7,73.7,44.0
2025-08-29,16:00:00,73.67,73.8,73.53,73.8,41.0
2025-08-29,17:00:00,73.85,74.63,73.85,74.51,205.0
2025-08-29,18:00:00,74.54,74.88,74.51,74.83,53.0
2025-08-29,19:00:00,74.8,74.8,74.56,74.61,135.0
2025-08-29,20:00:00,74.65,74.83,74.61,74.61,63.0
2025-08-29,21:00:00,74.65,74.66,74.58,74.64,103.0
2025-08-29,22:00:00,74.67,74.68,74.4,74.65,68.0
2025-08-29,23:00:00,74.71,74.95,74.71,74.89,162.0
2025-09-01,14:00:00,74.83,75.57,74.81,75.57,47.0
2025-09-01,15:00:00,75.67,76.0,75.48,75.51,86.0
2025-09-01,16:00:00,75.5,75.79,75.5,75.58,63.0
2025-09-01,17:00:00,75.65,76.0,75.56,75.9,181.0
2025-09-01,18:00:00,76.0,76.16,75.79,75.79,50.0
2025-09-01,19:00:00,75.85,75.87,75.73,75.82,38.0
2025-09-01,20:00:00,75.88,76.19,75.88,76.03,114.0
2025-09-01,21:00:00,76.09,76.25,75.99,76.24,522.0
2025-09-01,22:00:00,76.23,76.46,75.83,75.89,189.0
2025-09-01,23:00:00,75.91,76.31,75.9,76.28,123.0
2025-09-02,14:00:00,76.17,76.17,75.74,75.8,50.0
2025-09-02,15:00:00,75.95,76.0,75.71,75.73,219.0
2025-09-02,16:00:00,75.77,76.14,75.77,76.1,64.0
2025-09-02,17:00:00,76.04,76.15,75.8,76.15,117.0
2025-09-02,18:00:00,76.2,76.36,76.14,76.14,82.0
2025-09-02,19:00:00,76.13,76.22,75.61,75.78,112.0
2025-09-02,20:00:00,75.85,75.9,75.32,75.38,300.0
2025-09-02,21:00:00,75.4,75.76,75.38,75.5,59.0
2025-09-02,22:00:00,75.65,75.76,75.49,75.65,65.0
2025-09-02,23:00:00,75.65,75.73,75.47,75.54,149.0
2025-09-03,14:00:00,75.62,75.62,75.4,75.4,29.0
2025-09-03,15:00:00,75.5,75.6,75.38,75.4,36.0
2025-09-03,16:00:00,75.43,75.86,75.36,75.84,73.0
2025-09-03,17:00:00,75.91,75.97,75.77,75.82,78.0
2025-09-03,18:00:00,75.79,75.8,75.6,75.8,27.0
2025-09-03,19:00:00,75.93,76.65,75.9,76.63,323.0
2025-09-03,20:00:00,76.7,76.7,76.46,76.5,34.0
2025-09-03,21:00:00,76.57,76.63,76.35,76.52,71.0
2025-09-03,22:00:00,76.48,76.89,76.46,76.88,295.0
2025-09-03,23:00:00,76.89,77.0,76.81,76.91,735.0
2025-09-04,14:00:00,76.81,76.81,76.63,76.65,66.0
2025-09-04,15:00:00,76.79,77.27,76.69,77.24,133.0
2025-09-04,16:00:00,77.25,77.36,76.94,76.94,165.0
2025-09-04,17:00:00,76.91,76.91,76.59,76.79,239.0
2025-09-04,18:00:00,76.86,77.02,76.78,77.02,136.0
2025-09-04,19:00:00,76.97,77.12,76.83,76.86,139.0
2025-09-04,20:00:00,76.89,77.26,76.87,77.21,83.0
2025-09-04,21:00:00,77.2,77.41,77.12,77.37,331.0
2025-09-04,22:00:00,77.39,77.39,77.0,77.32,176.0
2025-09-04,23:00:00,77.35,77.67,77.31,77.51,145.0
2025-09-05,14:00:00,77.47,77.66,77.39,77.66,36.0
2025-09-05,15:00:00,77.74,78.11,77.73,77.73,146.0
2025-09-05,16:00:00,77.7,78.09,77.6,78.02,61.0
2025-09-05,17:00:00,78.0,78.22,77.94,78.08,92.0
2025-09-05,18:00:00,78.13,78.2,78.0,78.15,40.0
2025-09-05,19:00:00,78.15,78.16,78.01,78.08,44.0
2025-09-05,20:00:00,78.05,78.11,77.58,77.77,466.0
2025-09-05,21:00:00,77.84,78.0,77.84,77.94,168.0
2025-09-05,22:00:00,77.95,78.09,77.77,78.0,154.0
2025-09-05,23:00:00,78.0,78.09,77.93,77.99,110.0
2025-09-08,14:00:00,78.24,78.46,78.23,78.23,24.0
2025-09-08,15:00:00,78.3,78.31,77.78,77.81,24.0
2025-09-08,16:00:00,77.68,77.75,77.54,77.61,153.0
2025-09-08,17:00:00,77.62,78.32,77.62,78.13,90.0
2025-09-08,18:00:00,78.15,78.31,78.12,78.31,37.0
2025-09-08,19:00:00,78.37,78.49,78.36,78.43,63.0
2025-09-08,20:00:00,78.44,78.5,78.3,78.36,92.0
2025-09-08,21:00:00,78.28,79.26,78.28,79.23,347.0
2025-09-08,22:00:00,79.23,79.3,78.96,79.12,330.0
2025-09-08,23:00:00,79.1,79.19,78.8,78.86,123.0
2025-09-09,14:00:00,78.99,79.13,78.88,78.89,27.0
2025-09-09,15:00:00,79.07,79.2,78.94,78.94,49.0
2025-09-09,16:00:00,79.02,79.06,78.68,78.83,112.0
2025-09-09,17:00:00,78.95,79.1,78.91,79.1,241.0
2025-09-09,18:00:00,79.08,79.17,78.43,78.62,229.0
2025-09-09,19:00:00,78.61,78.61,78.18,78.18,187.0
2025-09-09,20:00:00,78.2,78.45,77.99,78.28,262.0
2025-09-09,21:00:00,78.28,78.6,78.28,78.59,421.0
2025-09-09,22:00:00,78.59,78.72,78.4,78.6,174.0
2025-09-09,23:00:00,78.65,79.0,78.65,78.7,165.0
2025-09-10,14:00:00,78.81,79.14,78.81,79.01,50.0
2025-09-10,15:00:00,79.02,79.17,78.25,78.56,218.0
2025-09-10,16:00:00,78.56,78.89,78.4,78.8,160.0
2025-09-10,17:00:00,78.9,78.98,78.77,78.77,105.0
2025-09-10,18:00:00,78.74,79.0,78.41,78.58,179.0
2025-09-10,19:00:00,78.7,78.93,78.63,78.86,68.0
2025-09-10,20:00:00,78.84,78.85,78.55,78.55,70.0
2025-09-10,21:00:00,78.45,78.88,78.45,78.81,189.0
2025-09-10,22:00:00,78.85,78.91,78.65,78.84,108.0
2025-09-10,23:00:00,78.98,79.52,78.95,79.22,505.0
2025-09-11,14:00:00,79.27,79.27,78.68,78.68,80.0
2025-09-11,15:00:00,78.69,78.88,78.61,78.68,53.0
2025-09-11,16:00:00,78.8,78.8,78.53,78.58,110.0
2025-09-11,17:00:00,78.64,78.64,78.27,78.39,55.0
2025-09-11,18:00:00,78.45,78.66,78.45,78.55,25.0
2025-09-11,19:00:00,78.53,78.59,78.32,78.4,457.0
2025-09-11,20:00:00,78.39,78.39,77.37,77.4,546.0
2025-09-11,21:00:00,77.45,77.71,77.35,77.62,164.0
2025-09-11,22:00:00,77.58,77.74,77.4,77.48,232.0
2025-09-11,23:00:00,77.45,77.68,77.32,77.38,959.0
2025-09-12,14:00:00,77.32,77.52,77.3,77.43,44.0
2025-09-12,15:00:00,77.47,77.7,77.3,77.36,77.0
2025-09-12,16:00:00,77.37,77.54,77.09,77.52,337.0
2025-09-12,17:00:00,77.52,77.71,77.48,77.6,81.0
2025-09-12,18:00:00,77.66,77.86,77.51,77.84,57.0
2025-09-12,19:00:00,77.81,77.83,77.59,77.75,32.0
2025-09-12,20:00:00,77.92,78.02,77.6,77.76,200.0
2025-09-12,21:00:00,77.72,77.98,77.69,77.96,162.0
2025-09-12,22:00:00,77.91,77.91,77.79,77.83,18.0
2025-09-12,23:00:00,77.91,77.91,77.61,77.72,197.0
2025-09-15,14:00:00,77.7,77.71,77.48,77.58,44.0
2025-09-15,15:00:00,77.63,77.66,77.12,77.21,67.0
2025-09-15,16:00:00,77.27,77.62,77.27,77.51,108.0
2025-09-15,17:00:00,77.43,77.68,77.32,77.68,339.0
2025-09-15,18:00:00,77.74,77.85,77.49,77.8,77.0
2025-09-15,19:00:00,77.85,78.4,77.85,78.38,170.0
2025-09-15,20:00:00,78.36,78.71,78.36,78.48,143.0
2025-09-15,21:00:00,78.5,78.8,78.5,78.59,78.0
2025-09-15,22:00:00,78.57,79.03,78.5,78.73,97.0
2025-09-15,23:00:00,78.75,79.05,78.66,79.02,89.0
2025-09-16,14:00:00,78.98,79.12,78.82,78.82,84.0
2025-09-16,15:00:00,78.69,78.8,78.55,78.58,121.0
2025-09-16,16:00:00,78.55,78.8,78.5,78.6,137.0
2025-09-16,17:00:00,78.6,78.74,78.59,78.73,44.0
2025-09-16,18:00:00,78.78,79.0,78.73,78.88,46.0
2025-09-16,19:00:00,78.87,79.84,78.86,79.78,225.0
2025-09-16,20:00:00,79.84,80.26,79.7,79.9,217.0
2025-09-16,21:00:00,79.85,79.85,79.19,79.2,334.0
2025-09-16,22:00:00,79.3,79.55,79.23,79.37,282.0
2025-09-16,23:00:00,79.37,79.59,79.29,79.56,219.0
2025-09-17,14:00:00,79.79,80.08,79.73,79.97,66.0
2025-09-17,15:00:00,80.05,80.16,79.75,79.82,95.0
2025-09-17,16:00:00,79.91,80.43,79.9,80.12,260.0
2025-09-17,17:00:00,80.09,80.09,79.37,79.66,220.0
2025-09-17,18:00:00,79.69,79.95,79.45,79.88,97.0
2025-09-17,19:00:00,79.91,79.91,79.74,79.74,82.0
2025-09-17,20:00:00,79.82,79.84,79.16,79.24,420.0
2025-09-17,21:00:00,79.2,79.61,79.2,79.35,157.0
2025-09-17,22:00:00,79.27,79.4,78.7,78.85,380.0
2025-09-17,23:00:00,78.87,79.06,78.79,78.91,367.0
2025-09-18,14:00:00,78.88,79.33,78.88,79.33,30.0
2025-09-18,15:00:00,79.43,79.84,79.36,79.84,35.0
2025-09-18,16:00:00,79.84,79.86,79.73,79.86,48.0
2025-09-18,17:00:00,79.76,80.13,79.71,79.98,106.0
2025-09-18,18:00:00,80.02,80.25,80.02,80.08,108.0
2025-09-18,19:00:00,79.77,79.91,79.75,79.75,90.0
2025-09-18,20:00:00,79.82,79.99,79.64,79.67,174.0
2025-09-18,21:00:00,79.65,79.67,79.39,79.62,284.0
2025-09-18,22:00:00,79.67,79.96,79.66,79.92,170.0
2025-09-18,23:00:00,79.88,80.02,79.5,79.56,242.0
2025-09-19,14:00:00,79.47,79.49,79.27,79.43,16.0
2025-09-19,15:00:00,79.49,79.53,79.18,79.18,36.0
2025-09-19,16:00:00,79.22,79.44,79.09,79.1,101.0
2025-09-19,17:00:00,79.14,79.3,79.1,79.28,88.0
2025-09-19,18:00:00,79.22,79.51,79.22,79.3,76.0
2025-09-19,19:00:00,79.36,79.39,79.16,79.19,86.0
2025-09-19,20:00:00,79.18,79.73,79.18,79.53,72.0
2025-09-19,21:00:00,79.63,79.67,79.55,79.57,64.0
2025-09-19,22:00:00,79.66,79.75,79.5,79.54,32.0
2025-09-19,23:00:00,79.55,79.6,79.48,79.56,84.0
2025-09-22,14:00:00,79.49,79.61,79.14,79.18,73.0
2025-09-22,15:00:00,79.4,79.66,79.37,79.37,20.0
2025-09-22,16:00:00,79.43,79.43,79.26,79.39,40.0
2025-09-22,17:00:00,79.3,79.3,78.29,78.41,175.0
2025-09-22,18:00:00,78.27,78.72,78.27,78.55,91.0
2025-09-22,19:00:00,78.67,78.76,78.16,78.21,82.0
2025-09-22,20:00:00,78.28,78.42,78.16,78.3,88.0
2025-09-22,21:00:00,78.32,78.4,78.23,78.27,82.0
2025-09-22,22:00:00,78.3,78.3,77.94,78.25,137.0
2025-09-22,23:00:00,78.27,78.35,78.16,78.3,87.0
2025-09-23,14:00:00,78.11,78.6,78.09,78.14,37.0
2025-09-23,15:00:00,78.1,78.14,77.81,78.14,57.0
2025-09-23,16:00:00,78.23,78.26,77.9,78.16,103.0
2025-09-23,17:00:00,78.05,78.71,77.98,78.5,222.0
2025-09-23,18:00:00,78.52,78.65,78.33,78.41,79.0
2025-09-23,19:00:00,78.46,78.59,78.31,78.59,71.0
2025-09-23,20:00:00,78.71,78.82,78.45,78.47,105.0
2025-09-23,21:00:00,78.51,79.2,78.48,79.15,123.0
2025-09-23,22:00:00,79.15,79.25,78.94,78.94,78.0
2025-09-23,23:00:00,78.94,78.99,78.68,78.7,148.0
2025-09-24,14:00:00,78.68,78.73,78.57,78.66,31.0
2025-09-24,15:00:00,78.65,78.65,77.82,77.96,136.0
2025-09-24,16:00:00,77.94,78.2,77.92,78.13,151.0
2025-09-24,17:00:00,78.09,78.16,77.95,78.03,97.0
2025-09-24,18:00:00,78.05,78.31,77.96,78.17,183.0
2025-09-24,19:00:00,78.11,78.47,78.05,78.28,42.0
2025-09-24,20:00:00,78.31,78.33,78.12,78.12,27.0
2025-09-24,21:00:00,78.08,78.24,78.08,78.23,137.0
2025-09-24,22:00:00,78.14,78.17,77.98,77.98,119.0
2025-09-24,23:00:00,78.04,78.24,77.91,78.11,115.0
2025-09-25,14:00:00,78.24,78.29,78.05,78.28,75.0
2025-09-25,15:00:00,78.29,78.45,78.29,78.45,45.0
2025-09-25,16:00:00,78.48,78.48,78.16,78.16,18.0
2025-09-25,17:00:00,78.11,78.11,77.41,77.99,368.0
2025-09-25,18:00:00,77.79,77.86,77.48,77.59,64.0
2025-09-25,19:00:00,77.49,77.87,77.49,77.81,45.0
2025-09-25,20:00:00,77.81,77.82,77.54,77.74,58.0
2025-09-25,21:00:00,77.95,77.95,77.71,77.71,101.0
2025-09-25,22:00:00,77.76,77.86,77.68,77.79,39.0
2025-09-25,23:00:00,77.8,77.83,77.53,77.54,96.0
2025-09-26,14:00:00,77.58,77.68,77.32,77.33,30.0
2025-09-26,15:00:00,77.6,77.74,77.34,77.39,38.0
2025-09-26,16:00:00,77.45,77.45,77.27,77.31,31.0
2025-09-26,17:00:00,77.27,77.42,77.19,77.28,113.0
2025-09-26,18:00:00,77.31,77.35,77.13,77.32,50.0
2025-09-26,19:00:00,77.38,77.73,77.38,77.73,65.0
2025-09-26,20:00:00,77.73,77.86,77.5,77.7,55.0
2025-09-26,21:00:00,77.71,78.02,77.62,78.0,81.0
2025-09-26,22:00:00,78.04,78.04,77.85,78.02,35.0
2025-09-26,23:00:00,78.03,78.13,77.77,77.84,54.0
2025-09-29,14:00:00,77.8,77.8,77.16,77.36,76.0
2025-09-29,15:00:00,77.3,77.38,77.08,77.38,51.0
2025-09-29,16:00:00,77.36,77.57,77.27,77.57,72.0
2025-09-29,17:00:00,77.64,78.44,77.64,78.23,205.0
2025-09-29,18:00:00,78.25,78.25,77.98,78.05,123.0
2025-09-29,19:00:00,78.01,78.5,77.83,78.43,138.0
2025-09-29,20:00:00,78.38,78.38,78.19,78.24,21.0
2025-09-29,21:00:00,78.16,78.18,78.07,78.09,143.0
2025-09-29,22:00:00,78.09,78.8,78.09,78.8,132.0
2025-09-29,23:00:00,78.91,79.01,78.53,78.58,150.0
2025-09-30,14:00:00,78.72,78.75,78.44,78.47,45.0
2025-09-30,15:00:00,78.57,78.58,78.26,78.38,116.0
2025-09-30,16:00:00,78.4,78.53,78.34,78.4,66.0
2025-09-30,17:00:00,78.4,78.4,78.14,78.14,100.0
2025-09-30,18:00:00,78.15,78.42,78.11,78.4,73.0
2025-09-30,19:00:00,78.32,78.6,78.06,78.5,183.0
2025-09-30,20:00:00,78.48,78.48,78.25,78.31,85.0
2025-09-30,21:00:00,78.3,78.53,77.63,77.79,205.0
2025-09-30,22:00:00,77.66,77.93,77.66,77.93,108.0
2025-09-30,23:00:00,77.82,77.87,77.61,77.68,363.0
2025-10-01,14:00:00,77.64,77.69,77.59,77.59,49.0
2025-10-01,15:00:00,77.34,77.42,77.24,77.24,57.0
2025-10-01,16:00:00,77.24,77.38,76.73,76.77,385.0
2025-10-01,17:00:00,76.7,76.84,76.53,76.81,325.0
2025-10-01,18:00:00,76.82,76.9,76.75,76.81,167.0
2025-10-01,19:00:00,76.82,76.96,76.69,76.88,100.0
2025-10-01,20:00:00,76.89,77.53,76.83,77.25,271.0
2025-10-01,21:00:00,77.36,77.48,77.25,77.36,299.0
2025-10-01,22:00:00,77.3,78.56,77.14,78.52,532.0
2025-10-01,23:00:00,78.47,78.5,78.3,78.41,149.0
2025-10-02,14:00:00,78.53,78.86,78.53,78.83,173.0
2025-10-02,15:00:00,78.85,78.85,78.59,78.69,72.0
2025-10-02,16:00:00,78.67,78.72,78.36,78.48,261.0
2025-10-02,17:00:00,78.52,78.73,78.33,78.39,76.0
2025-10-02,18:00:00,78.37,78.4,78.23,78.36,134.0
2025-10-02,19:00:00,78.27,78.39,78.2,78.34,148.0
2025-10-02,20:00:00,78.23,78.65,78.15,78.63,149.0
2025-10-02,21:00:00,78.65,79.59,78.5,79.42,349.0
2025-10-02,22:00:00,79.4,79.8,79.19,79.6,407.0
2025-10-02,23:00:00,79.53,79.63,79.28,79.34,114.0
2025-10-03,14:00:00,79.69,79.94,79.63,79.65,104.0
2025-10-03,15:00:00,79.69,80.42,79.63,80.35,493.0
2025-10-03,16:00:00,80.34,81.33,80.17,81.04,537.0
2025-10-03,17:00:00,81.07,81.1,80.8,80.93,116.0
2025-10-03,18:00:00,80.83,80.93,80.73,80.9,117.0
2025-10-03,19:00:00,80.9,80.91,80.66,80.7,64.0
2025-10-03,20:00:00,80.75,80.84,80.6,80.7,134.0
2025-10-03,21:00:00,80.73,81.15,80.72,81.02,67.0
2025-10-03,22:00:00,80.98,81.21,80.85,81.21,157.0
2025-10-03,23:00:00,81.18,81.59,81.09,81.59,573.0
2025-10-06,14:00:00,81.8,81.93,81.45,81.8,140.0
2025-10-06,15:00:00,81.89,82.0,81.58,81.71,135.0
2025-10-06,16:00:00,81.68,81.78,81.33,81.57,126.0
2025-10-06,17:00:00,81.49,81.81,81.49,81.74,153.0
2025-10-06,18:00:00,81.67,82.17,81.59,81.9,79.0
2025-10-06,19:00:00,81.9,81.9,81.61,81.62,81.0
2025-10-06,20:00:00,81.58,81.67,81.25,81.27,299.0
2025-10-06,21:00:00,81.3,81.4,80.7,81.08,882.0
2025-10-06,22:00:00,81.1,81.16,80.9,80.94,230.0
2025-10-06,23:00:00,80.94,81.06,80.69,80.87,133.0
2025-10-07,14:00:00,80.86,81.08,80.71,80.89,130.0
2025-10-07,15:00:00,80.94,81.17,80.57,80.65,67.0
2025-10-07,16:00:00,80.65,80.76,80.41,80.73,659.0
2025-10-07,17:00:00,80.73,80.82,80.56,80.7,223.0
2025-10-07,18:00:00,80.79,80.95,80.65,80.95,92.0
2025-10-07,19:00:00,80.92,81.16,80.68,80.69,135.0
2025-10-07,20:00:00,80.6,80.9,80.49,80.5,208.0
2025-10-07,21:00:00,80.57,80.75,80.5,80.65,99.0
2025-10-07,22:00:00,80.65,80.66,80.06,80.23,495.0
2025-10-07,23:00:00,80.3,80.51,80.15,80.42,214.0
2025-10-08,14:00:00,80.41,80.47,80.26,80.26,10.0
2025-10-08,15:00:00,80.34,80.56,79.98,80.56,126.0
2025-10-08,16:00:00,80.58,80.62,80.31,80.31,117.0
2025-10-08,17:00:00,80.33,81.0,80.17,80.9,100.0
2025-10-08,18:00:00,80.9,81.1,80.84,80.84,122.0
2025-10-08,19:00:00,80.81,80.91,80.6,80.6,55.0
2025-10-08,20:00:00,80.66,80.74,80.51,80.51,62.0
2025-10-08,21:00:00,80.58,80.62,80.09,80.24,489.0
2025-10-08,22:00:00,80.26,80.74,80.26,80.71,175.0
2025-10-08,23:00:00,80.84,81.31,80.84,81.18,307.0
2025-10-09,14:00:00,80.92,80.92,80.6,80.69,41.0
2025-10-09,15:00:00,80.61,80.65,80.42,80.48,119.0
2025-10-09,16:00:00,80.4,80.45,80.11,80.45,141.0
2025-10-09,17:00:00,80.44,80.94,80.44,80.46,80.0
2025-10-09,18:00:00,80.29,80.35,80.21,80.31,42.0
2025-10-09,19:00:00,80.34,80.46,80.22,80.24,33.0
2025-10-09,20:00:00,80.41,80.62,80.4,80.47,27.0
2025-10-09,21:00:00,80.53,80.78,80.48,80.58,89.0
2025-10-09,22:00:00,80.7,81.2,80.7,81.2,175.0
2025-10-09,23:00:00,81.35,81.57,81.19,81.3,126.0
2025-10-10,14:00:00,81.25,81.45,81.08,81.1,51.0
2025-10-10,15:00:00,81.31,81.54,81.28,81.46,173.0
2025-10-10,16:00:00,81.48,82.0,81.48,81.73,808.0
2025-10-10,17:00:00,81.73,81.92,81.51,81.8,334.0
2025-10-10,18:00:00,81.84,82.3,81.75,81.89,290.0
2025-10-10,19:00:00,81.89,82.15,81.77,81.82,111.0
2025-10-10,20:00:00,81.75,82.13,81.51,81.92,356.0
2025-10-10,21:00:00,81.97,82.4,81.91,82.35,300.0
2025-10-10,22:00:00,82.37,82.37,82.17,82.24,183.0
2025-10-10,23:00:00,82.21,82.21,81.28,81.37,288.0
2025-10-13,14:00:00,81.67,81.76,80.8,80.96,374.0
2025-10-13,15:00:00,80.99,81.75,80.92,81.36,67.0
2025-10-13,16:00:00,81.21,81.21,80.85,81.16,194.0
2025-10-13,17:00:00,81.1,81.1,80.46,80.64,283.0
2025-10-13,18:00:00,80.58,80.73,80.43,80.73,155.0
2025-10-13,19:00:00,80.69,80.73,80.53,80.73,161.0
2025-10-13,20:00:00,80.72,80.73,80.19,80.34,218.0
2025-10-13,21:00:00,80.35,80.42,79.92,80.33,806.0
2025-10-13,22:00:00,80.29,80.3,80.08,80.22,137.0
2025-10-13,23:00:00,80.21,80.21,79.8,79.89,446.0
2025-10-14,14:00:00,79.8,79.8,79.3,79.3,171.0
2025-10-14,15:00:00,79.35,79.47,79.11,79.25,518.0
2025-10-14,16:00:00,79.23,79.4,79.14,79.36,298.0
2025-10-14,17:00:00,79.36,79.38,78.88,79.11,671.0
2025-10-14,18:00:00,79.1,79.17,78.85,78.92,471.0
2025-10-14,19:00:00,78.86,79.17,78.83,79.15,125.0
2025-10-14,20:00:00,79.03,79.03,78.83,78.91,58.0
2025-10-14,21:00:00,79.09,79.25,79.02,79.17,434.0
2025-10-14,22:00:00,79.17,79.17,78.99,79.11,297.0
2025-10-14,23:00:00,79.12,79.12,78.75,78.77,449.0
2025-10-15,14:00:00,78.84,79.55,78.84,79.54,50.0
2025-10-15,15:00:00,79.5,79.5,79.23,79.37,167.0
2025-10-15,16:00:00,79.39,79.39,78.98,78.98,248.0
2025-10-15,17:00:00,79.1,79.43,79.05,79.37,573.0
2025-10-15,18:00:00,79.36,79.42,79.3,79.42,74.0
2025-10-15,19:00:00,79.5,79.72,79.45,79.57,68.0
2025-10-15,20:00:00,79.5,79.5,79.18,79.19,69.0
2025-10-15,21:00:00,79.14,79.45,79.1,79.45,100.0
2025-10-15,22:00:00,79.5,80.3,79.5,80.08,487.0
2025-10-15,23:00:00,80.08,80.17,79.85,80.13,438.0
2025-10-16,14:00:00,80.03,80.24,80.02,80.1,11.0
2025-10-16,15:00:00,80.02,80.02,79.81,79.82,55.0
2025-10-16,16:00:00,79.83,80.15,79.79,80.15,32.0
2025-10-16,17:00:00,80.34,80.89,80.34,80.89,452.0
2025-10-16,18:00:00,80.79,80.9,80.75,80.85,60.0
2025-10-16,19:00:00,80.69,80.91,80.68,80.85,88.0
2025-10-16,20:00:00,80.85,81.0,80.75,80.9,145.0
2025-10-16,21:00:00,80.9,81.73,80.85,81.39,693.0
2025-10-16,22:00:00,81.48,81.69,81.25,81.42,186.0
2025-10-16,23:00:00,81.52,81.65,81.33,81.52,329.0
2025-10-17,14:00:00,81.0,81.04,80.72,80.73,130.0
2025-10-17,15:00:00,80.79,80.79,80.2,80.46,280.0
2025-10-17,16:00:00,80.44,80.49,80.25,80.37,124.0
2025-10-17,17:00:00,80.45,81.23,80.39,81.02,216.0
2025-10-17,18:00:00,81.01,81.3,80.96,80.96,117.0
2025-10-17,19:00:00,81.07,81.49,80.97,81.36,127.0
2025-10-17,20:00:00,81.37,81.85,81.36,81.73,430.0
2025-10-17,21:00:00,81.73,81.94,81.59,81.62,147.0
2025-10-17,22:00:00,81.6,81.89,81.49,81.49,214.0
2025-10-17,23:00:00,81.49,81.58,81.27,81.37,188.0
2025-10-20,14:00:00,81.59,81.59,81.13,81.25,40.0
2025-10-20,15:00:00,81.15,81.55,81.02,81.12,79.0
2025-10-20,16:00:00,81.13,81.3,80.99,81.19,70.0
2025-10-20,17:00:00,81.24,81.63,81.18,81.32,106.0
2025-10-20,18:00:00,81.32,81.38,81.15,81.17,53.0
2025-10-20,19:00:00,81.17,81.27,81.03,81.06,140.0
2025-10-20,20:00:00,81.05,81.05,80.7,81.01,260.0
2025-10-20,21:00:00,81.0,81.65,80.91,81.54,270.0
2025-10-20,22:00:00,81.6,81.99,81.51,81.64,277.0
2025-10-20,23:00:00,81.7,81.99,81.68,81.93,387.0
2025-10-21,14:00:00,81.8,82.0,81.42,81.5,58.0
2025-10-21,15:00:00,81.36,81.5,81.33,81.33,79.0
2025-10-21,16:00:00,81.39,81.41,80.98,81.18,317.0
2025-10-21,17:00:00,81.23,81.45,81.22,81.34,188.0
2025-10-21,18:00:00,81.3,81.75,81.28,81.75,357.0
2025-10-21,19:00:00,81.75,81.76,81.53,81.7,187.0
2025-10-21,20:00:00,81.75,81.8,81.25,81.31,272.0
2025-10-21,21:00:00,81.2,81.36,81.0,81.33,266.0
2025-10-21,22:00:00,81.36,81.67,81.34,81.64,105.0
2025-10-21,23:00:00,81.6,81.73,81.34,81.44,195.0
2025-10-22,14:00:00,81.39,81.56,81.35,81.5,35.0
2025-10-22,15:00:00,81.55,81.6,81.25,81.52,65.0
2025-10-22,16:00:00,81.51,81.53,81.0,81.13,283.0
2025-10-22,17:00:00,81.16,81.16,80.85,81.0,417.0
2025-10-22,18:00:00,81.13,81.42,81.06,81.1,220.0
2025-10-22,19:00:00,81.14,81.38,81.12,81.31,88.0
2025-10-22,20:00:00,81.14,81.37,81.14,81.15,61.0
2025-10-22,21:00:00,81.12,81.23,80.34,80.42,549.0
2025-10-22,22:00:00,80.5,80.61,80.2,80.4,254.0
2025-10-22,23:00:00,80.45,80.74,80.39,80.48,163.0
2025-10-23,14:00:00,80.61,80.76,80.43,80.62,55.0
2025-10-23,15:00:00,80.86,81.2,80.81,81.2,138.0
2025-10-23,16:00:00,81.15,81.2,80.6,80.79,232.0
2025-10-23,17:00:00,80.78,81.16,80.7,80.85,74.0
2025-10-23,18:00:00,80.85,80.9,80.63,80.68,96.0
2025-10-23,19:00:00,80.71,80.71,80.22,80.25,127.0
2025-10-23,20:00:00,80.2,80.46,80.05,80.46,263.0
2025-10-23,21:00:00,80.36,80.62,80.3,80.44,132.0
2025-10-23,22:00:00,80.5,80.55,80.37,80.46,125.0
2025-10-23,23:00:00,80.45,80.5,80.15,80.19,77.0
2025-10-24,14:00:00,80.29,80.44,80.15,80.26,43.0
2025-10-24,15:00:00,80.3,80.53,80.27,80.53,34.0
2025-10-24,16:00:00,80.57,80.88,80.57,80.77,179.0
2025-10-24,17:00:00,80.82,80.82,80.44,80.53,87.0
2025-10-24,18:00:00,80.48,80.54,80.37,80.43,85.0
2025-10-24,19:00:00,80.59,80.59,80.31,80.31,28.0
2025-10-24,20:00:00,80.44,80.52,80.23,80.26,119.0
2025-10-24,21:00:00,80.22,80.22,79.94,80.02,600.0
2025-10-24,22:00:00,80.01,80.45,80.0,80.45,205.0
2025-10-24,23:00:00,80.43,80.46,80.3,80.44,103.0
2025-10-27,15:00:00,80.24,80.24,79.85,79.85,91.0
2025-10-27,16:00:00,80.03,80.03,79.48,79.74,265.0
2025-10-27,17:00:00,79.85,79.92,79.73,79.73,197.0
2025-10-27,18:00:00,79.72,79.87,79.21,79.36,360.0
2025-10-27,19:00:00,79.33,79.47,79.16,79.17,284.0
2025-10-27,20:00:00,79.17,79.28,79.13,79.15,130.0
2025-10-27,21:00:00,79.13,79.4,79.04,79.4,118.0
2025-10-27,22:00:00,79.39,79.45,79.27,79.4,216.0
2025-10-27,23:00:00,79.44,79.7,79.35,79.59,82.0
2025-10-28,00:00:00,79.67,79.86,79.63,79.69,76.0
2025-10-28,15:00:00,79.92,80.02,79.75,79.86,36.0
2025-10-28,16:00:00,79.58,80.09,79.58,80.01,63.0
2025-10-28,17:00:00,80.0,80.38,80.0,80.08,207.0
2025-10-28,18:00:00,80.15,80.8,80.15,80.61,265.0
2025-10-28,19:00:00,80.68,80.8,80.49,80.5,117.0
2025-10-28,20:00:00,80.55,80.74,80.4,80.74,65.0
2025-10-28,21:00:00,80.75,80.8,80.56,80.71,126.0
2025-10-28,22:00:00,80.77,80.89,80.53,80.61,196.0
2025-10-28,23:00:00,80.42,80.47,80.27,80.39,90.0
2025-10-29,00:00:00,80.37,80.42,80.3,80.42,109.0
2025-10-29,15:00:00,80.66,81.14,80.61,80.89,89.0
2025-10-29,16:00:00,80.73,80.87,80.5,80.5,56.0
2025-10-29,17:00:00,80.49,80.85,80.49,80.82,97.0
2025-10-29,18:00:00,80.87,80.89,80.34,80.4,387.0
2025-10-29,19:00:00,80.28,80.38,80.21,80.38,57.0
2025-10-29,20:00:00,80.37,80.53,80.37,80.53,106.0
2025-10-29,21:00:00,80.45,80.92,80.44,80.81,122.0
2025-10-29,22:00:00,80.86,80.87,80.58,80.58,52.0
2025-10-29,23:00:00,80.6,80.62,80.44,80.62,22.0
2025-10-30,00:00:00,80.67,80.95,80.67,80.79,163.0
2025-10-30,15:00:00,80.83,81.22,80.73,80.77,135.0
2025-10-30,16:00:00,80.77,81.4,80.72,81.03,354.0
2025-10-30,17:00:00,81.1,81.1,80.9,80.91,61.0
2025-10-30,18:00:00,81.01,81.55,80.96,81.52,383.0
2025-10-30,19:00:00,81.5,81.5,81.2,81.24,107.0
2025-10-30,20:00:00,81.31,81.4,81.22,81.31,39.0
2025-10-30,21:00:00,81.37,81.41,81.18,81.41,84.0
2025-10-30,22:00:00,81.23,81.34,80.87,80.9,198.0
2025-10-30,23:00:00,80.86,81.11,80.8,80.82,224.0
2025-10-31,00:00:00,80.84,80.84,80.59,80.62,257.0
2025-10-31,15:00:00,80.81,80.92,80.55,80.92,62.0
2025-10-31,16:00:00,81.0,81.05,80.91,80.97,57.0
2025-10-31,17:00:00,81.09,81.09,80.82,81.0,119.0
2025-10-31,18:00:00,81.11,81.11,80.7,80.9,103.0
2025-10-31,19:00:00,80.85,80.86,80.53,80.76,74.0
2025-10-31,20:00:00,80.75,80.75,80.09,80.1,241.0
2025-10-31,21:00:00,80.13,80.39,80.05,80.37,121.0
2025-10-31,22:00:00,80.52,80.53,80.4,80.41,56.0
2025-10-31,23:00:00,80.42,80.63,80.39,80.5,171.0
2025-11-01,00:00:00,80.45,80.65,80.41,80.54,147.0
2025-11-03,15:00:00,80.92,81.46,80.87,81.36,288.0
2025-11-03,16:00:00,81.29,81.85,81.29,81.5,315.0
2025-11-03,17:00:00,81.55,81.71,81.42,81.47,158.0
2025-11-03,18:00:00,81.5,82.53,81.5,82.53,593.0
2025-11-03,19:00:00,82.62,82.84,82.49,82.54,503.0
2025-11-03,20:00:00,82.53,83.0,82.53,82.82,197.0
2025-11-03,21:00:00,82.83,83.03,82.77,83.0,162.0
2025-11-03,22:00:00,83.0,83.79,82.94,83.44,520.0
2025-11-03,23:00:00,83.5,83.55,83.13,83.49,133.0
2025-11-04,00:00:00,83.52,83.65,83.2,83.57,107.0
2025-11-04,15:00:00,83.44,83.77,83.36,83.36,135.0
2025-11-04,16:00:00,83.45,83.92,83.27,83.92,154.0
2025-11-04,17:00:00,83.92,84.1,83.49,83.49,340.0
2025-11-04,18:00:00,83.45,83.6,83.26,83.5,222.0
2025-11-04,19:00:00,83.47,83.68,83.17,83.45,185.0
2025-11-04,20:00:00,83.49,83.87,83.44,83.87,149.0
2025-11-04,21:00:00,83.88,83.96,83.5,83.75,168.0
2025-11-04,22:00:00,83.78,84.15,83.78,84.01,216.0
2025-11-04,23:00:00,84.1,84.48,84.04,84.4,590.0
2025-11-05,00:00:00,84.38,84.45,84.22,84.33,192.0
2025-11-05,15:00:00,84.11,84.11,83.7,83.81,171.0
2025-11-05,16:00:00,83.9,84.18,83.54,83.58,573.0
2025-11-05,17:00:00,83.5,83.58,83.0,83.4,385.0
2025-11-05,18:00:00,83.5,83.76,83.5,83.54,151.0
2025-11-05,19:00:00,83.52,83.81,83.43,83.43,147.0
2025-11-05,20:00:00,83.59,83.59,83.2,83.54,335.0
2025-11-05,21:00:00,83.48,83.76,83.4,83.6,132.0
2025-11-05,22:00:00,83.65,83.65,83.34,83.43,188.0
2025-11-05,23:00:00,83.43,83.44,83.21,83.32,174.0
2025-11-06,00:00:00,83.32,83.62,83.32,83.59,184.0
2025-11-06,15:00:00,83.22,83.24,82.9,83.03,156.0
2025-11-06,16:00:00,83.04,83.04,82.44,82.53,1028.0
2025-11-06,17:00:00,82.55,82.76,82.44,82.44,124.0
2025-11-06,18:00:00,82.42,82.7,82.29,82.7,258.0
2025-11-06,19:00:00,82.75,82.75,82.54,82.54,71.0
2025-11-06,20:00:00,82.6,82.7,82.5,82.5,102.0
2025-11-06,21:00:00,82.47,82.53,82.34,82.37,148.0
2025-11-06,22:00:00,82.38,82.47,82.2,82.4,249.0
2025-11-06,23:00:00,82.44,82.64,82.22,82.22,127.0
2025-11-07,00:00:00,82.22,82.52,82.21,82.4,72.0
2025-11-07,15:00:00,82.43,82.65,82.25,82.55,92.0
2025-11-07,16:00:00,82.45,82.77,82.16,82.16,198.0
2025-11-07,17:00:00,82.23,82.23,81.98,82.04,90.0
2025-11-07,18:00:00,82.13,82.21,81.85,81.94,70.0
2025-11-07,19:00:00,81.93,82.23,81.75,82.23,264.0
2025-11-07,20:00:00,82.21,82.21,81.74,81.76,80.0
2025-11-07,21:00:00,81.77,81.85,81.6,81.67,141.0
2025-11-07,22:00:00,81.69,81.72,81.61,81.66,156.0
2025-11-07,23:00:00,81.71,81.84,81.56,81.58,215.0
2025-11-08,00:00:00,81.55,81.76,81.52,81.68,206.0
2025-11-10,15:00:00,81.92,82.3,81.89,82.29,132.0
2025-11-10,16:00:00,82.36,82.38,81.9,82.19,113.0
2025-11-10,17:00:00,82.23,82.3,81.92,82.15,59.0
2025-11-10,18:00:00,82.14,82.4,82.14,82.26,289.0
2025-11-10,19:00:00,82.26,82.26,81.93,82.1,128.0
2025-11-10,20:00:00,81.95,82.12,81.38,81.42,274.0
2025-11-10,21:00:00,81.35,81.65,81.04,81.64,706.0
2025-11-10,22:00:00,81.62,81.98,81.49,81.92,321.0
2025-11-10,23:00:00,81.9,82.12,81.78,81.99,128.0
2025-11-11,00:00:00,81.95,82.25,81.89,82.1,111.0
2025-11-11,15:00:00,82.12,82.12,81.63,81.63,88.0
2025-11-11,16:00:00,81.68,82.0,81.6,81.69,58.0
2025-11-11,17:00:00,81.8,82.29,81.8,82.29,161.0
2025-11-11,18:00:00,82.2,82.27,81.97,82.13,122.0
2025-11-11,19:00:00,82.19,82.3,82.09,82.3,74.0
2025-11-11,20:00:00,82.25,82.51,82.17,82.28,132.0
2025-11-11,21:00:00,82.29,82.95,82.22,82.81,328.0
2025-11-11,22:00:00,82.95,82.95,82.65,82.85,248.0
2025-11-11,23:00:00,82.81,82.84,82.66,82.66,165.0
2025-11-12,00:00:00,82.66,82.88,82.63,82.83,297.0
2025-11-12,15:00:00,83.03,83.5,83.03,83.4,115.0
2025-11-12,16:00:00,83.4,84.1,83.32,83.9,734.0
2025-11-12,17:00:00,83.98,84.29,83.92,83.94,528.0
2025-11-12,18:00:00,83.93,83.96,83.75,83.82,396.0
2025-11-12,19:00:00,83.84,84.5,83.81,84.37,884.0
2025-11-12,20:00:00,84.37,84.5,84.12,84.16,312.0
2025-11-12,21:00:00,84.16,84.43,84.09,84.14,317.0
2025-11-12,22:00:00,84.1,84.15,83.9,83.92,517.0
2025-11-12,23:00:00,83.93,84.2,83.69,84.0,473.0
2025-11-13,00:00:00,84.03,84.18,83.97,84.15,293.0
2025-11-13,15:00:00,84.2,84.94,84.2,84.7,178.0
2025-11-13,16:00:00,84.64,84.73,84.0,84.0,337.0
2025-11-13,17:00:00,83.95,84.08,83.76,83.87,269.0
2025-11-13,18:00:00,83.83,83.98,83.54,83.94,216.0
2025-11-13,19:00:00,83.87,83.87,83.6,83.78,109.0
2025-11-13,20:00:00,83.83,84.01,83.58,83.66,225.0
2025-11-13,21:00:00,83.64,83.81,83.62,83.78,117.0
2025-11-13,22:00:00,83.82,83.85,83.74,83.81,236.0
2025-11-13,23:00:00,83.85,83.86,83.13,83.3,482.0
2025-11-14,00:00:00,83.34,83.63,83.34,83.57,211.0
2025-11-14,15:00:00,83.49,83.7,83.28,83.28,111.0
2025-11-14,16:00:00,83.29,83.29,83.02,83.12,300.0
2025-11-14,17:00:00,83.1,83.44,83.03,83.25,243.0
2025-11-14,18:00:00,83.28,83.87,83.25,83.57,250.0
2025-11-14,19:00:00,83.56,83.59,83.15,83.17,253.0
2025-11-14,20:00:00,83.24,83.36,83.07,83.15,285.0
2025-11-14,21:00:00,83.17,83.17,82.62,82.92,558.0
2025-11-14,22:00:00,82.88,83.27,82.88,83.27,257.0
2025-11-14,23:00:00,83.27,83.3,83.17,83.2,136.0
2025-11-15,00:00:00,83.2,83.21,82.96,83.08,154.0
2025-11-17,15:00:00,83.5,83.5,83.1,83.1,167.0
2025-11-17,16:00:00,83.0,83.15,82.8,82.8,277.0
2025-11-17,17:00:00,82.65,82.68,82.43,82.63,427.0
2025-11-17,18:00:00,82.63,82.73,82.18,82.45,445.0
2025-11-17,19:00:00,82.35,82.45,82.19,82.29,165.0
2025-11-17,20:00:00,82.27,82.32,82.09,82.25,205.0
2025-11-17,21:00:00,82.32,82.38,82.16,82.25,337.0
2025-11-17,22:00:00,82.25,82.3,82.0,82.3,822.0
2025-11-17,23:00:00,82.36,82.42,82.17,82.2,877.0
2025-11-18,00:00:00,82.21,82.21,81.95,82.0,693.0
2025-11-18,15:00:00,82.0,82.11,81.68,81.94,406.0
2025-11-18,16:00:00,81.94,82.5,81.9,82.42,270.0
2025-11-18,17:00:00,82.45,82.9,82.41,82.65,229.0
2025-11-18,18:00:00,82.71,83.54,82.71,83.5,690.0
2025-11-18,19:00:00,83.45,83.6,83.41,83.44,320.0
2025-11-18,20:00:00,83.43,83.5,83.11,83.28,295.0
2025-11-18,21:00:00,83.35,83.6,83.31,83.31,218.0
2025-11-18,22:00:00,83.35,83.5,83.09,83.11,252.0
2025-11-18,23:00:00,83.15,83.61,83.07,83.45,233.0
2025-11-19,00:00:00,83.4,83.51,83.21,83.34,260.0
2025-11-19,15:00:00,83.03,83.2,82.85,82.93,270.0
2025-11-19,16:00:00,82.93,82.93,82.63,82.7,521.0
2025-11-19,17:00:00,82.67,83.01,82.37,83.0,370.0
2025-11-19,18:00:00,82.98,83.16,82.84,83.02,297.0
2025-11-19,19:00:00,82.92,83.1,82.81,82.9,261.0
2025-11-19,20:00:00,82.87,83.09,82.71,82.78,382.0
2025-11-19,21:00:00,82.74,83.33,82.64,83.27,458.0
2025-11-19,22:00:00,83.25,83.72,83.13,83.42,803.0
2025-11-19,23:00:00,83.42,83.42,82.97,82.99,649.0
2025-11-20,00:00:00,82.97,83.04,82.62,82.77,788.0
2025-11-20,15:00:00,82.85,83.39,82.85,83.21,86.0
2025-11-20,16:00:00,83.31,83.57,83.21,83.34,158.0
2025-11-20,17:00:00,83.39,83.41,83.06,83.4,137.0
2025-11-20,18:00:00,83.39,83.73,83.27,83.33,356.0
2025-11-20,19:00:00,83.28,83.88,83.18,83.83,257.0
2025-11-20,20:00:00,83.83,84.02,83.67,83.71,139.0
2025-11-20,21:00:00,83.76,83.85,83.55,83.75,276.0
2025-11-20,22:00:00,83.72,83.76,83.57,83.62,216.0
2025-11-20,23:00:00,83.55,83.7,83.41,83.58,271.0
2025-11-21,00:00:00,83.6,83.63,83.13,83.13,555.0
2025-11-21,15:00:00,82.97,82.97,82.5,82.79,428.0
2025-11-21,16:00:00,82.79,83.12,82.78,83.08,214.0
2025-11-21,17:00:00,83.05,83.09,82.61,82.62,313.0
2025-11-21,18:00:00,82.6,82.78,82.2,82.69,414.0
2025-11-21,19:00:00,82.7,82.91,82.6,82.74,100.0
2025-11-21,20:00:00,82.84,82.85,82.62,82.63,424.0
2025-11-21,21:00:00,82.6,82.75,82.39,82.39,372.0
2025-11-21,22:00:00,82.44,82.57,82.37,82.55,429.0
2025-11-21,23:00:00,82.49,82.73,82.49,82.64,224.0
2025-11-22,00:00:00,82.61,82.69,82.49,82.52,275.0
2025-11-24,15:00:00,82.44,82.55,82.25,82.26,307.0
2025-11-24,16:00:00,82.2,82.5,82.1,82.34,609.0
2025-11-24,17:00:00,82.34,82.53,81.8,82.14,771.0
2025-11-24,18:00:00,82.14,82.37,81.87,82.06,398.0
2025-11-24,19:00:00,82.09,82.29,82.01,82.02,349.0
2025-11-24,20:00:00,82.01,82.01,81.7,81.7,174.0
2025-11-24,21:00:00,81.7,82.15,81.69,82.02,379.0
2025-11-24,22:00:00,82.03,82.08,81.91,81.96,394.0
2025-11-24,23:00:00,81.98,82.69,81.98,82.64,613.0
2025-11-25,00:00:00,82.6,82.98,82.54,82.79,440.0
2025-11-25,15:00:00,82.72,82.96,82.66,82.81,51.0
2025-11-25,16:00:00,82.84,83.5,82.81,83.38,454.0
2025-11-25,17:00:00,83.36,83.51,83.22,83.51,259.0
2025-11-25,18:00:00,83.5,83.5,83.18,83.42,188.0
2025-11-25,19:00:00,83.44,83.44,83.0,83.07,324.0
2025-11-25,20:00:00,83.11,83.17,82.66,83.04,297.0
2025-11-25,21:00:00,83.09,83.4,82.72,82.84,401.0
2025-11-25,22:00:00,82.9,83.1,82.75,82.99,450.0
2025-11-25,23:00:00,82.96,83.98,82.9,83.97,662.0
2025-11-26,00:00:00,84.0,84.35,83.82,84.15,541.0
2025-11-26,15:00:00,84.17,84.5,84.13,84.5,278.0
2025-11-26,16:00:00,84.38,84.42,83.94,84.1,476.0
2025-11-26,17:00:00,84.1,84.2,83.94,83.94,564.0
2025-11-26,18:00:00,83.94,83.97,83.71,83.95,298.0
2025-11-26,19:00:00,83.85,84.17,83.85,84.04,501.0
2025-11-26,20:00:00,84.1,84.13,83.92,83.92,300.0
2025-11-26,21:00:00,83.92,83.92,83.68,83.68,350.0
2025-11-26,22:00:00,83.67,83.95,83.6,83.85,327.0
2025-11-26,23:00:00,83.77,83.82,83.5,83.75,494.0
2025-11-27,00:00:00,83.78,83.94,83.61,83.66,364.0
2025-11-27,15:00:00,83.87,83.9,83.5,83.52,130.0
2025-11-27,16:00:00,83.5,83.62,83.36,83.6,329.0
2025-11-27,17:00:00,83.6,83.62,83.22,83.34,200.0
2025-11-27,18:00:00,83.33,83.44,83.18,83.44,171.0
2025-11-27,19:00:00,83.46,84.26,83.41,84.13,463.0
2025-11-27,20:00:00,84.16,84.17,83.94,84.08,152.0
2025-11-27,21:00:00,84.17,84.28,83.99,84.23,249.0
2025-11-27,22:00:00,84.28,84.68,84.2,84.55,598.0
2025-11-27,23:00:00,84.55,84.61,84.35,84.48,392.0
2025-11-28,00:00:00,84.48,84.55,84.33,84.35,355.0
2025-11-28,15:00:00,84.54,85.01,84.54,84.81,464.0
2025-11-28,16:00:00,84.77,85.25,84.77,84.88,727.0
2025-11-28,17:00:00,84.88,85.0,84.75,84.87,382.0
2025-11-28,18:00:00,84.87,85.15,84.77,85.04,293.0
2025-11-28,19:00:00,85.04,85.17,84.98,85.08,246.0
2025-11-28,20:00:00,85.06,85.12,84.95,84.96,383.0
2025-11-28,21:00:00,84.95,85.03,84.8,84.95,222.0
2025-11-28,22:00:00,84.97,85.0,84.8,84.99,339.0
2025-11-28,23:00:00,85.01,85.5,84.98,85.4,855.0
2025-11-29,00:00:00,85.36,85.47,85.21,85.35,350.0
2025-12-01,15:00:00,85.25,85.28,84.86,85.15,677.0
2025-12-01,16:00:00,85.2,85.49,84.98,85.43,1169.0
2025-12-01,17:00:00,85.44,85.54,85.16,85.38,908.0
2025-12-01,18:00:00,85.35,85.37,85.11,85.12,1057.0
2025-12-01,19:00:00,85.12,85.2,85.03,85.16,504.0
2025-12-01,20:00:00,85.16,85.35,85.1,85.12,501.0
2025-12-01,21:00:00,85.14,85.35,85.12,85.16,510.0
2025-12-01,22:00:00,85.2,85.39,85.1,85.24,674.0
2025-12-01,23:00:00,85.23,85.28,84.95,84.96,675.0
2025-12-02,00:00:00,84.97,85.03,84.75,84.91,854.0
2025-12-02,15:00:00,84.71,84.76,84.33,84.38,436.0
2025-12-02,16:00:00,84.39,84.46,84.19,84.36,476.0
2025-12-02,17:00:00,84.36,84.76,84.36,84.58,807.0
2025-12-02,18:00:00,84.59,84.61,83.94,84.0,1049.0
2025-12-02,19:00:00,84.01,84.25,83.97,84.17,480.0
2025-12-02,20:00:00,84.1,84.15,83.97,84.08,537.0
2025-12-02,21:00:00,84.08,84.13,83.75,83.8,742.0
2025-12-02,22:00:00,83.82,84.0,83.72,83.89,988.0
2025-12-02,23:00:00,83.87,84.25,83.84,84.09,948.0
2025-12-03,00:00:00,84.08,84.15,83.82,83.82,678.0
2025-12-03,15:00:00,84.07,84.2,83.98,84.14,445.0
2025-12-03,16:00:00,84.15,84.23,83.94,84.07,367.0
2025-12-03,17:00:00,84.07,84.52,84.03,84.41,769.0
2025-12-03,18:00:00,84.42,84.57,84.36,84.52,556.0
2025-12-03,19:00:00,84.52,84.54,84.24,84.28,484.0
2025-12-03,20:00:00,84.3,84.3,83.61,83.8,1034.0
2025-12-03,21:00:00,83.79,83.95,83.62,83.68,919.0
2025-12-03,22:00:00,83.66,83.92,83.43,83.87,1293.0
2025-12-03,23:00:00,83.89,84.05,83.75,83.91,723.0
2025-12-04,00:00:00,83.9,84.07,83.73,83.75,810.0
2025-12-04,15:00:00,83.74,83.74,83.49,83.66,270.0
2025-12-04,16:00:00,83.74,83.92,83.66,83.86,470.0
2025-12-04,17:00:00,83.85,83.85,83.48,83.6,892.0
2025-12-04,18:00:00,83.6,84.14,83.6,83.86,831.0
2025-12-04,19:00:00,83.82,83.93,83.55,83.93,578.0
2025-12-04,20:00:00,83.91,83.95,83.63,83.89,502.0
2025-12-04,21:00:00,83.93,84.59,83.9,84.38,1409.0
2025-12-04,22:00:00,84.39,84.51,84.27,84.31,1089.0
2025-12-04,23:00:00,84.31,84.87,84.31,84.71,1366.0
2025-12-05,00:00:00,84.71,84.76,84.58,84.7,1096.0
2025-12-05,15:00:00,84.67,84.84,84.5,84.6,293.0
2025-12-05,16:00:00,84.66,84.94,84.54,84.68,902.0
2025-12-05,17:00:00,84.67,84.67,84.33,84.4,834.0
2025-12-05,18:00:00,84.4,84.74,84.37,84.69,685.0
2025-12-05,19:00:00,84.68,84.71,84.32,84.46,639.0
2025-12-05,20:00:00,84.43,84.5,84.27,84.27,792.0
2025-12-05,21:00:00,84.27,84.38,83.96,84.01,882.0
2025-12-05,22:00:00,84.01,84.23,83.83,84.09,884.0
2025-12-05,23:00:00,84.07,84.29,83.95,84.16,786.0
2025-12-06,00:00:00,84.17,84.3,83.9,83.9,855.0
2025-12-08,15:00:00,83.91,84.45,83.88,84.32,382.0
2025-12-08,16:00:00,84.29,84.53,84.13,84.21,781.0
2025-12-08,17:00:00,84.21,84.33,84.04,84.29,646.0
2025-12-08,18:00:00,84.3,84.72,84.26,84.67,756.0
2025-12-08,19:00:00,84.71,84.81,84.44,84.55,659.0
2025-12-08,20:00:00,84.56,84.73,84.48,84.56,669.0
2025-12-08,21:00:00,84.56,84.6,84.37,84.49,802.0
2025-12-08,22:00:00,84.5,84.76,84.46,84.58,1004.0
2025-12-08,23:00:00,84.57,84.59,84.27,84.27,979.0
2025-12-09,00:00:00,84.28,84.31,84.09,84.17,1234.0
2025-12-09,15:00:00,84.41,84.61,84.3,84.54,725.0
2025-12-09,16:00:00,84.55,84.87,84.51,84.72,1287.0
2025-12-09,17:00:00,84.72,84.72,84.41,84.49,939.0
2025-12-09,18:00:00,84.49,84.54,84.25,84.29,1442.0
2025-12-09,19:00:00,84.28,84.46,84.27,84.44,1032.0
2025-12-09,20:00:00,84.44,84.75,84.38,84.4,792.0
2025-12-09,21:00:00,84.38,84.48,84.13,84.25,1504.0
2025-12-09,22:00:00,84.27,85.18,84.27,85.15,1911.0
2025-12-09,23:00:00,85.18,85.19,84.89,85.03,1510.0
2025-12-10,00:00:00,85.03,85.2,84.91,84.94,1245.0
2025-12-10,15:00:00,84.9,85.06,84.76,84.79,327.0
2025-12-10,16:00:00,84.81,84.83,84.58,84.65,905.0
2025-12-10,17:00:00,84.64,84.72,84.55,84.69,828.0
2025-12-10,18:00:00,84.7,84.7,84.33,84.35,2177.0
2025-12-10,19:00:00,84.35,84.42,84.18,84.24,1363.0
2025-12-10,20:00:00,84.22,84.95,84.2,84.88,2475.0
2025-12-10,21:00:00,84.9,84.91,84.41,84.44,1738.0
2025-12-10,22:00:00,84.48,84.53,84.24,84.52,1530.0
2025-12-10,23:00:00,84.53,84.74,84.4,84.54,1225.0
2025-12-11,00:00:00,84.54,85.19,84.5,85.12,2272.0
2025-12-11,15:00:00,85.02,85.47,85.02,85.09,1376.0
2025-12-11,16:00:00,85.11,85.85,85.11,85.72,2584.0
2025-12-11,17:00:00,85.69,86.1,85.6,86.08,2037.0
2025-12-11,18:00:00,86.09,86.2,85.94,86.05,2258.0
2025-12-11,19:00:00,86.04,86.15,85.95,86.08,1353.0
2025-12-11,20:00:00,86.06,86.1,85.93,86.01,1192.0
2025-12-11,21:00:00,85.99,86.16,85.88,86.04,1731.0
2025-12-11,22:00:00,86.05,86.69,86.01,86.56,4682.0
2025-12-11,23:00:00,86.56,86.73,86.27,86.33,2064.0
2025-12-12,00:00:00,86.31,86.35,86.11,86.23,2537.0
2025-12-12,15:00:00,86.41,86.73,86.21,86.25,1934.0
2025-12-12,16:00:00,86.26,86.45,86.0,86.08,1776.0
2025-12-12,17:00:00,86.07,86.11,85.7,86.09,2776.0
2025-12-12,18:00:00,86.07,86.45,85.87,86.31,1793.0
2025-12-12,19:00:00,86.31,86.62,86.3,86.42,1526.0
2025-12-12,20:00:00,86.43,86.46,86.1,86.17,1099.0
2025-12-12,21:00:00,86.16,86.17,85.86,86.08,1584.0
2025-12-12,22:00:00,86.09,86.2,85.91,85.96,1402.0
2025-12-12,23:00:00,85.97,86.12,85.8,86.0,2321.0
2025-12-13,00:00:00,86.0,86.08,85.82,85.92,1736.0
2025-12-15,15:00:00,85.95,86.36,85.95,86.19,1415.0
2025-12-15,16:00:00,86.17,86.49,86.09,86.48,1553.0
2025-12-15,17:00:00,86.49,86.92,86.46,86.81,2900.0
2025-12-15,18:00:00,86.82,87.37,86.79,87.06,3975.0
2025-12-15,19:00:00,87.05,87.19,86.9,87.01,1058.0
2025-12-15,20:00:00,87.0,87.12,86.73,87.04,1621.0
2025-12-15,21:00:00,87.04,87.3,86.94,87.15,1719.0
2025-12-15,22:00:00,87.16,87.6,87.11,87.18,1794.0
2025-12-15,23:00:00,87.2,87.8,87.12,87.49,2603.0
2025-12-16,00:00:00,87.49,87.53,87.15,87.22,2672.0
2025-12-16,15:00:00,87.37,87.6,87.01,87.08,1224.0
2025-12-16,16:00:00,87.07,87.6,86.95,87.26,2194.0
2025-12-16,17:00:00,87.25,87.6,87.1,87.41,1902.0
2025-12-16,18:00:00,87.4,87.83,87.29,87.72,1773.0
2025-12-16,19:00:00,87.72,87.98,87.41,87.52,2250.0
2025-12-16,20:00:00,87.53,87.54,87.25,87.39,1233.0
2025-12-16,21:00:00,87.38,87.75,87.32,87.55,1628.0
2025-12-16,22:00:00,87.52,87.83,87.43,87.68,1276.0
2025-12-16,23:00:00,87.69,87.69,87.4,87.41,1932.0
2025-12-17,00:00:00,87.42,87.65,87.3,87.55,2024.0
2025-12-17,15:00:00,87.37,88.37,87.37,88.19,2127.0
2025-12-17,16:00:00,88.19,88.49,87.9,88.14,2260.0
2025-12-17,17:00:00,88.12,88.15,87.78,87.87,2126.0
2025-12-17,18:00:00,87.87,88.25,87.76,88.02,1987.0
2025-12-17,19:00:00,88.03,88.05,87.69,87.7,1351.0
2025-12-17,20:00:00,87.69,87.85,87.6,87.68,1492.0
2025-12-17,21:00:00,87.66,87.8,87.52,87.66,2044.0
2025-12-17,22:00:00,87.66,87.68,87.08,87.21,3747.0
2025-12-17,23:00:00,87.2,87.25,86.45,86.56,4244.0
2025-12-18,00:00:00,86.56,86.89,86.5,86.56,2655.0
2025-12-18,15:00:00,86.89,86.89,86.21,86.54,1872.0
2025-12-18,16:00:00,86.5,86.73,86.16,86.17,2049.0
2025-12-18,17:00:00,86.17,86.28,85.56,85.85,4668.0
2025-12-18,18:00:00,85.84,86.56,85.84,86.56,2269.0
2025-12-18,19:00:00,86.54,87.0,86.53,86.98,1966.0
2025-12-18,20:00:00,86.98,87.1,86.73,86.82,1747.0
2025-12-18,21:00:00,86.81,87.02,86.73,86.92,1094.0
2025-12-18,22:00:00,86.91,87.14,86.85,86.9,1487.0
2025-12-18,23:00:00,86.94,87.07,86.58,86.59,2123.0
2025-12-19,00:00:00,86.59,86.75,86.06,86.23,3392.0
2025-12-19,15:00:00,86.6,86.7,86.1,86.21,1447.0
2025-12-19,16:00:00,86.22,86.78,86.08,86.58,1598.0
2025-12-19,17:00:00,86.58,86.87,86.46,86.52,1564.0
2025-12-19,18:00:00,86.5,86.62,86.21,86.44,1466.0
2025-12-19,19:00:00,86.41,86.61,86.26,86.52,1368.0
2025-12-19,20:00:00,86.54,86.66,86.27,86.64,848.0
2025-12-19,21:00:00,86.63,86.67,86.35,86.55,1204.0
2025-12-19,22:00:00,86.55,86.85,86.52,86.76,1615.0
2025-12-19,23:00:00,86.78,87.05,86.75,87.02,1525.0
2025-12-20,00:00:00,87.03,87.29,86.96,87.09,2219.0
2025-12-22,15:00:00,87.05,87.44,86.82,86.92,959.0
2025-12-22,16:00:00,86.94,87.4,86.74,86.88,1299.0
2025-12-22,17:00:00,86.88,87.48,86.71,87.45,1263.0
2025-12-22,18:00:00,87.44,87.95,87.4,87.89,1966.0
2025-12-22,19:00:00,87.93,87.95,87.45,87.53,930.0
2025-12-22,20:00:00,87.54,87.55,87.18,87.45,1371.0
2025-12-22,21:00:00,87.42,87.55,87.25,87.35,1178.0
2025-12-22,22:00:00,87.36,87.52,87.0,87.02,1402.0
2025-12-22,23:00:00,87.03,87.34,87.01,87.21,1660.0
2025-12-23,00:00:00,87.22,87.86,87.21,87.75,2336.0
2025-12-23,15:00:00,87.48,87.94,87.48,87.77,522.0
2025-12-23,16:00:00,87.73,88.07,87.62,87.71,1343.0
2025-12-23,17:00:00,87.71,88.11,87.66,87.9,1504.0
2025-12-23,18:00:00,87.9,88.0,87.67,87.71,956.0
2025-12-23,19:00:00,87.73,88.09,87.69,88.05,995.0
2025-12-23,20:00:00,88.05,88.37,88.05,88.36,2100.0
2025-12-23,21:00:00,88.36,88.58,88.21,88.48,1860.0
2025-12-23,22:00:00,88.5,88.88,88.47,88.71,2479.0
2025-12-23,23:00:00,88.72,88.82,88.52,88.52,1815.0
2025-12-24,00:00:00,88.52,88.58,88.24,88.33,1976.0
2025-12-24,15:00:00,88.54,88.59,88.23,88.28,620.0
2025-12-24,16:00:00,88.27,88.34,88.13,88.28,902.0
2025-12-24,17:00:00,88.26,88.26,88.03,88.17,637.0
2025-12-24,18:00:00,88.17,88.29,87.96,88.25,1007.0
2025-12-24,19:00:00,88.26,88.26,87.91,88.0,427.0
2025-12-24,20:00:00,87.98,88.26,87.92,88.06,704.0
2025-12-29,15:00:00,88.07,88.47,88.03,88.26,820.0
2025-12-29,16:00:00,88.26,88.42,87.45,87.62,2074.0
2025-12-29,17:00:00,87.65,87.68,87.37,87.54,1656.0
2025-12-29,18:00:00,87.53,87.85,87.42,87.64,1515.0
2025-12-29,19:00:00,87.63,87.78,87.55,87.75,772.0
2025-12-29,20:00:00,87.73,88.0,87.7,87.94,1126.0
2025-12-29,21:00:00,87.93,88.09,87.85,88.02,1255.0
2025-12-29,22:00:00,88.01,88.24,87.8,87.8,1561.0
2025-12-29,23:00:00,87.79,87.85,87.35,87.48,1777.0
2025-12-30,00:00:00,87.49,87.55,87.25,87.3,1618.0
2025-12-30,15:00:00,87.25,87.6,87.11,87.53,1055.0
2025-12-30,16:00:00,87.52,87.58,87.25,87.44,921.0
2025-12-30,17:00:00,87.43,87.46,87.13,87.29,1254.0
2025-12-30,18:00:00,87.28,87.32,87.11,87.13,1204.0
2025-12-30,19:00:00,87.12,87.3,87.08,87.18,910.0
2025-12-30,20:00:00,87.19,87.35,87.15,87.35,645.0
2025-12-30,21:00:00,87.34,87.41,87.02,87.07,990.0
2025-12-30,22:00:00,87.08,87.1,86.92,87.04,1271.0
2025-12-30,23:00:00,87.04,87.35,86.95,87.2,1216.0
2025-12-31,00:00:00,87.21,87.32,87.06,87.13,1306.0
2025-12-31,15:00:00,86.99,87.27,86.9,87.01,542.0
2025-12-31,16:00:00,87.01,87.35,86.83,87.16,836.0
2025-12-31,17:00:00,87.16,87.47,87.15,87.37,718.0
2025-12-31,18:00:00,87.39,87.39,87.1,87.27,779.0
2025-12-31,19:00:00,87.28,87.4,87.21,87.27,808.0
2025-12-31,20:00:00,87.27,87.52,87.22,87.26,1115.0
2026-01-02,15:00:00,87.55,88.15,87.47,88.11,1713.0
2026-01-02,16:00:00,88.11,88.88,88.11,88.76,3125.0
2026-01-02,17:00:00,88.76,88.85,88.54,88.8,2292.0
2026-01-02,18:00:00,88.78,88.78,88.2,88.25,1720.0
2026-01-02,19:00:00,88.25,88.75,88.22,88.45,1335.0
2026-01-02,20:00:00,88.45,88.77,88.34,88.75,429.0
2026-01-02,21:00:00,88.73,88.88,88.65,88.76,881.0
2026-01-02,22:00:00,88.79,88.85,88.57,88.6,985.0
2026-01-02,23:00:00,88.64,88.66,88.22,88.29,1367.0
2026-01-03,00:00:00,88.3,88.5,88.22,88.3,1169.0
2026-01-05,15:00:00,88.09,88.17,87.64,87.81,2466.0
2026-01-05,16:00:00,87.82,87.91,87.45,87.68,2125.0
2026-01-05,17:00:00,87.67,88.07,87.54,88.05,1917.0
2026-01-05,18:00:00,88.05,88.53,88.02,88.5,2169.0
2026-01-05,19:00:00,88.48,88.69,88.46,88.55,1374.0
2026-01-05,20:00:00,88.56,88.78,88.25,88.28,1352.0
2026-01-05,21:00:00,88.28,88.3,87.61,87.61,3300.0
2026-01-05,22:00:00,87.62,87.74,87.06,87.4,3743.0
2026-01-05,23:00:00,87.39,87.5,87.16,87.3,2221.0
2026-01-06,00:00:00,87.3,87.34,87.05,87.14,2954.0
2026-01-06,15:00:00,87.51,87.59,87.17,87.25,1884.0
2026-01-06,16:00:00,87.25,87.78,87.13,87.7,2065.0
2026-01-06,17:00:00,87.67,87.89,87.4,87.77,1793.0
2026-01-06,18:00:00,87.78,87.95,87.65,87.68,1446.0
2026-01-06,19:00:00,87.68,87.68,87.29,87.48,1425.0
2026-01-06,20:00:00,87.5,87.65,87.41,87.45,994.0
2026-01-06,21:00:00,87.44,87.88,87.41,87.76,2236.0
2026-01-06,22:00:00,87.74,88.0,87.7,87.9,2621.0
2026-01-06,23:00:00,87.89,88.15,87.75,88.02,2839.0
2026-01-07,00:00:00,88.0,88.15,87.87,87.98,1718.0
2026-01-07,15:00:00,88.2,88.5,88.1,88.36,1603.0
2026-01-07,16:00:00,88.36,88.36,88.11,88.18,1550.0
2026-01-07,17:00:00,88.18,88.55,88.15,88.29,2012.0
2026-01-07,18:00:00,88.28,88.75,88.28,88.67,3089.0
2026-01-07,19:00:00,88.68,88.72,88.49,88.56,1410.0
2026-01-07,20:00:00,88.55,88.56,88.27,88.27,1242.0
2026-01-07,21:00:00,88.3,88.3,87.84,87.98,3027.0
2026-01-07,22:00:00,87.98,88.18,87.92,88.13,1578.0
2026-01-07,23:00:00,88.12,88.2,87.86,88.01,1502.0
2026-01-08,00:00:00,88.03,88.19,87.76,87.81,1920.0
