date,time,open,high,low,close,volume
2025-11-03,15:00:00,80.92,81.0,80.87,80.99,10.0
2025-11-03,15:05:00,81.0,81.08,81.0,81.08,18.0
2025-11-03,15:10:00,81.08,81.16,81.08,81.14,16.0
2025-11-03,15:15:00,81.14,81.14,81.1,81.1,3.0
2025-11-03,15:20:00,81.11,81.11,81.11,81.11,50.0
2025-11-03,15:30:00,81.12,81.2,81.1,81.2,3.0
2025-11-03,15:35:00,81.2,81.41,81.2,81.34,179.0
2025-11-03,15:45:00,81.44,81.44,81.42,81.42,4.0
2025-11-03,15:50:00,81.46,81.46,81.46,81.46,1.0
2025-11-03,15:55:00,81.42,81.42,81.36,81.36,4.0
2025-11-03,16:00:00,81.29,81.37,81.29,81.37,4.0
2025-11-03,16:05:00,81.44,81.52,81.4,81.4,5.0
2025-11-03,16:10:00,81.58,81.71,81.58,81.68,167.0
2025-11-03,16:15:00,81.59,81.59,81.59,81.59,5.0
2025-11-03,16:20:00,81.75,81.76,81.75,81.76,7.0
2025-11-03,16:25:00,81.77,81.85,81.77,81.82,71.0
2025-11-03,16:30:00,81.68,81.68,81.57,81.57,32.0
2025-11-03,16:35:00,81.56,81.6,81.53,81.53,15.0
2025-11-03,16:50:00,81.54,81.57,81.53,81.55,8.0
2025-11-03,16:55:00,81.5,81.5,81.5,81.5,1.0
2025-11-03,17:00:00,81.55,81.56,81.55,81.56,8.0
2025-11-03,17:05:00,81.63,81.63,81.61,81.61,9.0
2025-11-03,17:10:00,81.67,81.67,81.67,81.67,7.0
2025-11-03,17:15:00,81.71,81.71,81.61,81.62,15.0
2025-11-03,17:20:00,81.62,81.66,81.62,81.66,9.0
2025-11-03,17:25:00,81.65,81.65,81.63,81.63,6.0
2025-11-03,17:30:00,81.64,81.64,81.64,81.64,1.0
2025-11-03,17:35:00,81.64,81.64,81.53,81.53,11.0
2025-11-03,17:40:00,81.53,81.53,81.53,81.53,3.0
2025-11-03,17:45:00,81.56,81.56,81.52,81.52,15.0
2025-11-03,17:50:00,81.53,81.53,81.42,81.5,55.0
2025-11-03,17:55:00,81.51,81.51,81.47,81.47,19.0
2025-11-03,18:00:00,81.5,81.74,81.5,81.74,18.0
2025-11-03,18:05:00,81.8,81.85,81.8,81.84,17.0
2025-11-03,18:10:00,81.86,81.9,81.85,81.85,20.0
2025-11-03,18:15:00,81.96,82.0,81.89,82.0,66.0
2025-11-03,18:20:00,81.97,81.97,81.9,81.9,13.0
2025-11-03,18:25:00,82.05,82.06,81.99,82.05,51.0
2025-11-03,18:30:00,82.1,82.16,81.78,81.78,265.0
2025-11-03,18:35:00,81.83,81.95,81.81,81.95,3.0
2025-11-03,18:40:00,82.01,82.02,81.98,81.98,18.0
2025-11-03,18:45:00,82.02,82.07,82.01,82.01,12.0
2025-11-03,18:50:00,82.02,82.32,82.02,82.23,64.0
2025-11-03,18:55:00,82.34,82.53,82.33,82.53,46.0
2025-11-03,19:00:00,82.62,82.75,82.55,82.71,122.0
2025-11-03,19:05:00,82.67,82.7,82.62,82.62,34.0
2025-11-03,19:10:00,82.61,82.61,82.58,82.61,29.0
2025-11-03,19:15:00,82.55,82.74,82.55,82.74,42.0
2025-11-03,19:20:00,82.71,82.71,82.63,82.66,5.0
2025-11-03,19:25:00,82.7,82.73,82.69,82.71,32.0
2025-11-03,19:30:00,82.79,82.84,82.78,82.78,10.0
2025-11-03,19:35:00,82.78,82.78,82.63,82.63,10.0
2025-11-03,19:40:00,82.65,82.65,82.49,82.54,88.0
2025-11-03,19:45:00,82.63,82.63,82.62,82.62,3.0
2025-11-03,19:50:00,82.62,82.62,82.5,82.54,117.0
2025-11-03,19:55:00,82.58,82.58,82.52,82.54,11.0
2025-11-03,20:00:00,82.53,82.63,82.53,82.63,3.0
2025-11-03,20:05:00,82.65,82.65,82.59,82.59,6.0
2025-11-03,20:10:00,82.6,82.6,82.57,82.57,6.0
2025-11-03,20:15:00,82.65,82.76,82.65,82.76,26.0
2025-11-03,20:20:00,82.81,82.86,82.8,82.86,12.0
2025-11-03,20:25:00,82.92,82.94,82.9,82.9,29.0
2025-11-03,20:30:00,82.9,83.0,82.9,82.97,49.0
2025-11-03,20:35:00,82.94,82.98,82.89,82.95,24.0
2025-11-03,20:40:00,82.94,82.95,82.91,82.91,11.0
2025-11-03,20:45:00,82.85,82.86,82.82,82.82,11.0
2025-11-03,20:50:00,82.84,82.93,82.84,82.93,11.0
2025-11-03,20:55:00,82.79,82.82,82.79,82.82,9.0
2025-11-03,21:00:00,82.83,82.84,82.77,82.78,32.0
2025-11-03,21:05:00,82.97,82.97,82.96,82.96,2.0
2025-11-03,21:10:00,82.96,82.97,82.9,82.96,14.0
2025-11-03,21:15:00,83.03,83.03,82.91,82.91,8.0
2025-11-03,21:20:00,82.89,82.92,82.89,82.9,16.0
2025-11-03,21:25:00,82.93,83.02,82.93,83.02,29.0
2025-11-03,21:30:00,82.97,82.97,82.95,82.96,21.0
2025-11-03,21:35:00,82.94,82.97,82.94,82.97,3.0
2025-11-03,21:40:00,82.93,82.96,82.88,82.96,3.0
2025-11-03,21:45:00,82.88,82.97,82.88,82.96,26.0
2025-11-03,21:50:00,83.0,83.0,82.98,82.98,3.0
2025-11-03,21:55:00,83.0,83.0,83.0,83.0,5.0
2025-11-03,22:00:00,83.0,83.04,82.94,82.94,30.0
2025-11-03,22:05:00,83.08,83.17,83.07,83.1,44.0
2025-11-03,22:10:00,83.09,83.16,83.09,83.16,18.0
2025-11-03,22:15:00,83.09,83.09,83.0,83.08,25.0
2025-11-03,22:20:00,83.25,83.44,83.25,83.44,72.0
2025-11-03,22:25:00,83.41,83.56,83.38,83.54,107.0
2025-11-03,22:30:00,83.51,83.66,83.45,83.66,170.0
2025-11-03,22:35:00,83.74,83.79,83.52,83.55,28.0
2025-11-03,22:40:00,83.51,83.57,83.51,83.57,6.0
2025-11-03,22:45:00,83.65,83.65,83.55,83.58,11.0
2025-11-03,22:50:00,83.53,83.53,83.43,83.43,4.0
2025-11-03,22:55:00,83.42,83.46,83.42,83.44,5.0
2025-11-03,23:00:00,83.5,83.53,83.47,83.47,12.0
2025-11-03,23:05:00,83.55,83.55,83.49,83.49,4.0
2025-11-03,23:10:00,83.49,83.52,83.45,83.51,20.0
2025-11-03,23:15:00,83.32,83.34,83.13,83.14,20.0
2025-11-03,23:20:00,83.22,83.31,83.18,83.19,11.0
2025-11-03,23:25:00,83.3,83.31,83.27,83.27,3.0
2025-11-03,23:30:00,83.16,83.25,83.15,83.25,11.0
2025-11-03,23:35:00,83.29,83.31,83.29,83.31,4.0
2025-11-03,23:40:00,83.33,83.4,83.33,83.4,15.0
2025-11-03,23:45:00,83.31,83.31,83.24,83.26,6.0
2025-11-03,23:50:00,83.34,83.35,83.34,83.35,2.0
2025-11-03,23:55:00,83.38,83.49,83.38,83.49,25.0
2025-11-04,00:00:00,83.52,83.52,83.34,83.34,10.0
2025-11-04,00:05:00,83.42,83.42,83.23,83.23,19.0
2025-11-04,00:10:00,83.2,83.39,83.2,83.37,27.0
2025-11-04,00:15:00,83.36,83.38,83.36,83.38,4.0
2025-11-04,00:20:00,83.39,83.41,83.35,83.37,15.0
2025-11-04,00:25:00,83.35,83.39,83.35,83.39,3.0
2025-11-04,00:30:00,83.48,83.48,83.47,83.48,3.0
2025-11-04,00:35:00,83.43,83.65,83.43,83.65,5.0
2025-11-04,00:45:00,83.62,83.62,83.59,83.59,5.0
2025-11-04,00:50:00,83.59,83.61,83.59,83.61,3.0
2025-11-04,00:55:00,83.56,83.57,83.55,83.57,13.0
2025-11-04,15:00:00,83.44,83.54,83.43,83.54,7.0
2025-11-04,15:10:00,83.57,83.57,83.57,83.57,4.0
2025-11-04,15:15:00,83.52,83.6,83.52,83.6,3.0
2025-11-04,15:20:00,83.6,83.66,83.59,83.66,4.0
2025-11-04,15:25:00,83.67,83.7,83.67,83.7,62.0
2025-11-04,15:30:00,83.68,83.68,83.64,83.64,11.0
2025-11-04,15:35:00,83.7,83.77,83.7,83.77,10.0
2025-11-04,15:40:00,83.75,83.75,83.71,83.72,24.0
2025-11-04,15:45:00,83.72,83.74,83.62,83.62,4.0
2025-11-04,15:50:00,83.59,83.59,83.55,83.55,2.0
2025-11-04,15:55:00,83.41,83.41,83.36,83.36,4.0
2025-11-04,16:00:00,83.45,83.49,83.35,83.35,37.0
2025-11-04,16:05:00,83.38,83.38,83.38,83.38,1.0
2025-11-04,16:10:00,83.36,83.43,83.36,83.43,7.0
2025-11-04,16:15:00,83.38,83.38,83.38,83.38,1.0
2025-11-04,16:20:00,83.3,83.3,83.27,83.27,9.0
2025-11-04,16:30:00,83.55,83.56,83.49,83.52,16.0
2025-11-04,16:35:00,83.59,83.59,83.51,83.51,19.0
2025-11-04,16:40:00,83.51,83.52,83.44,83.45,18.0
2025-11-04,16:45:00,83.35,83.39,83.35,83.39,2.0
2025-11-04,16:50:00,83.55,83.63,83.55,83.6,13.0
2025-11-04,16:55:00,83.65,83.92,83.65,83.92,31.0
2025-11-04,17:00:00,83.92,84.1,83.9,83.99,69.0
2025-11-04,17:05:00,83.98,83.99,83.65,83.68,54.0
2025-11-04,17:10:00,83.72,83.72,83.66,83.66,4.0
2025-11-04,17:15:00,83.7,83.75,83.7,83.75,10.0
2025-11-04,17:20:00,83.72,83.82,83.72,83.82,5.0
2025-11-04,17:25:00,83.9,83.94,83.73,83.77,43.0
2025-11-04,17:30:00,83.7,83.7,83.56,83.56,24.0
2025-11-04,17:35:00,83.65,83.69,83.65,83.69,10.0
2025-11-04,17:40:00,83.61,83.63,83.57,83.59,25.0
2025-11-04,17:45:00,83.58,83.65,83.58,83.65,19.0
2025-11-04,17:50:00,83.65,83.66,83.6,83.6,23.0
2025-11-04,17:55:00,83.52,83.52,83.49,83.49,54.0
2025-11-04,18:00:00,83.45,83.6,83.45,83.54,17.0
2025-11-04,18:05:00,83.58,83.59,83.51,83.51,14.0
2025-11-04,18:10:00,83.52,83.54,83.48,83.54,8.0
2025-11-04,18:15:00,83.51,83.52,83.37,83.37,37.0
2025-11-04,18:20:00,83.32,83.32,83.26,83.27,29.0
2025-11-04,18:25:00,83.32,83.32,83.3,83.3,15.0
2025-11-04,18:30:00,83.32,83.45,83.32,83.45,13.0
2025-11-04,18:35:00,83.45,83.54,83.45,83.54,29.0
2025-11-04,18:40:00,83.47,83.49,83.43,83.49,7.0
2025-11-04,18:45:00,83.43,83.53,83.43,83.51,24.0
2025-11-04,18:50:00,83.5,83.51,83.5,83.51,6.0
2025-11-04,18:55:00,83.49,83.5,83.44,83.5,23.0
2025-11-04,19:00:00,83.47,83.47,83.23,83.23,34.0
2025-11-04,19:05:00,83.17,83.27,83.17,83.23,8.0
2025-11-04,19:10:00,83.27,83.27,83.2,83.2,20.0
2025-11-04,19:15:00,83.33,83.36,83.32,83.33,9.0
2025-11-04,19:20:00,83.32,83.38,83.32,83.38,3.0
2025-11-04,19:25:00,83.42,83.42,83.39,83.42,4.0
2025-11-04,19:30:00,83.45,83.45,83.45,83.45,1.0
2025-11-04,19:35:00,83.41,83.53,83.41,83.5,18.0
2025-11-04,19:40:00,83.48,83.48,83.45,83.45,2.0
2025-11-04,19:45:00,83.46,83.55,83.46,83.55,18.0
2025-11-04,19:50:00,83.56,83.68,83.54,83.6,60.0
2025-11-04,19:55:00,83.56,83.57,83.45,83.45,8.0
2025-11-04,20:00:00,83.49,83.5,83.47,83.5,7.0
2025-11-04,20:05:00,83.5,83.54,83.44,83.48,15.0
2025-11-04,20:10:00,83.5,83.53,83.5,83.53,27.0
2025-11-04,20:15:00,83.57,83.63,83.56,83.63,17.0
2025-11-04,20:20:00,83.63,83.68,83.63,83.66,14.0
2025-11-04,20:25:00,83.61,83.67,83.61,83.65,11.0
2025-11-04,20:30:00,83.75,83.75,83.73,83.73,3.0
2025-11-04,20:35:00,83.8,83.8,83.76,83.77,18.0
2025-11-04,20:40:00,83.79,83.79,83.79,83.79,9.0
2025-11-04,20:45:00,83.83,83.84,83.83,83.84,2.0
2025-11-04,20:50:00,83.87,83.87,83.84,83.85,24.0
2025-11-04,20:55:00,83.84,83.87,83.84,83.87,2.0
2025-11-04,21:00:00,83.88,83.89,83.88,83.89,2.0
2025-11-04,21:05:00,83.86,83.95,83.86,83.95,40.0
2025-11-04,21:10:00,83.96,83.96,83.92,83.92,4.0
2025-11-04,21:15:00,83.91,83.95,83.65,83.65,23.0
2025-11-04,21:20:00,83.59,83.77,83.54,83.77,5.0
2025-11-04,21:25:00,83.61,83.68,83.61,83.68,3.0
2025-11-04,21:30:00,83.68,83.72,83.68,83.7,8.0
2025-11-04,21:35:00,83.67,83.67,83.5,83.54,13.0
2025-11-04,21:40:00,83.59,83.65,83.58,83.65,10.0
2025-11-04,21:45:00,83.72,83.87,83.72,83.8,23.0
2025-11-04,21:50:00,83.8,83.84,83.76,83.84,24.0
2025-11-04,21:55:00,83.83,83.83,83.75,83.75,13.0
2025-11-04,22:00:00,83.78,83.8,83.78,83.79,16.0
2025-11-04,22:05:00,83.85,83.86,83.85,83.86,11.0
2025-11-04,22:10:00,83.85,84.0,83.85,84.0,38.0
2025-11-04,22:15:00,84.0,84.1,83.95,84.1,58.0
2025-11-04,22:20:00,84.15,84.15,84.06,84.06,25.0
2025-11-04,22:25:00,84.05,84.06,84.05,84.05,6.0
2025-11-04,22:30:00,84.0,84.01,83.9,83.93,14.0
2025-11-04,22:35:00,83.94,84.07,83.94,84.02,10.0
2025-11-04,22:40:00,84.02,84.02,84.02,84.02,1.0
2025-11-04,22:45:00,84.01,84.03,84.0,84.03,9.0
2025-11-04,22:50:00,84.01,84.09,84.0,84.0,23.0
2025-11-04,22:55:00,84.0,84.03,84.0,84.01,5.0
2025-11-04,23:00:00,84.1,84.2,84.1,84.1,18.0
2025-11-04,23:05:00,84.07,84.07,84.07,84.07,5.0
2025-11-04,23:10:00,84.06,84.16,84.04,84.12,43.0
2025-11-04,23:15:00,84.13,84.3,84.13,84.28,151.0
2025-11-04,23:20:00,84.3,84.47,84.3,84.34,112.0
2025-11-04,23:25:00,84.4,84.45,84.37,84.42,83.0
2025-11-04,23:30:00,84.45,84.45,84.32,84.38,99.0
2025-11-04,23:35:00,84.42,84.48,84.38,84.48,16.0
2025-11-04,23:40:00,84.47,84.47,84.47,84.47,23.0
2025-11-04,23:45:00,84.4,84.41,84.35,84.35,18.0
2025-11-04,23:50:00,84.35,84.41,84.34,84.41,15.0
2025-11-04,23:55:00,84.37,84.4,84.35,84.4,7.0
2025-11-05,00:00:00,84.38,84.38,84.38,84.38,1.0
2025-11-05,00:05:00,84.4,84.45,84.39,84.43,17.0
2025-11-05,00:10:00,84.41,84.43,84.34,84.41,30.0
2025-11-05,00:15:00,84.41,84.41,84.22,84.22,26.0
2025-11-05,00:20:00,84.26,84.26,84.26,84.26,2.0
2025-11-05,00:25:00,84.26,84.32,84.26,84.32,17.0
2025-11-05,00:30:00,84.26,84.26,84.26,84.26,2.0
2025-11-05,00:35:00,84.28,84.28,84.24,84.25,19.0
2025-11-05,00:40:00,84.3,84.3,84.29,84.3,48.0
2025-11-05,00:45:00,84.33,84.37,84.33,84.33,9.0
2025-11-05,00:55:00,84.4,84.4,84.33,84.33,21.0
2025-11-05,15:00:00,84.11,84.11,83.8,83.8,71.0
2025-11-05,15:10:00,83.92,83.96,83.9,83.9,13.0
2025-11-05,15:15:00,83.76,83.76,83.7,83.74,31.0
2025-11-05,15:20:00,83.8,83.8,83.73,83.74,14.0
2025-11-05,15:25:00,83.79,83.79,83.79,83.79,7.0
2025-11-05,15:30:00,83.95,83.95,83.91,83.91,6.0
2025-11-05,15:35:00,83.95,83.95,83.95,83.95,1.0
2025-11-05,15:40:00,83.94,83.94,83.92,83.92,4.0
2025-11-05,15:45:00,83.95,84.02,83.94,83.99,11.0
2025-11-05,15:50:00,83.97,83.97,83.97,83.97,1.0
2025-11-05,15:55:00,84.0,84.0,83.81,83.81,12.0
2025-11-05,16:00:00,83.9,83.9,83.79,83.79,5.0
2025-11-05,16:05:00,83.94,83.94,83.89,83.89,5.0
2025-11-05,16:10:00,84.05,84.12,84.04,84.12,11.0
2025-11-05,16:15:00,84.17,84.18,84.08,84.18,44.0
2025-11-05,16:20:00,84.13,84.15,84.12,84.12,14.0
2025-11-05,16:25:00,84.11,84.13,84.07,84.07,31.0
2025-11-05,16:30:00,84.1,84.11,84.1,84.1,7.0
2025-11-05,16:35:00,84.06,84.06,83.9,83.95,142.0
2025-11-05,16:40:00,84.02,84.02,84.02,84.02,2.0
2025-11-05,16:45:00,83.97,83.97,83.85,83.88,76.0
2025-11-05,16:50:00,83.8,83.8,83.8,83.8,2.0
2025-11-05,16:55:00,83.8,83.8,83.54,83.58,234.0
2025-11-05,17:00:00,83.5,83.58,83.0,83.2,262.0
2025-11-05,17:05:00,83.2,83.39,83.02,83.39,20.0
2025-11-05,17:10:00,83.34,83.35,83.3,83.3,26.0
2025-11-05,17:15:00,83.2,83.38,83.2,83.38,30.0
2025-11-05,17:20:00,83.35,83.35,83.27,83.27,7.0
2025-11-05,17:25:00,83.28,83.28,83.28,83.28,2.0
2025-11-05,17:30:00,83.42,83.49,83.42,83.46,10.0
2025-11-05,17:35:00,83.45,83.45,83.45,83.45,1.0
2025-11-05,17:40:00,83.47,83.47,83.4,83.4,12.0
2025-11-05,17:45:00,83.29,83.4,83.29,83.4,10.0
2025-11-05,17:50:00,83.44,83.44,83.44,83.44,1.0
2025-11-05,17:55:00,83.42,83.42,83.4,83.4,4.0
2025-11-05,18:00:00,83.5,83.56,83.5,83.55,28.0
2025-11-05,18:05:00,83.55,83.58,83.55,83.55,6.0
2025-11-05,18:10:00,83.55,83.67,83.55,83.67,15.0
2025-11-05,18:15:00,83.6,83.6,83.6,83.6,8.0
2025-11-05,18:20:00,83.6,83.69,83.6,83.68,15.0
2025-11-05,18:30:00,83.62,83.62,83.62,83.62,3.0
2025-11-05,18:40:00,83.69,83.76,83.69,83.75,27.0
2025-11-05,18:45:00,83.76,83.76,83.66,83.66,28.0
2025-11-05,18:55:00,83.7,83.7,83.54,83.54,21.0
2025-11-05,19:00:00,83.52,83.71,83.52,83.69,38.0
2025-11-05,19:05:00,83.67,83.78,83.67,83.76,9.0
2025-11-05,19:10:00,83.77,83.79,83.76,83.79,14.0
2025-11-05,19:15:00,83.81,83.81,83.66,83.66,24.0
2025-11-05,19:20:00,83.66,83.66,83.66,83.66,1.0
2025-11-05,19:25:00,83.64,83.64,83.57,83.57,12.0
2025-11-05,19:30:00,83.68,83.68,83.68,83.68,1.0
2025-11-05,19:35:00,83.64,83.64,83.64,83.64,1.0
2025-11-05,19:40:00,83.62,83.62,83.6,83.6,10.0
2025-11-05,19:45:00,83.59,83.59,83.47,83.51,19.0
2025-11-05,19:50:00,83.51,83.51,83.43,83.43,18.0
2025-11-05,20:00:00,83.59,83.59,83.32,83.5,18.0
2025-11-05,20:05:00,83.52,83.52,83.51,83.51,4.0
2025-11-05,20:10:00,83.42,83.47,83.2,83.47,48.0
2025-11-05,20:15:00,83.41,83.41,83.32,83.41,59.0
2025-11-05,20:20:00,83.38,83.41,83.38,83.39,45.0
2025-11-05,20:25:00,83.41,83.41,83.41,83.41,33.0
2025-11-05,20:30:00,83.41,83.49,83.41,83.44,87.0
2025-11-05,20:35:00,83.41,83.44,83.4,83.4,10.0
2025-11-05,20:40:00,83.5,83.53,83.5,83.53,2.0
2025-11-05,20:45:00,83.53,83.58,83.53,83.58,15.0
2025-11-05,20:50:00,83.53,83.54,83.53,83.54,5.0
2025-11-05,20:55:00,83.55,83.55,83.54,83.54,9.0
2025-11-05,21:00:00,83.48,83.49,83.45,83.49,16.0
2025-11-05,21:05:00,83.42,83.43,83.4,83.4,19.0
2025-11-05,21:10:00,83.46,83.49,83.45,83.46,10.0
2025-11-05,21:20:00,83.5,83.51,83.5,83.51,17.0
2025-11-05,21:25:00,83.56,83.61,83.56,83.57,22.0
2025-11-05,21:35:00,83.56,83.68,83.56,83.68,3.0
2025-11-05,21:40:00,83.71,83.76,83.69,83.76,43.0
2025-11-05,21:45:00,83.6,83.6,83.6,83.6,2.0
2025-11-05,22:00:00,83.65,83.65,83.65,83.65,1.0
2025-11-05,22:05:00,83.55,83.57,83.55,83.55,14.0
2025-11-05,22:15:00,83.5,83.5,83.49,83.49,5.0
2025-11-05,22:20:00,83.49,83.49,83.34,83.42,91.0
2025-11-05,22:30:00,83.44,83.49,83.43,83.49,6.0
2025-11-05,22:40:00,83.46,83.48,83.46,83.47,13.0
2025-11-05,22:45:00,83.47,83.47,83.4,83.4,7.0
2025-11-05,22:50:00,83.46,83.46,83.43,83.43,50.0
2025-11-05,22:55:00,83.43,83.43,83.43,83.43,1.0
2025-11-05,23:00:00,83.43,83.44,83.25,83.25,13.0
2025-11-05,23:05:00,83.43,83.44,83.43,83.43,34.0
2025-11-05,23:10:00,83.43,83.44,83.43,83.43,21.0
2025-11-05,23:15:00,83.43,83.44,83.43,83.43,33.0
2025-11-05,23:20:00,83.41,83.41,83.36,83.36,13.0
2025-11-05,23:25:00,83.36,83.36,83.29,83.34,24.0
2025-11-05,23:35:00,83.26,83.26,83.26,83.26,1.0
2025-11-05,23:40:00,83.28,83.28,83.25,83.25,14.0
2025-11-05,23:45:00,83.25,83.25,83.21,83.22,7.0
2025-11-05,23:50:00,83.27,83.32,83.27,83.32,6.0
2025-11-05,23:55:00,83.33,83.34,83.31,83.32,8.0
2025-11-06,00:00:00,83.32,83.33,83.32,83.33,2.0
2025-11-06,00:05:00,83.46,83.6,83.46,83.58,12.0
2025-11-06,00:10:00,83.57,83.62,83.57,83.6,23.0
2025-11-06,00:15:00,83.57,83.57,83.49,83.5,17.0
2025-11-06,00:20:00,83.47,83.47,83.42,83.47,27.0
2025-11-06,00:25:00,83.47,83.53,83.47,83.53,32.0
2025-11-06,00:30:00,83.51,83.51,83.51,83.51,2.0
2025-11-06,00:35:00,83.49,83.5,83.48,83.49,4.0
2025-11-06,00:40:00,83.47,83.51,83.47,83.48,8.0
2025-11-06,00:45:00,83.5,83.58,83.5,83.54,26.0
2025-11-06,00:50:00,83.57,83.61,83.57,83.57,18.0
2025-11-06,00:55:00,83.58,83.59,83.57,83.59,13.0
2025-11-06,15:00:00,83.22,83.24,83.15,83.15,38.0
2025-11-06,15:05:00,83.15,83.15,83.02,83.11,6.0
2025-11-06,15:15:00,83.04,83.07,83.04,83.07,3.0
2025-11-06,15:20:00,83.08,83.08,83.08,83.08,10.0
2025-11-06,15:25:00,83.02,83.03,83.0,83.01,59.0
2025-11-06,15:30:00,83.01,83.01,82.93,82.93,17.0
2025-11-06,15:40:00,83.1,83.14,83.1,83.14,2.0
2025-11-06,15:50:00,83.04,83.04,83.02,83.02,5.0
2025-11-06,15:55:00,82.92,83.04,82.9,83.03,16.0
2025-11-06,16:00:00,83.04,83.04,83.04,83.04,5.0
2025-11-06,16:05:00,82.97,82.97,82.74,82.74,15.0
2025-11-06,16:10:00,82.72,82.75,82.58,82.58,238.0
2025-11-06,16:15:00,82.66,82.66,82.54,82.63,288.0
2025-11-06,16:20:00,82.67,82.67,82.67,82.67,25.0
2025-11-06,16:25:00,82.65,82.75,82.65,82.74,166.0
2025-11-06,16:30:00,82.69,82.69,82.57,82.57,105.0
2025-11-06,16:35:00,82.55,82.68,82.54,82.68,19.0
2025-11-06,16:40:00,82.58,82.58,82.57,82.58,17.0
2025-11-06,16:45:00,82.52,82.53,82.44,82.44,90.0
2025-11-06,16:50:00,82.51,82.51,82.45,82.47,26.0
2025-11-06,16:55:00,82.44,82.53,82.44,82.53,34.0
2025-11-06,17:00:00,82.55,82.64,82.55,82.61,16.0
2025-11-06,17:05:00,82.58,82.6,82.56,82.6,26.0
2025-11-06,17:15:00,82.67,82.76,82.67,82.76,18.0
2025-11-06,17:20:00,82.71,82.71,82.62,82.62,4.0
2025-11-06,17:25:00,82.68,82.68,82.68,82.68,1.0
2025-11-06,17:30:00,82.66,82.69,82.66,82.69,12.0
2025-11-06,17:45:00,82.61,82.61,82.58,82.58,11.0
2025-11-06,17:50:00,82.52,82.55,82.52,82.55,3.0
2025-11-06,17:55:00,82.5,82.5,82.44,82.44,33.0
2025-11-06,18:00:00,82.42,82.43,82.38,82.39,21.0
2025-11-06,18:05:00,82.4,82.4,82.4,82.4,5.0
2025-11-06,18:10:00,82.43,82.47,82.42,82.42,7.0
2025-11-06,18:15:00,82.4,82.43,82.4,82.43,10.0
2025-11-06,18:20:00,82.35,82.35,82.35,82.35,1.0
2025-11-06,18:25:00,82.36,82.38,82.29,82.38,38.0
2025-11-06,18:30:00,82.4,82.54,82.4,82.54,44.0
2025-11-06,18:35:00,82.55,82.59,82.54,82.58,34.0
2025-11-06,18:40:00,82.58,82.62,82.52,82.6,31.0
2025-11-06,18:45:00,82.59,82.68,82.58,82.68,49.0
2025-11-06,18:50:00,82.65,82.7,82.65,82.7,13.0
2025-11-06,18:55:00,82.7,82.7,82.7,82.7,5.0
2025-11-06,19:00:00,82.75,82.75,82.56,82.56,11.0
2025-11-06,19:05:00,82.57,82.66,82.57,82.66,16.0
2025-11-06,19:15:00,82.56,82.56,82.55,82.55,6.0
2025-11-06,19:20:00,82.55,82.6,82.55,82.6,11.0
2025-11-06,19:25:00,82.55,82.56,82.55,82.56,4.0
2025-11-06,19:30:00,82.57,82.57,82.57,82.57,3.0
2025-11-06,19:35:00,82.58,82.58,82.58,82.58,1.0
2025-11-06,19:40:00,82.66,82.66,82.66,82.66,6.0
2025-11-06,19:50:00,82.59,82.59,82.59,82.59,2.0
2025-11-06,19:55:00,82.54,82.54,82.54,82.54,11.0
2025-11-06,20:00:00,82.6,82.66,82.6,82.61,17.0
2025-11-06,20:05:00,82.66,82.66,82.66,82.66,31.0
2025-11-06,20:15:00,82.61,82.68,82.61,82.68,5.0
2025-11-06,20:20:00,82.67,82.67,82.65,82.65,16.0
2025-11-06,20:45:00,82.7,82.7,82.57,82.57,25.0
2025-11-06,20:55:00,82.54,82.54,82.5,82.5,8.0
2025-11-06,21:00:00,82.47,82.47,82.4,82.4,44.0
2025-11-06,21:05:00,82.37,82.37,82.37,82.37,1.0
2025-11-06,21:10:00,82.34,82.34,82.34,82.34,1.0
2025-11-06,21:15:00,82.53,82.53,82.51,82.51,2.0
2025-11-06,21:20:00,82.47,82.47,82.44,82.47,11.0
2025-11-06,21:25:00,82.48,82.48,82.48,82.48,4.0
2025-11-06,21:30:00,82.45,82.48,82.41,82.41,26.0
2025-11-06,21:35:00,82.4,82.47,82.39,82.39,41.0
2025-11-06,21:40:00,82.39,82.41,82.38,82.41,7.0
2025-11-06,21:45:00,82.45,82.45,82.37,82.37,4.0
2025-11-06,21:50:00,82.36,82.36,82.35,82.36,6.0
2025-11-06,21:55:00,82.37,82.37,82.37,82.37,1.0
2025-11-06,22:00:00,82.38,82.38,82.38,82.38,1.0
2025-11-06,22:05:00,82.41,82.47,82.4,82.4,24.0
2025-11-06,22:10:00,82.4,82.4,82.2,82.22,47.0
2025-11-06,22:15:00,82.22,82.25,82.21,82.24,38.0
2025-11-06,22:20:00,82.23,82.33,82.22,82.33,42.0
2025-11-06,22:25:00,82.3,82.3,82.3,82.3,15.0
2025-11-06,22:30:00,82.35,82.35,82.34,82.34,10.0
2025-11-06,22:35:00,82.38,82.42,82.38,82.42,17.0
2025-11-06,22:40:00,82.4,82.4,82.33,82.33,8.0
2025-11-06,22:45:00,82.4,82.42,82.39,82.4,47.0
2025-11-06,23:00:00,82.44,82.63,82.44,82.55,31.0
2025-11-06,23:05:00,82.56,82.57,82.55,82.55,11.0
2025-11-06,23:10:00,82.6,82.64,82.6,82.63,8.0
2025-11-06,23:15:00,82.6,82.6,82.6,82.6,2.0
2025-11-06,23:20:00,82.6,82.61,82.59,82.59,11.0
2025-11-06,23:25:00,82.52,82.52,82.5,82.5,8.0
2025-11-06,23:30:00,82.48,82.53,82.48,82.53,5.0
2025-11-06,23:35:00,82.36,82.39,82.35,82.37,14.0
2025-11-06,23:40:00,82.33,82.33,82.22,82.23,12.0
2025-11-06,23:45:00,82.28,82.3,82.27,82.3,9.0
2025-11-06,23:50:00,82.32,82.32,82.32,82.32,1.0
2025-11-06,23:55:00,82.32,82.32,82.22,82.22,15.0
2025-11-07,00:00:00,82.22,82.22,82.21,82.21,3.0
2025-11-07,00:05:00,82.27,82.28,82.22,82.25,16.0
2025-11-07,00:10:00,82.26,82.3,82.25,82.3,9.0
2025-11-07,00:15:00,82.3,82.35,82.3,82.34,9.0
2025-11-07,00:20:00,82.29,82.32,82.29,82.29,7.0
2025-11-07,00:30:00,82.42,82.42,82.38,82.42,6.0
2025-11-07,00:35:00,82.43,82.43,82.43,82.43,1.0
2025-11-07,00:45:00,82.45,82.5,82.45,82.5,4.0
2025-11-07,00:50:00,82.5,82.52,82.48,82.48,6.0
2025-11-07,00:55:00,82.39,82.4,82.39,82.4,11.0
2025-11-07,15:00:00,82.43,82.43,82.34,82.35,6.0
2025-11-07,15:05:00,82.35,82.42,82.33,82.42,11.0
2025-11-07,15:10:00,82.56,82.56,82.5,82.5,2.0
2025-11-07,15:15:00,82.44,82.44,82.44,82.44,1.0
2025-11-07,15:20:00,82.4,82.45,82.4,82.45,11.0
2025-11-07,15:25:00,82.45,82.47,82.45,82.45,15.0
2025-11-07,15:30:00,82.5,82.5,82.45,82.45,18.0
2025-11-07,15:35:00,82.35,82.35,82.25,82.25,5.0
2025-11-07,15:50:00,82.34,82.65,82.34,82.55,23.0
2025-11-07,16:00:00,82.45,82.47,82.45,82.47,3.0
2025-11-07,16:05:00,82.45,82.75,82.45,82.65,57.0
2025-11-07,16:10:00,82.6,82.75,82.6,82.75,21.0
2025-11-07,16:15:00,82.77,82.77,82.67,82.67,40.0
2025-11-07,16:20:00,82.7,82.71,82.62,82.62,5.0
2025-11-07,16:25:00,82.53,82.57,82.45,82.49,19.0
2025-11-07,16:30:00,82.34,82.34,82.31,82.31,5.0
2025-11-07,16:35:00,82.29,82.29,82.25,82.25,12.0
2025-11-07,16:40:00,82.29,82.36,82.29,82.36,2.0
2025-11-07,16:45:00,82.34,82.36,82.34,82.36,2.0
2025-11-07,16:50:00,82.41,82.41,82.29,82.29,6.0
2025-11-07,16:55:00,82.21,82.21,82.16,82.16,26.0
2025-11-07,17:00:00,82.23,82.23,82.23,82.23,1.0
2025-11-07,17:05:00,82.22,82.22,82.14,82.14,6.0
2025-11-07,17:10:00,82.15,82.22,82.14,82.22,4.0
2025-11-07,17:15:00,82.18,82.18,82.18,82.18,5.0
2025-11-07,17:20:00,82.13,82.16,82.13,82.16,2.0
2025-11-07,17:25:00,82.23,82.23,82.09,82.09,16.0
2025-11-07,17:30:00,82.21,82.21,82.21,82.21,1.0
2025-11-07,17:35:00,82.2,82.2,82.2,82.2,1.0
2025-11-07,17:40:00,82.19,82.19,82.15,82.15,3.0
2025-11-07,17:45:00,82.05,82.07,82.0,82.07,25.0
2025-11-07,17:50:00,82.07,82.09,82.05,82.06,16.0
2025-11-07,17:55:00,82.05,82.05,81.98,82.04,10.0
2025-11-07,18:00:00,82.13,82.13,82.05,82.05,4.0
2025-11-07,18:10:00,82.21,82.21,82.16,82.16,22.0
2025-11-07,18:15:00,82.16,82.21,82.16,82.21,9.0
2025-11-07,18:20:00,82.21,82.21,82.18,82.18,6.0
2025-11-07,18:25:00,82.08,82.08,82.03,82.03,2.0
2025-11-07,18:30:00,81.96,81.96,81.93,81.94,4.0
2025-11-07,18:35:00,81.93,81.93,81.93,81.93,1.0
2025-11-07,18:40:00,81.92,81.92,81.9,81.9,4.0
2025-11-07,18:45:00,81.85,81.89,81.85,81.89,8.0
2025-11-07,18:55:00,81.93,81.94,81.9,81.94,10.0
2025-11-07,19:00:00,81.93,81.95,81.81,81.81,56.0
2025-11-07,19:05:00,81.76,81.8,81.76,81.78,16.0
2025-11-07,19:10:00,81.82,81.85,81.82,81.85,21.0
2025-11-07,19:15:00,81.81,81.81,81.81,81.81,1.0
2025-11-07,19:20:00,81.78,81.79,81.78,81.79,2.0
2025-11-07,19:25:00,81.75,81.83,81.75,81.83,23.0
2025-11-07,19:30:00,81.92,81.92,81.83,81.87,16.0
2025-11-07,19:35:00,81.87,81.97,81.87,81.95,11.0
2025-11-07,19:40:00,82.04,82.04,82.0,82.0,48.0
2025-11-07,19:45:00,82.04,82.05,82.04,82.05,13.0
2025-11-07,19:50:00,82.06,82.09,82.06,82.06,40.0
2025-11-07,19:55:00,82.1,82.23,82.1,82.23,17.0
2025-11-07,20:00:00,82.21,82.21,82.14,82.14,2.0
2025-11-07,20:10:00,82.02,82.02,82.02,82.02,11.0
2025-11-07,20:15:00,82.02,82.02,81.93,81.93,5.0
2025-11-07,20:20:00,81.91,81.94,81.8,81.84,26.0
2025-11-07,20:25:00,81.88,81.88,81.88,81.88,7.0
2025-11-07,20:30:00,81.91,81.93,81.91,81.93,2.0
2025-11-07,20:35:00,81.82,81.82,81.82,81.82,1.0
2025-11-07,20:40:00,81.8,81.8,81.8,81.8,6.0
2025-11-07,20:45:00,81.8,81.8,81.76,81.76,2.0
2025-11-07,20:50:00,81.75,81.75,81.74,81.74,16.0
2025-11-07,20:55:00,81.75,81.76,81.75,81.76,2.0
2025-11-07,21:00:00,81.77,81.85,81.77,81.79,11.0
2025-11-07,21:05:00,81.72,81.72,81.69,81.69,26.0
2025-11-07,21:10:00,81.67,81.69,81.6,81.69,11.0
2025-11-07,21:15:00,81.61,81.69,81.61,81.69,13.0
2025-11-07,21:20:00,81.7,81.75,81.7,81.74,10.0
2025-11-07,21:25:00,81.74,81.74,81.69,81.69,7.0
2025-11-07,21:30:00,81.71,81.74,81.7,81.74,7.0
2025-11-07,21:35:00,81.74,81.75,81.66,81.71,34.0
2025-11-07,21:40:00,81.68,81.68,81.68,81.68,3.0
2025-11-07,21:45:00,81.72,81.75,81.71,81.75,6.0
2025-11-07,21:50:00,81.74,81.75,81.73,81.75,3.0
2025-11-07,21:55:00,81.73,81.73,81.67,81.67,10.0
2025-11-07,22:00:00,81.69,81.69,81.64,81.64,10.0
2025-11-07,22:05:00,81.63,81.65,81.63,81.63,8.0
2025-11-07,22:10:00,81.64,81.64,81.63,81.63,7.0
2025-11-07,22:15:00,81.63,81.65,81.63,81.65,8.0
2025-11-07,22:20:00,81.64,81.64,81.64,81.64,8.0
2025-11-07,22:25:00,81.61,81.63,81.61,81.63,11.0
2025-11-07,22:30:00,81.66,81.67,81.62,81.62,7.0
2025-11-07,22:35:00,81.62,81.65,81.62,81.64,22.0
2025-11-07,22:40:00,81.68,81.7,81.67,81.7,5.0
2025-11-07,22:45:00,81.71,81.72,81.69,81.72,28.0
2025-11-07,22:50:00,81.67,81.69,81.66,81.67,22.0
2025-11-07,22:55:00,81.66,81.66,81.66,81.66,20.0
2025-11-07,23:00:00,81.71,81.84,81.71,81.74,17.0
2025-11-07,23:05:00,81.75,81.75,81.7,81.7,4.0
2025-11-07,23:10:00,81.75,81.77,81.75,81.77,16.0
2025-11-07,23:15:00,81.75,81.75,81.65,81.67,21.0
2025-11-07,23:20:00,81.65,81.65,81.64,81.64,6.0
2025-11-07,23:25:00,81.65,81.66,81.64,81.65,11.0
2025-11-07,23:30:00,81.63,81.67,81.63,81.67,17.0
2025-11-07,23:35:00,81.66,81.66,81.64,81.64,8.0
2025-11-07,23:40:00,81.63,81.64,81.6,81.6,61.0
2025-11-07,23:45:00,81.59,81.59,81.56,81.57,22.0
2025-11-07,23:50:00,81.57,81.63,81.57,81.6,20.0
2025-11-07,23:55:00,81.6,81.6,81.57,81.58,12.0
2025-11-08,00:00:00,81.55,81.61,81.55,81.55,8.0
2025-11-08,00:05:00,81.6,81.6,81.6,81.6,1.0
2025-11-08,00:10:00,81.59,81.59,81.52,81.58,20.0
2025-11-08,00:15:00,81.6,81.66,81.6,81.66,8.0
2025-11-08,00:20:00,81.68,81.68,81.68,81.68,4.0
2025-11-08,00:25:00,81.6,81.7,81.59,81.7,74.0
2025-11-08,00:30:00,81.76,81.76,81.68,81.68,19.0
2025-11-08,00:35:00,81.65,81.65,81.6,81.63,21.0
2025-11-08,00:40:00,81.66,81.66,81.66,81.66,1.0
2025-11-08,00:45:00,81.66,81.69,81.66,81.69,3.0
2025-11-08,00:50:00,81.72,81.72,81.69,81.69,25.0
2025-11-08,00:55:00,81.68,81.68,81.61,81.68,22.0
2025-11-10,15:00:00,81.92,81.99,81.89,81.99,28.0
2025-11-10,15:05:00,82.0,82.0,82.0,82.0,10.0
2025-11-10,15:10:00,81.98,81.98,81.98,81.98,1.0
2025-11-10,15:15:00,81.9,81.9,81.9,81.9,2.0
2025-11-10,15:25:00,81.95,81.95,81.95,81.95,5.0
2025-11-10,15:30:00,82.08,82.08,81.97,81.97,20.0
2025-11-10,15:35:00,81.99,81.99,81.99,81.99,1.0
2025-11-10,15:40:00,82.02,82.03,82.02,82.03,3.0
2025-11-10,15:45:00,81.99,82.15,81.99,82.15,9.0
2025-11-10,15:50:00,82.17,82.3,82.17,82.3,50.0
2025-11-10,15:55:00,82.26,82.29,82.26,82.29,3.0
2025-11-10,16:00:00,82.36,82.38,82.35,82.37,57.0
2025-11-10,16:05:00,82.37,82.37,82.35,82.35,9.0
2025-11-10,16:10:00,82.1,82.11,82.1,82.11,2.0
2025-11-10,16:15:00,82.21,82.21,82.15,82.15,7.0
2025-11-10,16:20:00,82.12,82.12,82.12,82.12,1.0
2025-11-10,16:25:00,82.02,82.02,81.95,81.95,12.0
2025-11-10,16:30:00,81.93,81.95,81.9,81.95,17.0
2025-11-10,16:45:00,82.0,82.0,81.95,81.95,6.0
2025-11-10,16:55:00,82.14,82.19,82.14,82.19,2.0
2025-11-10,17:00:00,82.23,82.3,82.23,82.24,3.0
2025-11-10,17:05:00,82.13,82.13,82.03,82.03,5.0
2025-11-10,17:15:00,82.0,82.0,82.0,82.0,1.0
2025-11-10,17:20:00,81.97,81.97,81.97,81.97,1.0
2025-11-10,17:25:00,82.0,82.06,82.0,82.06,26.0
2025-11-10,17:30:00,82.0,82.0,82.0,82.0,5.0
2025-11-10,17:40:00,81.93,82.01,81.92,82.01,13.0
2025-11-10,17:50:00,82.01,82.01,82.01,82.01,1.0
2025-11-10,17:55:00,82.15,82.15,82.15,82.15,4.0
2025-11-10,18:00:00,82.14,82.3,82.14,82.3,31.0
2025-11-10,18:05:00,82.32,82.35,82.28,82.35,15.0
2025-11-10,18:10:00,82.3,82.4,82.3,82.35,38.0
2025-11-10,18:15:00,82.35,82.35,82.3,82.3,19.0
2025-11-10,18:20:00,82.17,82.17,82.16,82.16,11.0
2025-11-10,18:25:00,82.33,82.35,82.2,82.2,7.0
2025-11-10,18:30:00,82.2,82.2,82.15,82.15,16.0
2025-11-10,18:35:00,82.27,82.27,82.27,82.27,1.0
2025-11-10,18:40:00,82.28,82.4,82.28,82.32,14.0
2025-11-10,18:45:00,82.33,82.33,82.23,82.23,69.0
2025-11-10,18:50:00,82.23,82.33,82.21,82.33,28.0
2025-11-10,18:55:00,82.3,82.31,82.22,82.26,40.0
2025-11-10,19:00:00,82.26,82.26,82.18,82.19,36.0
2025-11-10,19:05:00,82.15,82.15,82.15,82.15,16.0
2025-11-10,19:10:00,82.18,82.18,81.96,81.96,3.0
2025-11-10,19:15:00,82.02,82.02,82.01,82.01,11.0
2025-11-10,19:20:00,82.01,82.01,82.01,82.01,1.0
2025-11-10,19:30:00,82.0,82.04,82.0,82.04,6.0
2025-11-10,19:35:00,82.02,82.03,81.99,81.99,18.0
2025-11-10,19:40:00,81.93,82.12,81.93,82.12,6.0
2025-11-10,19:45:00,82.11,82.11,82.1,82.1,3.0
2025-11-10,19:50:00,81.98,82.05,81.98,82.01,22.0
2025-11-10,19:55:00,82.04,82.1,82.04,82.1,6.0
2025-11-10,20:05:00,81.95,81.97,81.93,81.97,16.0
2025-11-10,20:10:00,82.0,82.0,82.0,82.0,4.0
2025-11-10,20:15:00,82.0,82.0,82.0,82.0,1.0
2025-11-10,20:20:00,82.06,82.06,82.06,82.06,5.0
2025-11-10,20:25:00,82.07,82.12,82.07,82.07,15.0
2025-11-10,20:30:00,82.07,82.07,82.05,82.05,16.0
2025-11-10,20:35:00,82.06,82.1,82.0,82.0,42.0
2025-11-10,20:40:00,82.0,82.0,81.9,81.91,20.0
2025-11-10,20:45:00,81.87,81.87,81.8,81.84,45.0
2025-11-10,20:50:00,81.83,81.83,81.69,81.69,21.0
2025-11-10,20:55:00,81.69,81.72,81.38,81.42,89.0
2025-11-10,21:00:00,81.35,81.37,81.25,81.33,150.0
2025-11-10,21:05:00,81.34,81.35,81.19,81.19,38.0
2025-11-10,21:10:00,81.19,81.21,81.04,81.12,126.0
2025-11-10,21:15:00,81.11,81.2,81.11,81.17,53.0
2025-11-10,21:20:00,81.16,81.17,81.13,81.17,37.0
2025-11-10,21:25:00,81.18,81.29,81.18,81.27,56.0
2025-11-10,21:30:00,81.29,81.36,81.28,81.3,39.0
2025-11-10,21:35:00,81.34,81.65,81.34,81.65,88.0
2025-11-10,21:40:00,81.56,81.61,81.53,81.59,39.0
2025-11-10,21:45:00,81.56,81.59,81.51,81.59,26.0
2025-11-10,21:50:00,81.55,81.65,81.55,81.65,22.0
2025-11-10,21:55:00,81.64,81.64,81.52,81.64,32.0
2025-11-10,22:00:00,81.62,81.65,81.62,81.62,44.0
2025-11-10,22:05:00,81.63,81.72,81.61,81.64,62.0
2025-11-10,22:10:00,81.63,81.63,81.49,81.52,63.0
2025-11-10,22:15:00,81.52,81.61,81.52,81.61,56.0
2025-11-10,22:20:00,81.59,81.63,81.52,81.52,10.0
2025-11-10,22:25:00,81.5,81.56,81.5,81.56,25.0
2025-11-10,22:30:00,81.62,81.7,81.62,81.7,2.0
2025-11-10,22:35:00,81.68,81.82,81.68,81.82,24.0
2025-11-10,22:40:00,81.91,81.91,81.9,81.91,3.0
2025-11-10,22:45:00,81.91,81.95,81.91,81.95,5.0
2025-11-10,22:50:00,81.95,81.96,81.92,81.95,20.0
2025-11-10,22:55:00,81.97,81.98,81.92,81.92,7.0
2025-11-10,23:00:00,81.9,81.9,81.88,81.88,6.0
2025-11-10,23:05:00,81.85,81.85,81.85,81.85,9.0
2025-11-10,23:10:00,81.84,81.85,81.84,81.85,2.0
2025-11-10,23:15:00,81.81,81.83,81.78,81.78,5.0
2025-11-10,23:20:00,81.8,81.84,81.8,81.84,4.0
2025-11-10,23:25:00,81.84,81.84,81.82,81.82,3.0
2025-11-10,23:30:00,81.93,82.07,81.92,82.05,17.0
2025-11-10,23:35:00,81.94,81.96,81.94,81.96,9.0
2025-11-10,23:40:00,81.98,82.04,81.98,82.04,9.0
2025-11-10,23:45:00,82.04,82.06,82.02,82.06,42.0
2025-11-10,23:50:00,82.06,82.12,81.94,81.94,16.0
2025-11-10,23:55:00,81.94,81.99,81.94,81.99,6.0
2025-11-11,00:00:00,81.95,82.0,81.95,81.97,5.0
2025-11-11,00:05:00,81.97,82.13,81.97,82.11,14.0
2025-11-11,00:10:00,82.17,82.18,81.94,81.95,20.0
2025-11-11,00:15:00,81.91,81.92,81.89,81.9,4.0
2025-11-11,00:30:00,82.05,82.11,82.05,82.11,16.0
2025-11-11,00:35:00,82.11,82.11,82.11,82.11,4.0
2025-11-11,00:40:00,82.19,82.25,82.19,82.25,16.0
2025-11-11,00:45:00,82.25,82.25,82.25,82.25,9.0
2025-11-11,00:50:00,82.18,82.2,82.14,82.2,9.0
2025-11-11,00:55:00,82.19,82.24,82.1,82.1,14.0
2025-11-11,15:00:00,82.12,82.12,82.05,82.05,4.0
2025-11-11,15:05:00,82.03,82.03,81.91,81.91,25.0
2025-11-11,15:20:00,82.03,82.03,82.03,82.03,1.0
2025-11-11,15:25:00,81.95,81.95,81.85,81.85,23.0
2025-11-11,15:30:00,81.83,81.83,81.83,81.83,10.0
2025-11-11,15:35:00,81.84,81.84,81.79,81.79,3.0
2025-11-11,15:40:00,81.76,81.76,81.74,81.75,10.0
2025-11-11,15:45:00,81.76,81.76,81.73,81.76,3.0
2025-11-11,15:50:00,81.65,81.65,81.65,81.65,5.0
2025-11-11,15:55:00,81.65,81.65,81.63,81.63,4.0
2025-11-11,16:10:00,81.68,81.71,81.68,81.7,8.0
2025-11-11,16:15:00,81.62,81.65,81.6,81.65,3.0
2025-11-11,16:20:00,81.84,81.87,81.84,81.87,5.0
2025-11-11,16:25:00,81.99,81.99,81.99,81.99,4.0
2025-11-11,16:30:00,82.0,82.0,82.0,82.0,4.0
2025-11-11,16:35:00,81.93,81.93,81.93,81.93,1.0
2025-11-11,16:40:00,81.92,81.92,81.87,81.87,2.0
2025-11-11,16:50:00,81.85,81.86,81.66,81.69,31.0
2025-11-11,17:00:00,81.8,81.9,81.8,81.8,46.0
2025-11-11,17:05:00,81.82,81.88,81.8,81.87,24.0
2025-11-11,17:10:00,81.91,81.91,81.91,81.91,1.0
2025-11-11,17:15:00,81.94,82.0,81.94,82.0,9.0
2025-11-11,17:20:00,82.01,82.01,82.01,82.01,7.0
2025-11-11,17:25:00,82.0,82.1,82.0,82.1,21.0
2025-11-11,17:30:00,82.12,82.12,82.1,82.1,3.0
2025-11-11,17:35:00,82.09,82.09,82.0,82.0,7.0
2025-11-11,17:40:00,82.07,82.08,82.07,82.08,4.0
2025-11-11,17:45:00,82.09,82.27,82.09,82.27,20.0
2025-11-11,17:50:00,82.22,82.22,82.15,82.2,17.0
2025-11-11,17:55:00,82.29,82.29,82.29,82.29,2.0
2025-11-11,18:00:00,82.2,82.2,82.16,82.16,18.0
2025-11-11,18:05:00,82.12,82.18,82.12,82.18,12.0
2025-11-11,18:10:00,82.11,82.11,82.11,82.11,1.0
2025-11-11,18:20:00,82.0,82.05,81.97,82.05,30.0
2025-11-11,18:30:00,82.05,82.08,82.04,82.07,5.0
2025-11-11,18:35:00,82.09,82.13,82.09,82.13,12.0
2025-11-11,18:40:00,82.14,82.27,82.14,82.25,23.0
2025-11-11,18:45:00,82.25,82.26,82.15,82.2,5.0
2025-11-11,18:50:00,82.19,82.19,82.19,82.19,11.0
2025-11-11,18:55:00,82.16,82.16,82.13,82.13,5.0
2025-11-11,19:00:00,82.19,82.19,82.19,82.19,9.0
2025-11-11,19:05:00,82.13,82.13,82.1,82.1,3.0
2025-11-11,19:10:00,82.09,82.09,82.09,82.09,6.0
2025-11-11,19:25:00,82.11,82.11,82.11,82.11,4.0
2025-11-11,19:30:00,82.27,82.27,82.21,82.21,2.0
2025-11-11,19:35:00,82.17,82.2,82.11,82.11,15.0
2025-11-11,19:40:00,82.11,82.11,82.11,82.11,5.0
2025-11-11,19:45:00,82.12,82.12,82.12,82.12,3.0
2025-11-11,19:50:00,82.15,82.3,82.15,82.3,27.0
2025-11-11,20:00:00,82.25,82.25,82.25,82.25,8.0
2025-11-11,20:05:00,82.2,82.2,82.2,82.2,2.0
2025-11-11,20:15:00,82.2,82.2,82.18,82.18,7.0
2025-11-11,20:20:00,82.18,82.18,82.17,82.17,7.0
2025-11-11,20:25:00,82.34,82.35,82.34,82.35,36.0
2025-11-11,20:30:00,82.35,82.51,82.35,82.46,51.0
2025-11-11,20:35:00,82.31,82.31,82.26,82.26,3.0
2025-11-11,20:40:00,82.23,82.23,82.23,82.23,2.0
2025-11-11,20:45:00,82.29,82.32,82.29,82.32,9.0
2025-11-11,20:50:00,82.3,82.3,82.3,82.3,6.0
2025-11-11,20:55:00,82.28,82.28,82.28,82.28,1.0
2025-11-11,21:00:00,82.29,82.29,82.22,82.22,23.0
2025-11-11,21:10:00,82.27,82.31,82.24,82.31,8.0
2025-11-11,21:15:00,82.31,82.33,82.31,82.33,5.0
2025-11-11,21:20:00,82.4,82.4,82.4,82.4,2.0
2025-11-11,21:25:00,82.35,82.4,82.35,82.36,26.0
2025-11-11,21:30:00,82.44,82.51,82.44,82.48,14.0
2025-11-11,21:35:00,82.48,82.48,82.48,82.48,9.0
2025-11-11,21:40:00,82.55,82.95,82.53,82.77,147.0
2025-11-11,21:45:00,82.77,82.79,82.73,82.79,21.0
2025-11-11,21:50:00,82.85,82.89,82.8,82.86,16.0
2025-11-11,21:55:00,82.8,82.87,82.8,82.81,57.0
2025-11-11,22:00:00,82.95,82.95,82.89,82.89,9.0
2025-11-11,22:05:00,82.91,82.91,82.74,82.76,14.0
2025-11-11,22:10:00,82.79,82.79,82.74,82.74,5.0
2025-11-11,22:15:00,82.72,82.73,82.72,82.73,9.0
2025-11-11,22:20:00,82.76,82.76,82.71,82.71,9.0
2025-11-11,22:25:00,82.75,82.78,82.72,82.74,62.0
2025-11-11,22:30:00,82.8,82.8,82.78,82.79,54.0
2025-11-11,22:35:00,82.75,82.75,82.7,82.7,16.0
2025-11-11,22:40:00,82.75,82.75,82.65,82.65,15.0
2025-11-11,22:45:00,82.65,82.72,82.65,82.72,5.0
2025-11-11,22:55:00,82.85,82.85,82.85,82.85,50.0
2025-11-11,23:00:00,82.81,82.81,82.75,82.75,18.0
2025-11-11,23:05:00,82.73,82.75,82.71,82.71,5.0
2025-11-11,23:10:00,82.79,82.79,82.7,82.71,4.0
2025-11-11,23:15:00,82.75,82.75,82.7,82.74,63.0
2025-11-11,23:20:00,82.73,82.73,82.71,82.71,18.0
2025-11-11,23:25:00,82.77,82.77,82.77,82.77,3.0
2025-11-11,23:30:00,82.83,82.83,82.75,82.8,18.0
2025-11-11,23:35:00,82.83,82.84,82.74,82.75,14.0
2025-11-11,23:40:00,82.78,82.82,82.74,82.74,11.0
2025-11-11,23:45:00,82.69,82.71,82.69,82.71,3.0
2025-11-11,23:50:00,82.71,82.71,82.66,82.66,6.0
2025-11-11,23:55:00,82.66,82.66,82.66,82.66,2.0
2025-11-12,00:00:00,82.66,82.72,82.63,82.68,38.0
2025-11-12,00:05:00,82.68,82.84,82.68,82.83,20.0
2025-11-12,00:10:00,82.8,82.8,82.74,82.75,5.0
2025-11-12,00:15:00,82.77,82.84,82.74,82.82,34.0
2025-11-12,00:20:00,82.85,82.88,82.75,82.75,47.0
2025-11-12,00:25:00,82.75,82.77,82.75,82.77,7.0
2025-11-12,00:30:00,82.83,82.83,82.75,82.75,74.0
2025-11-12,00:35:00,82.76,82.77,82.7,82.7,57.0
2025-11-12,00:40:00,82.78,82.78,82.78,82.78,1.0
2025-11-12,00:45:00,82.86,82.86,82.86,82.86,1.0
2025-11-12,00:50:00,82.86,82.86,82.8,82.8,3.0
2025-11-12,00:55:00,82.81,82.83,82.73,82.83,10.0
2025-11-12,15:00:00,83.03,83.07,83.03,83.07,10.0
2025-11-12,15:05:00,83.15,83.23,83.15,83.23,3.0
2025-11-12,15:10:00,83.09,83.09,83.09,83.09,1.0
2025-11-12,15:15:00,83.09,83.09,83.09,83.09,10.0
2025-11-12,15:20:00,83.1,83.11,83.1,83.11,2.0
2025-11-12,15:25:00,83.17,83.17,83.17,83.17,1.0
2025-11-12,15:30:00,83.31,83.31,83.31,83.31,11.0
2025-11-12,15:35:00,83.44,83.44,83.44,83.44,1.0
2025-11-12,15:45:00,83.46,83.5,83.45,83.45,39.0
2025-11-12,15:50:00,83.44,83.44,83.43,83.43,10.0
2025-11-12,15:55:00,83.38,83.45,83.38,83.4,27.0
2025-11-12,16:00:00,83.4,83.4,83.37,83.37,12.0
2025-11-12,16:05:00,83.38,83.38,83.35,83.35,2.0
2025-11-12,16:10:00,83.5,83.5,83.5,83.5,34.0
2025-11-12,16:15:00,83.4,83.43,83.32,83.43,105.0
2025-11-12,16:20:00,83.5,83.62,83.45,83.62,95.0
2025-11-12,16:25:00,83.66,83.66,83.65,83.65,78.0
2025-11-12,16:30:00,83.74,83.84,83.74,83.83,199.0
2025-11-12,16:35:00,83.75,83.76,83.74,83.76,16.0
2025-11-12,16:40:00,83.85,83.85,83.81,83.81,7.0
2025-11-12,16:45:00,83.73,83.73,83.7,83.72,25.0
2025-11-12,16:50:00,83.72,83.72,83.65,83.72,50.0
2025-11-12,16:55:00,83.81,84.1,83.81,83.9,111.0
2025-11-12,17:00:00,83.98,84.27,83.98,84.27,181.0
2025-11-12,17:05:00,84.26,84.29,84.15,84.16,82.0
2025-11-12,17:10:00,84.18,84.18,84.07,84.07,25.0
2025-11-12,17:15:00,84.16,84.16,84.16,84.16,1.0
2025-11-12,17:20:00,84.18,84.18,84.1,84.1,8.0
2025-11-12,17:25:00,84.12,84.12,84.09,84.09,46.0
2025-11-12,17:30:00,84.1,84.12,83.92,84.06,38.0
2025-11-12,17:35:00,84.06,84.06,83.98,83.98,33.0
2025-11-12,17:40:00,83.98,83.98,83.97,83.97,2.0
2025-11-12,17:45:00,83.97,84.0,83.92,83.95,21.0
2025-11-12,17:50:00,84.0,84.06,84.0,84.06,21.0
2025-11-12,17:55:00,84.01,84.01,83.94,83.94,70.0
2025-11-12,18:00:00,83.93,83.96,83.92,83.96,22.0
2025-11-12,18:05:00,83.92,83.92,83.86,83.86,75.0
2025-11-12,18:10:00,83.92,83.92,83.84,83.85,19.0
2025-11-12,18:15:00,83.85,83.92,83.85,83.9,36.0
2025-11-12,18:20:00,83.89,83.89,83.82,83.85,12.0
2025-11-12,18:25:00,83.85,83.85,83.85,83.85,38.0
2025-11-12,18:30:00,83.85,83.95,83.85,83.89,50.0
2025-11-12,18:35:00,83.89,83.89,83.81,83.81,16.0
2025-11-12,18:40:00,83.8,83.86,83.8,83.81,38.0
2025-11-12,18:45:00,83.8,83.8,83.75,83.8,77.0
2025-11-12,18:50:00,83.85,83.88,83.85,83.86,8.0
2025-11-12,18:55:00,83.82,83.82,83.82,83.82,5.0
2025-11-12,19:00:00,83.84,83.9,83.84,83.88,98.0
2025-11-12,19:05:00,83.88,83.88,83.81,83.83,99.0
2025-11-12,19:10:00,83.86,84.25,83.86,84.25,140.0
2025-11-12,19:15:00,84.28,84.47,84.18,84.45,194.0
2025-11-12,19:20:00,84.45,84.46,84.25,84.26,69.0
2025-11-12,19:25:00,84.16,84.16,84.16,84.16,20.0
2025-11-12,19:30:00,84.22,84.22,84.19,84.19,2.0
2025-11-12,19:35:00,84.25,84.35,84.24,84.34,53.0
2025-11-12,19:40:00,84.37,84.37,84.22,84.22,72.0
2025-11-12,19:45:00,84.22,84.22,84.22,84.22,3.0
2025-11-12,19:50:00,84.19,84.5,84.19,84.45,113.0
2025-11-12,19:55:00,84.45,84.45,84.31,84.37,21.0
2025-11-12,20:00:00,84.37,84.5,84.37,84.43,39.0
2025-11-12,20:05:00,84.39,84.45,84.37,84.37,15.0
2025-11-12,20:10:00,84.4,84.4,84.34,84.36,30.0
2025-11-12,20:15:00,84.33,84.34,84.29,84.29,17.0
2025-11-12,20:20:00,84.24,84.25,84.17,84.17,18.0
2025-11-12,20:25:00,84.19,84.25,84.19,84.25,7.0
2025-11-12,20:30:00,84.3,84.3,84.24,84.26,56.0
2025-11-12,20:35:00,84.25,84.25,84.22,84.23,31.0
2025-11-12,20:40:00,84.2,84.2,84.14,84.14,21.0
2025-11-12,20:45:00,84.12,84.14,84.12,84.14,70.0
2025-11-12,20:50:00,84.2,84.2,84.2,84.2,1.0
2025-11-12,20:55:00,84.2,84.22,84.16,84.16,7.0
2025-11-12,21:00:00,84.16,84.22,84.09,84.17,25.0
2025-11-12,21:05:00,84.13,84.13,84.11,84.11,15.0
2025-11-12,21:10:00,84.15,84.16,84.13,84.13,26.0
2025-11-12,21:15:00,84.13,84.13,84.11,84.12,4.0
2025-11-12,21:20:00,84.16,84.27,84.16,84.27,27.0
2025-11-12,21:25:00,84.27,84.33,84.25,84.33,8.0
2025-11-12,21:30:00,84.37,84.4,84.35,84.4,21.0
2025-11-12,21:35:00,84.42,84.43,84.35,84.36,92.0
2025-11-12,21:40:00,84.3,84.3,84.3,84.3,1.0
2025-11-12,21:45:00,84.18,84.18,84.14,84.15,12.0
2025-11-12,21:50:00,84.15,84.17,84.14,84.17,42.0
2025-11-12,21:55:00,84.17,84.17,84.11,84.14,44.0
2025-11-12,22:00:00,84.1,84.1,84.0,84.02,45.0
2025-11-12,22:05:00,84.0,84.06,83.99,84.05,59.0
2025-11-12,22:10:00,84.05,84.13,84.04,84.13,15.0
2025-11-12,22:15:00,84.1,84.15,84.05,84.05,33.0
2025-11-12,22:20:00,84.1,84.1,84.05,84.05,67.0
2025-11-12,22:25:00,84.04,84.05,83.92,83.94,45.0
2025-11-12,22:30:00,83.92,83.99,83.91,83.97,41.0
2025-11-12,22:35:00,83.97,83.97,83.9,83.95,28.0
2025-11-12,22:40:00,83.95,84.06,83.95,84.05,104.0
2025-11-12,22:45:00,84.05,84.08,84.05,84.05,20.0
2025-11-12,22:50:00,84.08,84.08,84.02,84.03,25.0
2025-11-12,22:55:00,84.01,84.01,83.91,83.92,35.0
2025-11-12,23:00:00,83.93,84.0,83.93,83.97,17.0
2025-11-12,23:05:00,83.97,83.97,83.91,83.93,18.0
2025-11-12,23:10:00,83.92,83.92,83.9,83.9,13.0
2025-11-12,23:15:00,83.91,83.91,83.8,83.84,46.0
2025-11-12,23:20:00,83.82,83.85,83.78,83.78,66.0
2025-11-12,23:25:00,83.75,83.78,83.69,83.78,27.0
2025-11-12,23:30:00,83.75,83.76,83.72,83.76,59.0
2025-11-12,23:35:00,83.75,83.76,83.73,83.76,82.0
2025-11-12,23:40:00,83.81,83.97,83.81,83.93,31.0
2025-11-12,23:45:00,83.96,84.09,83.96,84.05,18.0
2025-11-12,23:50:00,84.06,84.2,84.06,84.16,54.0
2025-11-12,23:55:00,84.18,84.18,83.99,84.0,42.0
2025-11-13,00:00:00,84.03,84.03,84.03,84.03,1.0
2025-11-13,00:05:00,83.97,84.15,83.97,84.07,27.0
2025-11-13,00:10:00,84.08,84.15,84.08,84.12,11.0
2025-11-13,00:15:00,84.1,84.11,84.08,84.11,4.0
2025-11-13,00:25:00,84.02,84.11,84.02,84.11,16.0
2025-11-13,00:30:00,84.07,84.07,84.07,84.07,11.0
2025-11-13,00:40:00,84.09,84.12,84.07,84.11,21.0
2025-11-13,00:45:00,84.11,84.18,84.11,84.14,188.0
2025-11-13,00:50:00,84.13,84.13,84.12,84.12,2.0
2025-11-13,00:55:00,84.12,84.15,84.12,84.15,12.0
2025-11-13,15:00:00,84.2,84.5,84.2,84.41,62.0
2025-11-13,15:05:00,84.51,84.62,84.51,84.62,3.0
2025-11-13,15:10:00,84.63,84.91,84.63,84.77,12.0
2025-11-13,15:15:00,84.81,84.81,84.74,84.74,13.0
2025-11-13,15:20:00,84.85,84.94,84.81,84.94,4.0
2025-11-13,15:25:00,84.91,84.91,84.8,84.81,26.0
2025-11-13,15:30:00,84.82,84.82,84.7,84.7,15.0
2025-11-13,15:35:00,84.7,84.71,84.6,84.6,17.0
2025-11-13,15:40:00,84.67,84.67,84.65,84.65,6.0
2025-11-13,15:45:00,84.73,84.75,84.73,84.75,13.0
2025-11-13,15:50:00,84.71,84.71,84.68,84.68,5.0
2025-11-13,15:55:00,84.7,84.7,84.7,84.7,2.0
2025-11-13,16:00:00,84.64,84.73,84.63,84.71,12.0
2025-11-13,16:05:00,84.59,84.59,84.55,84.55,11.0
2025-11-13,16:10:00,84.54,84.55,84.33,84.33,108.0
2025-11-13,16:15:00,84.37,84.52,84.37,84.45,16.0
2025-11-13,16:20:00,84.51,84.51,84.42,84.42,12.0
2025-11-13,16:30:00,84.38,84.39,84.32,84.32,18.0
2025-11-13,16:35:00,84.33,84.34,84.3,84.3,50.0
2025-11-13,16:40:00,84.3,84.33,84.3,84.3,36.0
2025-11-13,16:45:00,84.3,84.3,84.28,84.3,4.0
2025-11-13,16:50:00,84.23,84.23,84.1,84.1,18.0
2025-11-13,16:55:00,84.07,84.07,84.0,84.0,52.0
2025-11-13,17:00:00,83.95,83.97,83.94,83.95,33.0
2025-11-13,17:05:00,83.98,84.07,83.94,83.97,64.0
2025-11-13,17:10:00,83.94,83.99,83.91,83.93,29.0
2025-11-13,17:15:00,83.94,83.94,83.94,83.94,1.0
2025-11-13,17:20:00,83.92,83.92,83.92,83.92,2.0
2025-11-13,17:25:00,83.92,83.93,83.91,83.92,9.0
2025-11-13,17:30:00,83.9,84.08,83.88,84.05,51.0
2025-11-13,17:35:00,83.94,83.94,83.85,83.88,18.0
2025-11-13,17:40:00,83.87,83.87,83.8,83.8,47.0
2025-11-13,17:45:00,83.8,83.85,83.78,83.78,12.0
2025-11-13,17:50:00,83.77,83.77,83.76,83.76,2.0
2025-11-13,17:55:00,83.87,83.87,83.87,83.87,1.0
2025-11-13,18:00:00,83.83,83.83,83.54,83.69,73.0
2025-11-13,18:05:00,83.78,83.86,83.78,83.86,37.0
2025-11-13,18:10:00,83.86,83.98,83.86,83.97,28.0
2025-11-13,18:15:00,83.89,83.89,83.8,83.8,23.0
2025-11-13,18:20:00,83.8,83.85,83.78,83.85,6.0
2025-11-13,18:30:00,83.95,83.96,83.83,83.84,15.0
2025-11-13,18:35:00,83.86,83.86,83.83,83.85,11.0
2025-11-13,18:40:00,83.95,83.95,83.85,83.86,7.0
2025-11-13,18:45:00,83.8,83.81,83.77,83.81,11.0
2025-11-13,18:50:00,83.92,83.92,83.92,83.92,1.0
2025-11-13,18:55:00,83.93,83.96,83.93,83.94,4.0
2025-11-13,19:00:00,83.87,83.87,83.78,83.84,8.0
2025-11-13,19:05:00,83.78,83.78,83.71,83.71,13.0
2025-11-13,19:10:00,83.7,83.7,83.7,83.7,5.0
2025-11-13,19:15:00,83.66,83.66,83.6,83.61,13.0
2025-11-13,19:20:00,83.7,83.7,83.67,83.67,2.0
2025-11-13,19:25:00,83.67,83.72,83.67,83.72,2.0
2025-11-13,19:30:00,83.72,83.8,83.72,83.8,23.0
2025-11-13,19:35:00,83.76,83.76,83.72,83.72,5.0
2025-11-13,19:40:00,83.84,83.85,83.8,83.8,8.0
2025-11-13,19:45:00,83.82,83.83,83.77,83.77,26.0
2025-11-13,19:50:00,83.76,83.78,83.76,83.78,4.0
2025-11-13,20:00:00,83.83,83.84,83.77,83.77,13.0
2025-11-13,20:05:00,83.83,83.83,83.83,83.83,1.0
2025-11-13,20:10:00,83.89,83.89,83.84,83.84,4.0
2025-11-13,20:15:00,83.86,83.86,83.73,83.73,41.0
2025-11-13,20:20:00,83.73,83.82,83.73,83.82,6.0
2025-11-13,20:25:00,83.82,83.96,83.82,83.96,23.0
2025-11-13,20:30:00,83.96,84.01,83.94,83.94,59.0
2025-11-13,20:35:00,83.87,83.88,83.75,83.76,9.0
2025-11-13,20:40:00,83.7,83.73,83.7,83.71,37.0
2025-11-13,20:45:00,83.72,83.75,83.72,83.75,13.0
2025-11-13,20:50:00,83.77,83.77,83.58,83.6,15.0
2025-11-13,20:55:00,83.66,83.66,83.65,83.66,4.0
2025-11-13,21:00:00,83.64,83.66,83.62,83.66,6.0
2025-11-13,21:05:00,83.72,83.77,83.72,83.77,5.0
2025-11-13,21:10:00,83.69,83.71,83.69,83.71,3.0
2025-11-13,21:20:00,83.69,83.69,83.69,83.69,3.0
2025-11-13,21:25:00,83.71,83.73,83.71,83.71,6.0
2025-11-13,21:30:00,83.72,83.74,83.71,83.71,9.0
2025-11-13,21:35:00,83.68,83.68,83.63,83.65,9.0
2025-11-13,21:40:00,83.67,83.7,83.66,83.7,12.0
2025-11-13,21:45:00,83.69,83.77,83.69,83.75,8.0
2025-11-13,21:50:00,83.75,83.78,83.72,83.78,22.0
2025-11-13,21:55:00,83.72,83.81,83.7,83.78,34.0
2025-11-13,22:00:00,83.82,83.85,83.82,83.85,3.0
2025-11-13,22:05:00,83.82,83.82,83.76,83.8,13.0
2025-11-13,22:10:00,83.8,83.81,83.8,83.8,10.0
2025-11-13,22:15:00,83.8,83.81,83.76,83.78,81.0
2025-11-13,22:20:00,83.77,83.8,83.74,83.8,47.0
2025-11-13,22:25:00,83.79,83.79,83.79,83.79,3.0
2025-11-13,22:30:00,83.85,83.85,83.85,83.85,2.0
2025-11-13,22:35:00,83.79,83.79,83.74,83.74,51.0
2025-11-13,22:40:00,83.76,83.79,83.74,83.79,17.0
2025-11-13,22:45:00,83.78,83.78,83.78,83.78,1.0
2025-11-13,22:50:00,83.8,83.8,83.8,83.8,5.0
2025-11-13,22:55:00,83.79,83.81,83.79,83.81,3.0
2025-11-13,23:00:00,83.85,83.86,83.72,83.8,45.0
2025-11-13,23:05:00,83.75,83.75,83.75,83.75,3.0
2025-11-13,23:10:00,83.78,83.78,83.78,83.78,1.0
2025-11-13,23:15:00,83.79,83.8,83.79,83.8,2.0
2025-11-13,23:20:00,83.79,83.79,83.79,83.79,2.0
2025-11-13,23:25:00,83.77,83.77,83.77,83.77,1.0
2025-11-13,23:30:00,83.77,83.77,83.75,83.76,11.0
2025-11-13,23:35:00,83.75,83.75,83.7,83.7,26.0
2025-11-13,23:40:00,83.7,83.7,83.28,83.28,99.0
2025-11-13,23:45:00,83.24,83.32,83.24,83.29,225.0
2025-11-13,23:50:00,83.27,83.27,83.13,83.23,53.0
2025-11-13,23:55:00,83.32,83.33,83.29,83.3,14.0
2025-11-14,00:00:00,83.34,83.4,83.34,83.4,15.0
2025-11-14,00:05:00,83.4,83.52,83.4,83.52,20.0
2025-11-14,00:10:00,83.5,83.61,83.5,83.59,28.0
2025-11-14,00:15:00,83.62,83.63,83.59,83.6,21.0
2025-11-14,00:20:00,83.5,83.5,83.5,83.5,6.0
2025-11-14,00:25:00,83.5,83.57,83.5,83.55,9.0
2025-11-14,00:30:00,83.51,83.52,83.42,83.42,9.0
2025-11-14,00:35:00,83.41,83.41,83.37,83.37,6.0
2025-11-14,00:40:00,83.41,83.41,83.36,83.39,22.0
2025-11-14,00:45:00,83.47,83.5,83.46,83.5,12.0
2025-11-14,00:50:00,83.51,83.51,83.48,83.49,12.0
2025-11-14,00:55:00,83.46,83.59,83.46,83.57,51.0
2025-11-14,15:00:00,83.49,83.7,83.49,83.69,9.0
2025-11-14,15:05:00,83.66,83.66,83.66,83.66,1.0
2025-11-14,15:15:00,83.55,83.55,83.54,83.55,10.0
2025-11-14,15:20:00,83.51,83.51,83.41,83.41,13.0
2025-11-14,15:25:00,83.43,83.43,83.43,83.43,2.0
2025-11-14,15:30:00,83.32,83.32,83.32,83.32,1.0
2025-11-14,15:35:00,83.33,83.33,83.33,83.33,17.0
2025-11-14,15:40:00,83.31,83.39,83.31,83.39,17.0
2025-11-14,15:45:00,83.36,83.36,83.36,83.36,1.0
2025-11-14,15:50:00,83.41,83.49,83.31,83.31,26.0
2025-11-14,15:55:00,83.31,83.32,83.28,83.28,14.0
2025-11-14,16:00:00,83.29,83.29,83.18,83.21,50.0
2025-11-14,16:05:00,83.2,83.2,83.2,83.2,5.0
2025-11-14,16:10:00,83.26,83.26,83.26,83.26,1.0
2025-11-14,16:15:00,83.22,83.22,83.2,83.2,7.0
2025-11-14,16:20:00,83.25,83.25,83.17,83.2,106.0
2025-11-14,16:25:00,83.19,83.19,83.19,83.19,1.0
2025-11-14,16:30:00,83.17,83.17,83.1,83.16,29.0
2025-11-14,16:35:00,83.09,83.09,83.09,83.09,6.0
2025-11-14,16:40:00,83.1,83.11,83.08,83.08,17.0
2025-11-14,16:45:00,83.2,83.21,83.18,83.21,15.0
2025-11-14,16:50:00,83.2,83.2,83.09,83.09,8.0
2025-11-14,16:55:00,83.07,83.12,83.02,83.12,55.0
2025-11-14,17:00:00,83.1,83.13,83.03,83.03,4.0
2025-11-14,17:05:00,83.07,83.2,83.07,83.2,12.0
2025-11-14,17:10:00,83.28,83.44,83.28,83.32,24.0
2025-11-14,17:15:00,83.36,83.37,83.33,83.33,6.0
2025-11-14,17:20:00,83.3,83.3,83.06,83.18,11.0
2025-11-14,17:25:00,83.25,83.28,83.21,83.21,14.0
2025-11-14,17:30:00,83.18,83.26,83.18,83.25,23.0
2025-11-14,17:35:00,83.25,83.27,83.25,83.27,23.0
2025-11-14,17:40:00,83.31,83.35,83.3,83.33,30.0
2025-11-14,17:45:00,83.35,83.37,83.33,83.35,30.0
2025-11-14,17:50:00,83.32,83.35,83.32,83.35,14.0
2025-11-14,17:55:00,83.33,83.33,83.25,83.25,52.0
2025-11-14,18:00:00,83.28,83.5,83.25,83.5,58.0
2025-11-14,18:05:00,83.45,83.5,83.44,83.45,4.0
2025-11-14,18:10:00,83.5,83.62,83.5,83.61,9.0
2025-11-14,18:20:00,83.49,83.49,83.4,83.41,19.0
2025-11-14,18:25:00,83.49,83.49,83.46,83.48,25.0
2025-11-14,18:30:00,83.53,83.54,83.5,83.5,49.0
2025-11-14,18:35:00,83.6,83.65,83.6,83.62,6.0
2025-11-14,18:40:00,83.61,83.61,83.57,83.57,2.0
2025-11-14,18:45:00,83.71,83.87,83.7,83.75,41.0
2025-11-14,18:50:00,83.71,83.71,83.68,83.68,8.0
2025-11-14,18:55:00,83.66,83.66,83.57,83.57,29.0
2025-11-14,19:00:00,83.56,83.56,83.53,83.53,9.0
2025-11-14,19:05:00,83.51,83.55,83.5,83.53,23.0
2025-11-14,19:10:00,83.59,83.59,83.53,83.56,6.0
2025-11-14,19:15:00,83.57,83.57,83.46,83.46,12.0
2025-11-14,19:20:00,83.39,83.39,83.28,83.28,16.0
2025-11-14,19:25:00,83.26,83.39,83.26,83.39,30.0
2025-11-14,19:30:00,83.39,83.43,83.39,83.4,3.0
2025-11-14,19:35:00,83.3,83.32,83.3,83.32,9.0
2025-11-14,19:40:00,83.34,83.45,83.34,83.45,16.0
2025-11-14,19:45:00,83.42,83.5,83.4,83.4,18.0
2025-11-14,19:50:00,83.4,83.4,83.25,83.25,32.0
2025-11-14,19:55:00,83.21,83.21,83.15,83.17,79.0
2025-11-14,20:00:00,83.24,83.24,83.21,83.21,11.0
2025-11-14,20:05:00,83.26,83.36,83.22,83.28,33.0
2025-11-14,20:10:00,83.21,83.21,83.16,83.16,2.0
2025-11-14,20:15:00,83.16,83.16,83.1,83.1,29.0
2025-11-14,20:20:00,83.15,83.21,83.07,83.18,35.0
2025-11-14,20:25:00,83.19,83.2,83.19,83.19,19.0
2025-11-14,20:30:00,83.16,83.24,83.16,83.24,6.0
2025-11-14,20:35:00,83.24,83.25,83.22,83.25,24.0
2025-11-14,20:40:00,83.22,83.23,83.2,83.2,42.0
2025-11-14,20:45:00,83.2,83.26,83.2,83.22,33.0
2025-11-14,20:50:00,83.22,83.22,83.17,83.18,20.0
2025-11-14,20:55:00,83.16,83.16,83.15,83.15,31.0
2025-11-14,21:00:00,83.17,83.17,83.17,83.17,2.0
2025-11-14,21:05:00,83.08,83.1,83.0,83.1,55.0
2025-11-14,21:10:00,83.07,83.07,83.0,83.05,55.0
2025-11-14,21:15:00,83.05,83.08,83.03,83.08,10.0
2025-11-14,21:20:00,83.02,83.03,83.0,83.02,39.0
2025-11-14,21:25:00,83.02,83.02,82.86,82.93,191.0
2025-11-14,21:30:00,82.88,82.91,82.85,82.88,35.0
2025-11-14,21:35:00,82.84,82.87,82.77,82.81,62.0
2025-11-14,21:40:00,82.78,82.78,82.7,82.75,33.0
2025-11-14,21:45:00,82.7,82.72,82.62,82.72,55.0
2025-11-14,21:50:00,82.73,82.73,82.68,82.68,6.0
2025-11-14,21:55:00,82.91,82.92,82.9,82.92,15.0
2025-11-14,22:00:00,82.88,82.96,82.88,82.92,6.0
2025-11-14,22:05:00,83.04,83.1,83.04,83.1,29.0
2025-11-14,22:10:00,83.1,83.22,83.1,83.19,14.0
2025-11-14,22:15:00,83.06,83.08,83.06,83.08,4.0
2025-11-14,22:20:00,83.11,83.23,83.11,83.2,29.0
2025-11-14,22:25:00,83.22,83.23,83.12,83.12,31.0
2025-11-14,22:30:00,83.08,83.1,83.04,83.04,12.0
2025-11-14,22:35:00,83.06,83.25,83.06,83.25,50.0
2025-11-14,22:40:00,83.11,83.11,83.02,83.02,10.0
2025-11-14,22:45:00,83.06,83.08,83.06,83.07,11.0
2025-11-14,22:50:00,83.15,83.27,83.15,83.27,13.0
2025-11-14,22:55:00,83.24,83.27,83.24,83.27,48.0
2025-11-14,23:00:00,83.27,83.27,83.27,83.27,16.0
2025-11-14,23:05:00,83.3,83.3,83.28,83.28,13.0
2025-11-14,23:10:00,83.24,83.24,83.19,83.19,2.0
2025-11-14,23:15:00,83.17,83.17,83.17,83.17,6.0
2025-11-14,23:20:00,83.27,83.27,83.27,83.27,24.0
2025-11-14,23:30:00,83.23,83.23,83.18,83.18,14.0
2025-11-14,23:35:00,83.2,83.3,83.17,83.3,32.0
2025-11-14,23:40:00,83.27,83.28,83.27,83.28,9.0
2025-11-14,23:45:00,83.29,83.3,83.26,83.27,19.0
2025-11-14,23:50:00,83.2,83.2,83.2,83.2,1.0
2025-11-15,00:00:00,83.2,83.2,83.02,83.02,2.0
2025-11-15,00:05:00,83.03,83.12,83.0,83.12,15.0
2025-11-15,00:10:00,83.14,83.17,83.12,83.15,33.0
2025-11-15,00:15:00,83.16,83.16,83.16,83.16,1.0
2025-11-15,00:20:00,83.15,83.19,83.15,83.18,6.0
2025-11-15,00:25:00,83.12,83.12,83.12,83.12,4.0
2025-11-15,00:30:00,83.2,83.2,83.2,83.2,16.0
2025-11-15,00:35:00,83.21,83.21,83.18,83.19,6.0
2025-11-15,00:40:00,83.21,83.21,83.19,83.21,9.0
2025-11-15,00:45:00,83.16,83.16,83.08,83.08,34.0
2025-11-15,00:50:00,83.07,83.08,82.96,83.08,16.0
2025-11-15,00:55:00,83.08,83.08,83.05,83.08,12.0
2025-11-17,15:00:00,83.5,83.5,83.32,83.4,33.0
2025-11-17,15:05:00,83.4,83.4,83.35,83.39,32.0
2025-11-17,15:10:00,83.36,83.46,83.34,83.46,8.0
2025-11-17,15:15:00,83.48,83.48,83.48,83.48,2.0
2025-11-17,15:30:00,83.44,83.5,83.43,83.5,17.0
2025-11-17,15:40:00,83.35,83.38,83.28,83.38,41.0
2025-11-17,15:45:00,83.37,83.4,83.37,83.4,23.0
2025-11-17,15:50:00,83.29,83.29,83.1,83.1,11.0
2025-11-17,16:00:00,83.0,83.09,83.0,83.03,28.0
2025-11-17,16:05:00,83.07,83.15,83.02,83.15,49.0
2025-11-17,16:10:00,83.08,83.08,83.0,83.0,10.0
2025-11-17,16:15:00,82.99,82.99,82.9,82.9,33.0
2025-11-17,16:20:00,82.91,82.93,82.8,82.82,59.0
2025-11-17,16:25:00,82.9,82.92,82.88,82.9,15.0
2025-11-17,16:30:00,83.01,83.02,82.98,82.98,18.0
2025-11-17,16:35:00,82.96,83.0,82.92,82.92,14.0
2025-11-17,16:40:00,82.9,82.92,82.86,82.86,26.0
2025-11-17,16:45:00,82.86,82.9,82.86,82.89,6.0
2025-11-17,16:50:00,82.88,82.96,82.88,82.94,18.0
2025-11-17,16:55:00,82.8,82.8,82.8,82.8,1.0
2025-11-17,17:00:00,82.65,82.68,82.5,82.57,95.0
2025-11-17,17:05:00,82.5,82.63,82.48,82.57,114.0
2025-11-17,17:10:00,82.58,82.58,82.44,82.49,51.0
2025-11-17,17:15:00,82.5,82.66,82.5,82.58,61.0
2025-11-17,17:20:00,82.54,82.57,82.54,82.57,11.0
2025-11-17,17:25:00,82.52,82.52,82.52,82.52,1.0
2025-11-17,17:30:00,82.61,82.64,82.58,82.58,13.0
2025-11-17,17:35:00,82.58,82.65,82.58,82.6,27.0
2025-11-17,17:40:00,82.61,82.61,82.46,82.46,26.0
2025-11-17,17:45:00,82.45,82.47,82.43,82.47,10.0
2025-11-17,17:50:00,82.48,82.56,82.48,82.56,16.0
2025-11-17,17:55:00,82.63,82.63,82.63,82.63,2.0
2025-11-17,18:00:00,82.63,82.7,82.62,82.7,21.0
2025-11-17,18:05:00,82.72,82.73,82.6,82.6,39.0
2025-11-17,18:10:00,82.66,82.66,82.6,82.6,31.0
2025-11-17,18:15:00,82.5,82.52,82.46,82.47,17.0
2025-11-17,18:20:00,82.46,82.47,82.25,82.33,138.0
2025-11-17,18:25:00,82.33,82.33,82.19,82.2,46.0
2025-11-17,18:30:00,82.18,82.27,82.18,82.27,22.0
2025-11-17,18:35:00,82.29,82.33,82.29,82.29,24.0
2025-11-17,18:40:00,82.35,82.37,82.32,82.36,26.0
2025-11-17,18:45:00,82.32,82.37,82.31,82.37,5.0
2025-11-17,18:50:00,82.42,82.45,82.42,82.45,5.0
2025-11-17,18:55:00,82.42,82.46,82.42,82.45,71.0
2025-11-17,19:00:00,82.35,82.42,82.35,82.4,34.0
2025-11-17,19:05:00,82.38,82.45,82.38,82.45,12.0
2025-11-17,19:10:00,82.39,82.39,82.3,82.34,12.0
2025-11-17,19:15:00,82.28,82.28,82.22,82.22,3.0
2025-11-17,19:20:00,82.23,82.23,82.2,82.2,17.0
2025-11-17,19:25:00,82.2,82.23,82.2,82.23,18.0
2025-11-17,19:30:00,82.22,82.22,82.22,82.22,1.0
2025-11-17,19:35:00,82.26,82.26,82.22,82.23,11.0
2025-11-17,19:40:00,82.22,82.22,82.2,82.2,6.0
2025-11-17,19:45:00,82.19,82.21,82.19,82.2,11.0
2025-11-17,19:50:00,82.19,82.3,82.19,82.3,12.0
2025-11-17,19:55:00,82.31,82.35,82.29,82.29,28.0
2025-11-17,20:00:00,82.27,82.27,82.2,82.26,24.0
2025-11-17,20:05:00,82.3,82.32,82.28,82.29,24.0
2025-11-17,20:10:00,82.26,82.27,82.2,82.2,9.0
2025-11-17,20:20:00,82.25,82.26,82.23,82.26,13.0
2025-11-17,20:25:00,82.2,82.2,82.1,82.1,47.0
2025-11-17,20:30:00,82.09,82.1,82.09,82.1,6.0
2025-11-17,20:35:00,82.1,82.1,82.1,82.1,1.0
2025-11-17,20:40:00,82.11,82.2,82.11,82.2,16.0
2025-11-17,20:45:00,82.19,82.22,82.19,82.22,32.0
2025-11-17,20:50:00,82.2,82.21,82.18,82.21,22.0
2025-11-17,20:55:00,82.18,82.27,82.17,82.25,11.0
2025-11-17,21:00:00,82.32,82.33,82.27,82.3,26.0
2025-11-17,21:05:00,82.25,82.38,82.25,82.25,17.0
2025-11-17,21:10:00,82.22,82.22,82.17,82.18,28.0
2025-11-17,21:15:00,82.19,82.23,82.18,82.22,37.0
2025-11-17,21:20:00,82.16,82.22,82.16,82.21,35.0
2025-11-17,21:25:00,82.2,82.24,82.2,82.2,22.0
2025-11-17,21:30:00,82.2,82.2,82.19,82.2,21.0
2025-11-17,21:35:00,82.18,82.2,82.17,82.17,39.0
2025-11-17,21:40:00,82.18,82.21,82.18,82.21,53.0
2025-11-17,21:45:00,82.21,82.22,82.2,82.22,20.0
2025-11-17,21:50:00,82.21,82.22,82.18,82.22,28.0
2025-11-17,21:55:00,82.26,82.26,82.22,82.25,11.0
2025-11-17,22:00:00,82.25,82.26,82.23,82.26,24.0
2025-11-17,22:05:00,82.28,82.28,82.25,82.25,17.0
2025-11-17,22:10:00,82.23,82.23,82.21,82.21,12.0
2025-11-17,22:20:00,82.2,82.2,82.18,82.18,16.0
2025-11-17,22:25:00,82.15,82.15,82.1,82.1,22.0
2025-11-17,22:30:00,82.1,82.1,82.0,82.05,121.0
2025-11-17,22:35:00,82.1,82.15,82.0,82.11,207.0
2025-11-17,22:40:00,82.25,82.27,82.18,82.25,49.0
2025-11-17,22:45:00,82.24,82.25,82.18,82.25,10.0
2025-11-17,22:50:00,82.25,82.3,82.25,82.28,157.0
2025-11-17,22:55:00,82.25,82.3,82.24,82.3,187.0
2025-11-17,23:00:00,82.36,82.4,82.25,82.31,136.0
2025-11-17,23:05:00,82.39,82.42,82.37,82.37,82.0
2025-11-17,23:10:00,82.35,82.35,82.35,82.35,38.0
2025-11-17,23:15:00,82.35,82.38,82.34,82.34,34.0
2025-11-17,23:20:00,82.34,82.37,82.24,82.29,113.0
2025-11-17,23:25:00,82.29,82.3,82.25,82.26,67.0
2025-11-17,23:30:00,82.26,82.26,82.21,82.24,69.0
2025-11-17,23:35:00,82.21,82.22,82.19,82.19,53.0
2025-11-17,23:40:00,82.19,82.2,82.17,82.2,159.0
2025-11-17,23:45:00,82.2,82.26,82.19,82.24,28.0
2025-11-17,23:50:00,82.24,82.26,82.21,82.26,18.0
2025-11-17,23:55:00,82.21,82.26,82.19,82.2,80.0
2025-11-18,00:00:00,82.21,82.21,82.17,82.18,143.0
2025-11-18,00:05:00,82.17,82.17,82.05,82.06,150.0
2025-11-18,00:10:00,82.07,82.14,82.06,82.14,42.0
2025-11-18,00:15:00,82.09,82.1,82.06,82.06,19.0
2025-11-18,00:20:00,82.05,82.05,81.95,81.95,212.0
2025-11-18,00:25:00,81.95,81.96,81.95,81.96,17.0
2025-11-18,00:30:00,82.05,82.05,82.04,82.04,7.0
2025-11-18,00:35:00,82.05,82.05,82.0,82.0,4.0
2025-11-18,00:40:00,82.0,82.0,81.98,81.99,29.0
2025-11-18,00:45:00,81.96,81.98,81.95,81.98,7.0
2025-11-18,00:50:00,82.05,82.05,82.05,82.05,51.0
2025-11-18,00:55:00,81.99,82.03,81.99,82.0,12.0
2025-11-18,15:00:00,82.0,82.01,81.75,81.77,133.0
2025-11-18,15:05:00,81.77,81.77,81.68,81.68,44.0
2025-11-18,15:10:00,81.71,81.83,81.71,81.8,24.0
2025-11-18,15:15:00,81.77,81.9,81.76,81.9,35.0
2025-11-18,15:20:00,81.9,81.95,81.85,81.9,41.0
2025-11-18,15:25:00,81.9,81.96,81.9,81.96,30.0
2025-11-18,15:30:00,82.05,82.05,82.0,82.0,15.0
2025-11-18,15:35:00,82.02,82.02,81.88,81.98,22.0
2025-11-18,15:40:00,82.01,82.11,82.01,82.08,26.0
2025-11-18,15:45:00,82.05,82.1,82.05,82.1,2.0
2025-11-18,15:50:00,82.11,82.11,81.98,81.98,31.0
2025-11-18,15:55:00,81.96,81.96,81.94,81.94,3.0
2025-11-18,16:00:00,81.94,82.0,81.9,81.95,21.0
2025-11-18,16:05:00,82.06,82.25,82.06,82.23,57.0
2025-11-18,16:10:00,82.18,82.32,82.18,82.32,24.0
2025-11-18,16:15:00,82.31,82.32,82.27,82.32,9.0
2025-11-18,16:20:00,82.36,82.41,82.36,82.4,17.0
2025-11-18,16:25:00,82.37,82.4,82.37,82.38,20.0
2025-11-18,16:30:00,82.41,82.5,82.41,82.48,23.0
2025-11-18,16:35:00,82.49,82.5,82.41,82.45,51.0
2025-11-18,16:40:00,82.4,82.4,82.3,82.3,26.0
2025-11-18,16:45:00,82.32,82.32,82.28,82.28,9.0
2025-11-18,16:50:00,82.26,82.31,82.26,82.31,5.0
2025-11-18,16:55:00,82.41,82.42,82.37,82.42,8.0
2025-11-18,17:00:00,82.45,82.46,82.41,82.46,20.0
2025-11-18,17:05:00,82.47,82.65,82.47,82.65,74.0
2025-11-18,17:10:00,82.66,82.77,82.66,82.76,23.0
2025-11-18,17:15:00,82.89,82.9,82.79,82.86,22.0
2025-11-18,17:20:00,82.87,82.87,82.73,82.73,8.0
2025-11-18,17:25:00,82.76,82.76,82.71,82.71,11.0
2025-11-18,17:30:00,82.67,82.67,82.6,82.6,21.0
2025-11-18,17:35:00,82.57,82.61,82.55,82.61,32.0
2025-11-18,17:40:00,82.54,82.59,82.54,82.59,2.0
2025-11-18,17:45:00,82.62,82.64,82.56,82.62,11.0
2025-11-18,17:50:00,82.68,82.69,82.68,82.69,3.0
2025-11-18,17:55:00,82.64,82.65,82.64,82.65,2.0
2025-11-18,18:00:00,82.71,82.89,82.71,82.89,17.0
2025-11-18,18:05:00,82.9,83.01,82.9,82.93,121.0
2025-11-18,18:10:00,82.98,83.0,82.96,82.97,19.0
2025-11-18,18:15:00,82.94,83.33,82.94,83.3,48.0
2025-11-18,18:20:00,83.32,83.39,83.32,83.35,101.0
2025-11-18,18:25:00,83.37,83.38,83.37,83.37,12.0
2025-11-18,18:30:00,83.37,83.5,83.37,83.5,36.0
2025-11-18,18:35:00,83.47,83.49,83.29,83.32,99.0
2025-11-18,18:40:00,83.32,83.32,83.28,83.32,11.0
2025-11-18,18:45:00,83.32,83.35,83.3,83.35,60.0
2025-11-18,18:50:00,83.5,83.53,83.47,83.47,117.0
2025-11-18,18:55:00,83.53,83.54,83.49,83.5,49.0
2025-11-18,19:00:00,83.45,83.45,83.41,83.41,8.0
2025-11-18,19:05:00,83.52,83.52,83.47,83.48,9.0
2025-11-18,19:10:00,83.51,83.51,83.47,83.47,16.0
2025-11-18,19:15:00,83.54,83.6,83.5,83.6,68.0
2025-11-18,19:20:00,83.56,83.6,83.51,83.51,38.0
2025-11-18,19:25:00,83.55,83.55,83.45,83.49,26.0
2025-11-18,19:30:00,83.52,83.53,83.5,83.53,6.0
2025-11-18,19:35:00,83.56,83.58,83.56,83.58,17.0
2025-11-18,19:40:00,83.57,83.57,83.54,83.54,3.0
2025-11-18,19:45:00,83.52,83.52,83.5,83.5,16.0
2025-11-18,19:50:00,83.5,83.5,83.42,83.44,86.0
2025-11-18,19:55:00,83.55,83.56,83.44,83.44,27.0
2025-11-18,20:00:00,83.43,83.43,83.3,83.35,44.0
2025-11-18,20:05:00,83.34,83.38,83.32,83.32,8.0
2025-11-18,20:10:00,83.3,83.34,83.25,83.26,26.0
2025-11-18,20:15:00,83.35,83.39,83.35,83.39,2.0
2025-11-18,20:20:00,83.44,83.44,83.43,83.43,5.0
2025-11-18,20:25:00,83.5,83.5,83.46,83.46,10.0
2025-11-18,20:30:00,83.43,83.43,83.42,83.42,6.0
2025-11-18,20:35:00,83.43,83.46,83.37,83.37,17.0
2025-11-18,20:40:00,83.33,83.33,83.28,83.28,35.0
2025-11-18,20:45:00,83.25,83.27,83.11,83.14,78.0
2025-11-18,20:50:00,83.15,83.35,83.11,83.35,38.0
2025-11-18,20:55:00,83.35,83.35,83.26,83.28,26.0
2025-11-18,21:00:00,83.35,83.44,83.35,83.37,10.0
2025-11-18,21:05:00,83.33,83.42,83.33,83.38,11.0
2025-11-18,21:10:00,83.35,83.42,83.35,83.4,14.0
2025-11-18,21:15:00,83.38,83.48,83.37,83.48,18.0
2025-11-18,21:20:00,83.56,83.56,83.48,83.56,10.0
2025-11-18,21:25:00,83.6,83.6,83.45,83.47,41.0
2025-11-18,21:30:00,83.48,83.48,83.41,83.41,13.0
2025-11-18,21:35:00,83.43,83.43,83.43,83.43,1.0
2025-11-18,21:40:00,83.39,83.39,83.33,83.33,17.0
2025-11-18,21:45:00,83.33,83.39,83.33,83.36,19.0
2025-11-18,21:50:00,83.31,83.35,83.31,83.35,9.0
2025-11-18,21:55:00,83.36,83.41,83.31,83.31,55.0
2025-11-18,22:00:00,83.35,83.39,83.3,83.36,12.0
2025-11-18,22:05:00,83.39,83.4,83.33,83.33,6.0
2025-11-18,22:10:00,83.26,83.26,83.26,83.26,6.0
2025-11-18,22:15:00,83.34,83.36,83.34,83.35,19.0
2025-11-18,22:20:00,83.37,83.37,83.33,83.36,14.0
2025-11-18,22:25:00,83.38,83.45,83.38,83.45,13.0
2025-11-18,22:30:00,83.36,83.5,83.36,83.5,43.0
2025-11-18,22:35:00,83.47,83.47,83.39,83.39,15.0
2025-11-18,22:40:00,83.39,83.43,83.31,83.31,29.0
2025-11-18,22:45:00,83.37,83.37,83.29,83.29,3.0
2025-11-18,22:50:00,83.22,83.22,83.13,83.19,63.0
2025-11-18,22:55:00,83.12,83.13,83.09,83.11,29.0
2025-11-18,23:00:00,83.15,83.15,83.09,83.09,5.0
2025-11-18,23:05:00,83.07,83.25,83.07,83.25,9.0
2025-11-18,23:10:00,83.3,83.35,83.28,83.28,4.0
2025-11-18,23:20:00,83.23,83.45,83.23,83.41,34.0
2025-11-18,23:25:00,83.41,83.47,83.39,83.39,37.0
2025-11-18,23:30:00,83.45,83.59,83.45,83.54,72.0
2025-11-18,23:35:00,83.54,83.61,83.53,83.6,35.0
2025-11-18,23:40:00,83.57,83.57,83.5,83.5,5.0
2025-11-18,23:45:00,83.5,83.54,83.5,83.51,11.0
2025-11-18,23:50:00,83.5,83.52,83.5,83.5,19.0
2025-11-18,23:55:00,83.46,83.46,83.45,83.45,2.0
2025-11-19,00:00:00,83.4,83.44,83.4,83.41,15.0
2025-11-19,00:05:00,83.37,83.51,83.33,83.42,53.0
2025-11-19,00:10:00,83.46,83.46,83.37,83.37,39.0
2025-11-19,00:15:00,83.33,83.33,83.28,83.28,23.0
2025-11-19,00:30:00,83.44,83.44,83.36,83.38,40.0
2025-11-19,00:35:00,83.38,83.38,83.3,83.32,16.0
2025-11-19,00:40:00,83.29,83.29,83.21,83.22,29.0
2025-11-19,00:45:00,83.25,83.25,83.25,83.25,3.0
2025-11-19,00:50:00,83.27,83.32,83.27,83.31,30.0
2025-11-19,00:55:00,83.33,83.37,83.32,83.34,12.0
2025-11-19,15:00:00,83.03,83.04,83.0,83.0,61.0
2025-11-19,15:05:00,83.04,83.04,82.93,82.93,28.0
2025-11-19,15:10:00,82.93,82.94,82.86,82.94,20.0
2025-11-19,15:15:00,83.03,83.03,82.93,82.93,3.0
2025-11-19,15:20:00,82.98,82.99,82.95,82.95,4.0
2025-11-19,15:25:00,82.98,83.05,82.98,82.99,37.0
2025-11-19,15:30:00,82.99,83.02,82.93,82.93,23.0
2025-11-19,15:35:00,82.88,82.93,82.85,82.93,7.0
2025-11-19,15:40:00,83.12,83.12,83.11,83.11,4.0
2025-11-19,15:45:00,83.11,83.2,83.11,83.2,13.0
2025-11-19,15:50:00,83.16,83.16,82.96,82.96,37.0
2025-11-19,15:55:00,83.0,83.0,82.93,82.93,33.0
2025-11-19,16:00:00,82.93,82.93,82.71,82.73,82.0
2025-11-19,16:05:00,82.72,82.8,82.63,82.8,81.0
2025-11-19,16:10:00,82.8,82.82,82.76,82.8,44.0
2025-11-19,16:15:00,82.88,82.9,82.83,82.86,15.0
2025-11-19,16:20:00,82.9,82.9,82.85,82.87,13.0
2025-11-19,16:25:00,82.8,82.8,82.72,82.72,39.0
2025-11-19,16:30:00,82.72,82.74,82.63,82.66,72.0
2025-11-19,16:35:00,82.65,82.69,82.63,82.67,21.0
2025-11-19,16:40:00,82.72,82.83,82.7,82.83,33.0
2025-11-19,16:45:00,82.83,82.93,82.78,82.79,46.0
2025-11-19,16:50:00,82.78,82.82,82.78,82.78,31.0
2025-11-19,16:55:00,82.76,82.78,82.7,82.7,44.0
2025-11-19,17:00:00,82.67,82.67,82.61,82.63,13.0
2025-11-19,17:05:00,82.69,82.69,82.37,82.48,47.0
2025-11-19,17:10:00,82.58,82.66,82.56,82.66,77.0
2025-11-19,17:15:00,82.66,82.68,82.65,82.65,10.0
2025-11-19,17:20:00,82.64,82.71,82.64,82.69,43.0
2025-11-19,17:25:00,82.68,82.78,82.68,82.78,21.0
2025-11-19,17:30:00,82.81,82.81,82.69,82.69,8.0
2025-11-19,17:35:00,82.67,82.77,82.67,82.71,35.0
2025-11-19,17:40:00,82.71,82.81,82.71,82.79,59.0
2025-11-19,17:45:00,82.78,82.78,82.73,82.73,16.0
2025-11-19,17:50:00,82.77,82.82,82.77,82.82,10.0
2025-11-19,17:55:00,82.82,83.01,82.82,83.0,31.0
2025-11-19,18:00:00,82.98,83.16,82.89,83.15,31.0
2025-11-19,18:05:00,83.13,83.16,83.11,83.16,11.0
2025-11-19,18:10:00,83.16,83.16,82.99,83.07,19.0
2025-11-19,18:15:00,83.09,83.09,82.95,82.95,25.0
2025-11-19,18:20:00,83.0,83.06,82.98,82.98,30.0
2025-11-19,18:25:00,82.97,83.0,82.93,82.97,11.0
2025-11-19,18:30:00,82.94,82.96,82.94,82.95,12.0
2025-11-19,18:35:00,82.94,82.95,82.84,82.95,65.0
2025-11-19,18:40:00,82.92,82.95,82.92,82.94,52.0
2025-11-19,18:45:00,82.94,83.03,82.94,83.03,18.0
2025-11-19,18:50:00,83.07,83.07,83.0,83.03,21.0
2025-11-19,18:55:00,83.06,83.06,83.02,83.02,2.0
2025-11-19,19:00:00,82.92,82.92,82.81,82.81,24.0
2025-11-19,19:05:00,82.86,82.86,82.81,82.85,18.0
2025-11-19,19:10:00,82.82,82.89,82.81,82.89,30.0
2025-11-19,19:15:00,82.93,83.0,82.93,82.96,49.0
2025-11-19,19:20:00,82.99,83.05,82.95,83.01,11.0
2025-11-19,19:25:00,83.02,83.07,83.02,83.07,18.0
2025-11-19,19:30:00,83.04,83.05,83.03,83.05,19.0
2025-11-19,19:35:00,83.0,83.07,83.0,83.07,21.0
2025-11-19,19:40:00,83.02,83.1,83.02,83.06,16.0
2025-11-19,19:45:00,83.03,83.03,82.91,82.93,26.0
2025-11-19,19:50:00,82.94,82.98,82.87,82.91,23.0
2025-11-19,19:55:00,82.9,82.91,82.9,82.9,6.0
2025-11-19,20:00:00,82.87,82.93,82.87,82.93,9.0
2025-11-19,20:05:00,83.01,83.09,83.01,83.05,54.0
2025-11-19,20:10:00,82.98,82.99,82.86,82.86,31.0
2025-11-19,20:15:00,82.89,82.93,82.88,82.93,6.0
2025-11-19,20:20:00,82.92,83.05,82.92,83.05,55.0
2025-11-19,20:25:00,83.05,83.07,82.88,82.88,52.0
2025-11-19,20:30:00,82.86,82.89,82.84,82.84,24.0
2025-11-19,20:35:00,82.87,82.9,82.83,82.83,24.0
2025-11-19,20:40:00,82.83,82.84,82.78,82.84,28.0
2025-11-19,20:45:00,82.83,82.83,82.71,82.75,23.0
2025-11-19,20:50:00,82.75,82.82,82.75,82.75,54.0
2025-11-19,20:55:00,82.78,82.78,82.74,82.78,22.0
2025-11-19,21:00:00,82.74,82.74,82.64,82.67,122.0
2025-11-19,21:05:00,82.72,82.74,82.66,82.74,21.0
2025-11-19,21:10:00,82.71,82.71,82.65,82.67,20.0
2025-11-19,21:15:00,82.69,82.78,82.69,82.78,42.0
2025-11-19,21:20:00,82.76,82.81,82.72,82.81,17.0
2025-11-19,21:25:00,82.84,82.88,82.84,82.85,15.0
2025-11-19,21:30:00,82.84,82.85,82.78,82.85,38.0
2025-11-19,21:35:00,82.9,82.91,82.86,82.88,32.0
2025-11-19,21:40:00,82.88,82.89,82.84,82.85,9.0
2025-11-19,21:45:00,82.89,83.08,82.89,83.08,71.0
2025-11-19,21:50:00,83.15,83.33,83.13,83.2,63.0
2025-11-19,21:55:00,83.25,83.3,83.25,83.27,8.0
2025-11-19,22:00:00,83.25,83.31,83.16,83.24,34.0
2025-11-19,22:05:00,83.25,83.27,83.14,83.15,56.0
2025-11-19,22:10:00,83.17,83.23,83.13,83.23,19.0
2025-11-19,22:15:00,83.23,83.42,83.23,83.39,41.0
2025-11-19,22:20:00,83.35,83.55,83.35,83.5,134.0
2025-11-19,22:25:00,83.48,83.5,83.43,83.47,29.0
2025-11-19,22:30:00,83.47,83.48,83.22,83.24,62.0
2025-11-19,22:35:00,83.31,83.45,83.31,83.45,25.0
2025-11-19,22:40:00,83.47,83.62,83.47,83.5,129.0
2025-11-19,22:45:00,83.47,83.72,83.45,83.53,117.0
2025-11-19,22:50:00,83.49,83.49,83.34,83.34,108.0
2025-11-19,22:55:00,83.44,83.44,83.36,83.42,49.0
2025-11-19,23:00:00,83.42,83.42,83.33,83.33,49.0
2025-11-19,23:05:00,83.34,83.34,83.27,83.3,21.0
2025-11-19,23:10:00,83.26,83.26,83.17,83.22,55.0
2025-11-19,23:15:00,83.2,83.28,83.2,83.28,19.0
2025-11-19,23:20:00,83.24,83.24,83.13,83.13,70.0
2025-11-19,23:25:00,83.13,83.25,83.09,83.25,82.0
2025-11-19,23:30:00,83.25,83.3,83.12,83.12,62.0
2025-11-19,23:35:00,83.12,83.15,83.06,83.06,56.0
2025-11-19,23:40:00,83.07,83.08,82.99,83.02,71.0
2025-11-19,23:45:00,83.05,83.06,83.0,83.0,18.0
2025-11-19,23:50:00,83.01,83.01,82.97,83.0,42.0
2025-11-19,23:55:00,83.0,83.08,82.97,82.99,104.0
2025-11-20,00:00:00,82.97,83.04,82.92,82.93,78.0
2025-11-20,00:05:00,82.95,82.95,82.69,82.79,239.0
2025-11-20,00:10:00,82.77,82.85,82.76,82.85,50.0
2025-11-20,00:15:00,82.86,82.89,82.77,82.77,60.0
2025-11-20,00:20:00,82.86,82.9,82.8,82.85,92.0
2025-11-20,00:25:00,82.85,82.88,82.8,82.8,12.0
2025-11-20,00:30:00,82.8,82.8,82.75,82.78,47.0
2025-11-20,00:35:00,82.78,82.78,82.66,82.66,11.0
2025-11-20,00:40:00,82.77,82.83,82.76,82.83,26.0
2025-11-20,00:45:00,82.83,82.83,82.71,82.72,60.0
2025-11-20,00:50:00,82.72,82.72,82.64,82.68,29.0
2025-11-20,00:55:00,82.68,82.77,82.62,82.77,84.0
2025-11-20,15:00:00,82.85,82.96,82.85,82.95,15.0
2025-11-20,15:05:00,83.11,83.25,83.11,83.25,2.0
2025-11-20,15:10:00,83.3,83.31,83.3,83.31,3.0
2025-11-20,15:15:00,83.28,83.28,83.28,83.28,1.0
2025-11-20,15:25:00,83.22,83.22,83.22,83.22,1.0
2025-11-20,15:35:00,83.24,83.25,83.2,83.2,5.0
2025-11-20,15:40:00,83.24,83.39,83.24,83.39,10.0
2025-11-20,15:45:00,83.29,83.29,83.2,83.25,44.0
2025-11-20,15:55:00,83.21,83.21,83.21,83.21,5.0
2025-11-20,16:00:00,83.31,83.35,83.3,83.31,19.0
2025-11-20,16:05:00,83.29,83.42,83.29,83.42,3.0
2025-11-20,16:10:00,83.55,83.57,83.34,83.34,12.0
2025-11-20,16:15:00,83.3,83.3,83.3,83.3,3.0
2025-11-20,16:20:00,83.25,83.32,83.25,83.32,17.0
2025-11-20,16:25:00,83.25,83.27,83.23,83.23,20.0
2025-11-20,16:30:00,83.21,83.32,83.21,83.32,8.0
2025-11-20,16:35:00,83.34,83.34,83.29,83.29,10.0
2025-11-20,16:40:00,83.28,83.37,83.28,83.36,20.0
2025-11-20,16:45:00,83.32,83.43,83.32,83.42,13.0
2025-11-20,16:50:00,83.44,83.44,83.38,83.38,16.0
2025-11-20,16:55:00,83.37,83.37,83.33,83.34,17.0
2025-11-20,17:00:00,83.39,83.39,83.3,83.34,25.0
2025-11-20,17:05:00,83.3,83.37,83.3,83.33,8.0
2025-11-20,17:10:00,83.3,83.35,83.3,83.35,3.0
2025-11-20,17:15:00,83.37,83.37,83.23,83.23,7.0
2025-11-20,17:20:00,83.25,83.25,83.24,83.24,5.0
2025-11-20,17:25:00,83.25,83.3,83.25,83.25,5.0
2025-11-20,17:30:00,83.18,83.18,83.06,83.11,25.0
2025-11-20,17:35:00,83.08,83.1,83.08,83.1,17.0
2025-11-20,17:40:00,83.14,83.14,83.07,83.07,5.0
2025-11-20,17:45:00,83.11,83.14,83.11,83.13,17.0
2025-11-20,17:50:00,83.13,83.18,83.13,83.18,10.0
2025-11-20,17:55:00,83.31,83.41,83.31,83.4,10.0
2025-11-20,18:00:00,83.39,83.61,83.39,83.44,74.0
2025-11-20,18:05:00,83.45,83.45,83.41,83.41,27.0
2025-11-20,18:10:00,83.4,83.47,83.4,83.45,22.0
2025-11-20,18:15:00,83.49,83.57,83.49,83.54,14.0
2025-11-20,18:20:00,83.63,83.73,83.62,83.65,35.0
2025-11-20,18:25:00,83.65,83.65,83.49,83.51,118.0
2025-11-20,18:30:00,83.4,83.43,83.38,83.39,9.0
2025-11-20,18:35:00,83.45,83.47,83.45,83.45,5.0
2025-11-20,18:40:00,83.4,83.4,83.4,83.4,4.0
2025-11-20,18:45:00,83.36,83.42,83.27,83.42,25.0
2025-11-20,18:50:00,83.39,83.4,83.34,83.35,14.0
2025-11-20,18:55:00,83.33,83.33,83.32,83.33,9.0
2025-11-20,19:00:00,83.28,83.31,83.26,83.26,11.0
2025-11-20,19:05:00,83.19,83.25,83.19,83.25,21.0
2025-11-20,19:10:00,83.27,83.27,83.18,83.24,25.0
2025-11-20,19:15:00,83.29,83.29,83.29,83.29,1.0
2025-11-20,19:20:00,83.39,83.39,83.35,83.35,3.0
2025-11-20,19:25:00,83.36,83.42,83.36,83.42,2.0
2025-11-20,19:30:00,83.45,83.45,83.42,83.42,10.0
2025-11-20,19:35:00,83.54,83.65,83.54,83.6,19.0
2025-11-20,19:40:00,83.62,83.62,83.49,83.49,45.0
2025-11-20,19:45:00,83.63,83.68,83.63,83.63,36.0
2025-11-20,19:50:00,83.64,83.71,83.64,83.67,64.0
2025-11-20,19:55:00,83.87,83.88,83.8,83.83,20.0
2025-11-20,20:00:00,83.83,83.9,83.78,83.78,14.0
2025-11-20,20:05:00,83.8,83.84,83.79,83.84,5.0
2025-11-20,20:10:00,83.89,83.91,83.89,83.91,8.0
2025-11-20,20:15:00,83.92,83.92,83.92,83.92,8.0
2025-11-20,20:20:00,83.99,84.02,83.95,83.96,26.0
2025-11-20,20:25:00,83.99,83.99,83.75,83.75,18.0
2025-11-20,20:30:00,83.79,83.79,83.67,83.67,9.0
2025-11-20,20:35:00,83.77,83.77,83.77,83.77,1.0
2025-11-20,20:40:00,83.72,83.81,83.72,83.8,6.0
2025-11-20,20:45:00,83.75,83.8,83.71,83.8,20.0
2025-11-20,20:50:00,83.84,83.85,83.84,83.85,16.0
2025-11-20,20:55:00,83.78,83.78,83.71,83.71,8.0
2025-11-20,21:00:00,83.76,83.76,83.75,83.75,2.0
2025-11-20,21:05:00,83.75,83.85,83.75,83.85,13.0
2025-11-20,21:10:00,83.83,83.83,83.6,83.6,13.0
2025-11-20,21:15:00,83.61,83.7,83.6,83.61,49.0
2025-11-20,21:20:00,83.63,83.63,83.62,83.62,8.0
2025-11-20,21:25:00,83.62,83.62,83.55,83.55,54.0
2025-11-20,21:30:00,83.58,83.72,83.58,83.71,16.0
2025-11-20,21:35:00,83.71,83.71,83.56,83.56,31.0
2025-11-20,21:40:00,83.66,83.71,83.66,83.7,10.0
2025-11-20,21:45:00,83.8,83.8,83.74,83.74,40.0
2025-11-20,21:50:00,83.75,83.82,83.75,83.8,18.0
2025-11-20,21:55:00,83.85,83.85,83.75,83.75,22.0
2025-11-20,22:00:00,83.72,83.72,83.7,83.71,8.0
2025-11-20,22:05:00,83.7,83.75,83.7,83.7,37.0
2025-11-20,22:10:00,83.73,83.73,83.68,83.68,31.0
2025-11-20,22:15:00,83.68,83.74,83.68,83.69,31.0
2025-11-20,22:20:00,83.68,83.69,83.68,83.69,12.0
2025-11-20,22:25:00,83.66,83.66,83.64,83.65,11.0
2025-11-20,22:30:00,83.6,83.65,83.6,83.64,14.0
2025-11-20,22:35:00,83.66,83.66,83.57,83.57,25.0
2025-11-20,22:40:00,83.59,83.64,83.59,83.6,11.0
2025-11-20,22:45:00,83.63,83.72,83.62,83.72,17.0
2025-11-20,22:50:00,83.76,83.76,83.69,83.7,14.0
2025-11-20,22:55:00,83.62,83.62,83.62,83.62,5.0
2025-11-20,23:00:00,83.55,83.59,83.52,83.59,13.0
2025-11-20,23:05:00,83.6,83.6,83.55,83.55,36.0
2025-11-20,23:10:00,83.52,83.53,83.5,83.53,19.0
2025-11-20,23:15:00,83.59,83.65,83.59,83.65,10.0
2025-11-20,23:20:00,83.67,83.7,83.65,83.7,19.0
2025-11-20,23:25:00,83.7,83.7,83.57,83.57,43.0
2025-11-20,23:30:00,83.56,83.57,83.55,83.55,13.0
2025-11-20,23:35:00,83.55,83.55,83.44,83.5,30.0
2025-11-20,23:40:00,83.49,83.53,83.41,83.53,46.0
2025-11-20,23:45:00,83.64,83.64,83.64,83.64,6.0
2025-11-20,23:50:00,83.61,83.67,83.6,83.63,21.0
2025-11-20,23:55:00,83.59,83.61,83.58,83.58,15.0
2025-11-21,00:00:00,83.6,83.61,83.5,83.55,65.0
2025-11-21,00:05:00,83.55,83.63,83.52,83.52,22.0
2025-11-21,00:10:00,83.52,83.53,83.44,83.45,131.0
2025-11-21,00:15:00,83.45,83.45,83.37,83.4,45.0
2025-11-21,00:20:00,83.41,83.41,83.38,83.4,13.0
2025-11-21,00:25:00,83.4,83.46,83.38,83.46,60.0
2025-11-21,00:30:00,83.46,83.5,83.42,83.42,31.0
2025-11-21,00:35:00,83.42,83.42,83.37,83.39,42.0
2025-11-21,00:40:00,83.46,83.46,83.44,83.44,42.0
2025-11-21,00:45:00,83.44,83.44,83.35,83.35,22.0
2025-11-21,00:50:00,83.34,83.36,83.23,83.23,62.0
2025-11-21,00:55:00,83.22,83.22,83.13,83.13,20.0
2025-11-21,15:00:00,82.97,82.97,82.51,82.54,144.0
2025-11-21,15:05:00,82.58,82.58,82.5,82.53,77.0
2025-11-21,15:10:00,82.59,82.59,82.5,82.54,18.0
2025-11-21,15:15:00,82.54,82.69,82.52,82.65,97.0
2025-11-21,15:20:00,82.6,82.65,82.6,82.65,2.0
2025-11-21,15:25:00,82.63,82.79,82.63,82.69,56.0
2025-11-21,15:30:00,82.72,82.79,82.72,82.74,5.0
2025-11-21,15:35:00,82.65,82.73,82.65,82.73,3.0
2025-11-21,15:40:00,82.7,82.77,82.65,82.77,4.0
2025-11-21,15:45:00,82.69,82.8,82.69,82.73,9.0
2025-11-21,15:50:00,82.84,82.84,82.82,82.82,8.0
2025-11-21,15:55:00,82.79,82.79,82.79,82.79,5.0
2025-11-21,16:00:00,82.79,82.9,82.78,82.86,19.0
2025-11-21,16:05:00,82.87,82.93,82.83,82.93,8.0
2025-11-21,16:10:00,82.93,82.93,82.89,82.89,2.0
2025-11-21,16:15:00,82.85,82.92,82.85,82.92,7.0
2025-11-21,16:20:00,82.9,82.9,82.84,82.84,21.0
2025-11-21,16:25:00,82.84,82.9,82.8,82.9,20.0
2025-11-21,16:30:00,82.93,82.95,82.9,82.91,22.0
2025-11-21,16:35:00,82.88,82.91,82.81,82.82,25.0
2025-11-21,16:40:00,82.86,82.92,82.85,82.86,22.0
2025-11-21,16:45:00,82.9,83.05,82.9,83.03,25.0
2025-11-21,16:50:00,83.02,83.12,83.0,83.08,24.0
2025-11-21,16:55:00,83.08,83.08,83.04,83.08,19.0
2025-11-21,17:00:00,83.05,83.05,82.95,82.95,22.0
2025-11-21,17:05:00,82.96,83.04,82.96,83.04,10.0
2025-11-21,17:10:00,83.03,83.09,83.03,83.09,34.0
2025-11-21,17:15:00,83.09,83.09,83.05,83.05,4.0
2025-11-21,17:20:00,82.99,82.99,82.95,82.95,40.0
2025-11-21,17:25:00,82.93,82.97,82.93,82.97,3.0
2025-11-21,17:30:00,82.98,82.98,82.9,82.9,24.0
2025-11-21,17:35:00,82.92,82.92,82.87,82.87,9.0
2025-11-21,17:40:00,82.85,82.9,82.85,82.9,63.0
2025-11-21,17:45:00,82.8,82.8,82.74,82.8,44.0
2025-11-21,17:50:00,82.83,82.86,82.8,82.8,24.0
2025-11-21,17:55:00,82.72,82.74,82.61,82.62,36.0
2025-11-21,18:00:00,82.6,82.66,82.4,82.45,79.0
2025-11-21,18:05:00,82.46,82.58,82.46,82.49,27.0
2025-11-21,18:10:00,82.43,82.49,82.41,82.47,20.0
2025-11-21,18:15:00,82.45,82.45,82.2,82.21,65.0
2025-11-21,18:20:00,82.22,82.38,82.22,82.38,10.0
2025-11-21,18:25:00,82.46,82.5,82.44,82.5,7.0
2025-11-21,18:30:00,82.49,82.57,82.49,82.5,44.0
2025-11-21,18:35:00,82.5,82.57,82.5,82.52,57.0
2025-11-21,18:40:00,82.5,82.59,82.5,82.56,43.0
2025-11-21,18:45:00,82.56,82.67,82.55,82.65,16.0
2025-11-21,18:50:00,82.65,82.78,82.65,82.65,42.0
2025-11-21,18:55:00,82.66,82.69,82.63,82.69,4.0
2025-11-21,19:00:00,82.7,82.71,82.6,82.62,12.0
2025-11-21,19:05:00,82.6,82.65,82.6,82.61,3.0
2025-11-21,19:10:00,82.62,82.74,82.62,82.69,8.0
2025-11-21,19:15:00,82.74,82.79,82.71,82.71,3.0
2025-11-21,19:20:00,82.77,82.77,82.73,82.73,3.0
2025-11-21,19:30:00,82.8,82.91,82.76,82.84,37.0
2025-11-21,19:35:00,82.87,82.91,82.87,82.91,8.0
2025-11-21,19:40:00,82.89,82.89,82.79,82.82,16.0
2025-11-21,19:45:00,82.82,82.82,82.76,82.76,4.0
2025-11-21,19:50:00,82.76,82.76,82.73,82.73,5.0
2025-11-21,19:55:00,82.74,82.74,82.74,82.74,1.0
2025-11-21,20:00:00,82.84,82.85,82.75,82.75,11.0
2025-11-21,20:05:00,82.78,82.8,82.73,82.73,71.0
2025-11-21,20:10:00,82.73,82.73,82.67,82.67,41.0
2025-11-21,20:15:00,82.7,82.73,82.7,82.73,55.0
2025-11-21,20:20:00,82.73,82.73,82.62,82.64,43.0
2025-11-21,20:25:00,82.73,82.73,82.71,82.71,15.0
2025-11-21,20:30:00,82.73,82.75,82.7,82.73,78.0
2025-11-21,20:35:00,82.73,82.77,82.73,82.73,44.0
2025-11-21,20:40:00,82.72,82.72,82.64,82.66,31.0
2025-11-21,20:45:00,82.69,82.73,82.69,82.7,9.0
2025-11-21,20:50:00,82.68,82.73,82.68,82.73,19.0
2025-11-21,20:55:00,82.68,82.68,82.63,82.63,7.0
2025-11-21,21:00:00,82.6,82.68,82.6,82.67,25.0
2025-11-21,21:05:00,82.73,82.75,82.73,82.73,52.0
2025-11-21,21:10:00,82.73,82.73,82.7,82.73,38.0
2025-11-21,21:15:00,82.55,82.55,82.55,82.55,11.0
2025-11-21,21:20:00,82.6,82.61,82.6,82.61,3.0
2025-11-21,21:25:00,82.61,82.61,82.6,82.61,36.0
2025-11-21,21:30:00,82.6,82.73,82.6,82.72,55.0
2025-11-21,21:35:00,82.7,82.73,82.66,82.69,27.0
2025-11-21,21:40:00,82.72,82.72,82.72,82.72,1.0
2025-11-21,21:45:00,82.68,82.68,82.68,82.68,1.0
2025-11-21,21:50:00,82.67,82.67,82.64,82.66,8.0
2025-11-21,21:55:00,82.67,82.67,82.39,82.39,115.0
2025-11-21,22:00:00,82.44,82.47,82.43,82.43,6.0
2025-11-21,22:05:00,82.43,82.45,82.43,82.45,40.0
2025-11-21,22:10:00,82.45,82.47,82.44,82.47,3.0
2025-11-21,22:15:00,82.48,82.55,82.48,82.53,57.0
2025-11-21,22:20:00,82.5,82.5,82.47,82.47,23.0
2025-11-21,22:25:00,82.5,82.5,82.47,82.47,6.0
2025-11-21,22:30:00,82.5,82.55,82.47,82.55,18.0
2025-11-21,22:35:00,82.52,82.57,82.48,82.48,39.0
2025-11-21,22:40:00,82.44,82.47,82.37,82.42,74.0
2025-11-21,22:45:00,82.4,82.42,82.4,82.42,10.0
2025-11-21,22:50:00,82.4,82.55,82.37,82.55,147.0
2025-11-21,22:55:00,82.55,82.55,82.55,82.55,6.0
2025-11-21,23:00:00,82.49,82.54,82.49,82.51,46.0
2025-11-21,23:05:00,82.54,82.63,82.54,82.63,10.0
2025-11-21,23:10:00,82.67,82.69,82.67,82.68,11.0
2025-11-21,23:15:00,82.66,82.66,82.62,82.64,6.0
2025-11-21,23:20:00,82.64,82.64,82.64,82.64,1.0
2025-11-21,23:25:00,82.7,82.73,82.64,82.65,45.0
2025-11-21,23:30:00,82.7,82.73,82.7,82.73,50.0
2025-11-21,23:35:00,82.65,82.65,82.62,82.62,18.0
2025-11-21,23:40:00,82.64,82.73,82.64,82.73,16.0
2025-11-21,23:45:00,82.73,82.73,82.7,82.7,13.0
2025-11-21,23:50:00,82.64,82.64,82.64,82.64,3.0
2025-11-21,23:55:00,82.65,82.65,82.61,82.64,5.0
2025-11-22,00:00:00,82.61,82.61,82.58,82.6,9.0
2025-11-22,00:05:00,82.58,82.58,82.49,82.55,16.0
2025-11-22,00:10:00,82.53,82.62,82.53,82.62,15.0
2025-11-22,00:15:00,82.6,82.63,82.6,82.63,3.0
2025-11-22,00:20:00,82.59,82.66,82.57,82.65,16.0
2025-11-22,00:25:00,82.63,82.63,82.57,82.57,12.0
2025-11-22,00:30:00,82.55,82.58,82.53,82.58,8.0
2025-11-22,00:35:00,82.6,82.69,82.6,82.69,10.0
2025-11-22,00:40:00,82.61,82.67,82.61,82.67,13.0
2025-11-22,00:45:00,82.63,82.63,82.53,82.53,33.0
2025-11-22,00:50:00,82.56,82.59,82.52,82.53,75.0
2025-11-22,00:55:00,82.52,82.57,82.51,82.52,65.0
2025-11-24,15:00:00,82.44,82.55,82.33,82.35,76.0
2025-11-24,15:05:00,82.31,82.31,82.29,82.29,13.0
2025-11-24,15:10:00,82.26,82.31,82.26,82.31,13.0
2025-11-24,15:15:00,82.31,82.31,82.28,82.31,28.0
2025-11-24,15:20:00,82.31,82.33,82.25,82.25,53.0
2025-11-24,15:25:00,82.32,82.4,82.32,82.37,50.0
2025-11-24,15:30:00,82.37,82.44,82.37,82.44,4.0
2025-11-24,15:35:00,82.52,82.52,82.38,82.38,33.0
2025-11-24,15:40:00,82.38,82.43,82.38,82.43,9.0
2025-11-24,15:45:00,82.43,82.43,82.39,82.43,14.0
2025-11-24,15:50:00,82.43,82.45,82.42,82.42,7.0
2025-11-24,15:55:00,82.3,82.3,82.26,82.26,7.0
2025-11-24,16:00:00,82.2,82.2,82.15,82.16,177.0
2025-11-24,16:05:00,82.15,82.16,82.1,82.13,117.0
2025-11-24,16:10:00,82.27,82.27,82.27,82.27,2.0
2025-11-24,16:15:00,82.32,82.4,82.31,82.31,8.0
2025-11-24,16:20:00,82.32,82.4,82.32,82.4,80.0
2025-11-24,16:25:00,82.4,82.4,82.15,82.15,57.0
2025-11-24,16:30:00,82.15,82.22,82.15,82.22,8.0
2025-11-24,16:35:00,82.22,82.24,82.18,82.24,31.0
2025-11-24,16:40:00,82.27,82.4,82.24,82.38,29.0
2025-11-24,16:45:00,82.4,82.5,82.36,82.48,44.0
2025-11-24,16:50:00,82.47,82.5,82.35,82.4,42.0
2025-11-24,16:55:00,82.37,82.37,82.34,82.34,14.0
2025-11-24,17:00:00,82.34,82.35,82.25,82.35,51.0
2025-11-24,17:05:00,82.36,82.53,82.36,82.52,162.0
2025-11-24,17:10:00,82.52,82.52,82.41,82.41,19.0
2025-11-24,17:15:00,82.39,82.44,82.27,82.27,60.0
2025-11-24,17:20:00,82.25,82.25,82.01,82.03,71.0
2025-11-24,17:25:00,82.0,82.02,81.89,81.9,117.0
2025-11-24,17:30:00,81.85,82.03,81.8,82.0,186.0
2025-11-24,17:35:00,81.96,82.06,81.96,82.06,64.0
2025-11-24,17:40:00,82.0,82.1,82.0,82.1,10.0
2025-11-24,17:45:00,82.01,82.07,82.01,82.07,2.0
2025-11-24,17:50:00,82.12,82.12,82.12,82.12,5.0
2025-11-24,17:55:00,82.18,82.18,82.14,82.14,24.0
2025-11-24,18:00:00,82.14,82.35,82.14,82.35,45.0
2025-11-24,18:05:00,82.33,82.37,82.25,82.25,56.0
2025-11-24,18:10:00,82.2,82.2,82.06,82.06,39.0
2025-11-24,18:15:00,82.06,82.08,82.0,82.0,25.0
2025-11-24,18:20:00,82.0,82.0,81.95,81.95,14.0
2025-11-24,18:25:00,81.9,81.9,81.87,81.9,57.0
2025-11-24,18:30:00,81.9,81.98,81.9,81.98,31.0
2025-11-24,18:35:00,81.96,81.97,81.94,81.96,12.0
2025-11-24,18:40:00,81.95,81.95,81.89,81.94,18.0
2025-11-24,18:45:00,81.94,82.07,81.94,82.02,72.0
2025-11-24,18:50:00,82.06,82.06,82.01,82.02,12.0
2025-11-24,18:55:00,82.02,82.06,82.02,82.06,17.0
2025-11-24,19:00:00,82.09,82.11,82.04,82.09,85.0
2025-11-24,19:05:00,82.09,82.25,82.09,82.25,73.0
2025-11-24,19:10:00,82.22,82.28,82.21,82.28,45.0
2025-11-24,19:15:00,82.28,82.29,82.22,82.22,25.0
2025-11-24,19:20:00,82.22,82.22,82.06,82.06,10.0
2025-11-24,19:25:00,82.07,82.13,82.06,82.13,13.0
2025-11-24,19:30:00,82.13,82.17,82.12,82.13,24.0
2025-11-24,19:35:00,82.1,82.1,82.06,82.1,26.0
2025-11-24,19:40:00,82.2,82.2,82.1,82.15,14.0
2025-11-24,19:45:00,82.12,82.12,82.06,82.06,9.0
2025-11-24,19:50:00,82.04,82.04,82.04,82.04,1.0
2025-11-24,19:55:00,82.02,82.06,82.01,82.02,24.0
2025-11-24,20:00:00,82.01,82.01,81.92,81.92,30.0
2025-11-24,20:05:00,81.89,81.93,81.89,81.93,9.0
2025-11-24,20:10:00,81.93,81.95,81.92,81.95,8.0
2025-11-24,20:15:00,81.99,81.99,81.99,81.99,1.0
2025-11-24,20:20:00,81.95,81.95,81.92,81.94,6.0
2025-11-24,20:25:00,81.94,81.94,81.94,81.94,1.0
2025-11-24,20:35:00,81.92,81.92,81.89,81.89,10.0
2025-11-24,20:40:00,81.82,81.85,81.8,81.85,12.0
2025-11-24,20:45:00,81.82,81.9,81.82,81.9,8.0
2025-11-24,20:50:00,81.87,81.88,81.85,81.87,33.0
2025-11-24,20:55:00,81.85,81.85,81.7,81.7,56.0
2025-11-24,21:00:00,81.7,81.93,81.69,81.88,92.0
2025-11-24,21:05:00,81.88,81.96,81.88,81.95,30.0
2025-11-24,21:10:00,81.92,82.02,81.91,81.97,35.0
2025-11-24,21:15:00,81.97,82.02,81.97,82.02,3.0
2025-11-24,21:20:00,82.08,82.08,82.05,82.05,11.0
2025-11-24,21:25:00,82.05,82.09,82.01,82.09,23.0
2025-11-24,21:30:00,82.11,82.15,82.06,82.06,44.0
2025-11-24,21:35:00,82.04,82.11,82.02,82.03,86.0
2025-11-24,21:40:00,82.02,82.02,82.01,82.01,2.0
2025-11-24,21:45:00,82.01,82.04,82.01,82.04,2.0
2025-11-24,21:50:00,82.0,82.01,81.96,81.99,24.0
2025-11-24,21:55:00,81.99,82.02,81.98,82.02,27.0
2025-11-24,22:00:00,82.03,82.07,82.03,82.07,109.0
2025-11-24,22:05:00,82.07,82.07,82.01,82.05,16.0
2025-11-24,22:10:00,82.07,82.08,82.03,82.03,72.0
2025-11-24,22:20:00,81.99,82.02,81.99,81.99,62.0
2025-11-24,22:25:00,81.97,81.99,81.97,81.99,11.0
2025-11-24,22:30:00,81.97,82.07,81.95,82.03,61.0
2025-11-24,22:35:00,82.06,82.07,81.95,81.95,41.0
2025-11-24,22:40:00,81.93,81.93,81.91,81.91,2.0
2025-11-24,22:45:00,81.97,81.97,81.97,81.97,2.0
2025-11-24,22:50:00,81.91,81.97,81.91,81.96,10.0
2025-11-24,22:55:00,81.95,81.96,81.95,81.96,8.0
2025-11-24,23:00:00,81.98,82.07,81.98,82.02,176.0
2025-11-24,23:05:00,82.07,82.07,82.04,82.06,28.0
2025-11-24,23:10:00,82.06,82.07,82.03,82.05,89.0
2025-11-24,23:15:00,82.05,82.23,82.05,82.2,99.0
2025-11-24,23:20:00,82.21,82.28,82.16,82.16,31.0
2025-11-24,23:25:00,82.16,82.18,82.14,82.18,32.0
2025-11-24,23:30:00,82.19,82.24,82.15,82.24,7.0
2025-11-24,23:35:00,82.28,82.34,82.28,82.34,10.0
2025-11-24,23:40:00,82.31,82.47,82.31,82.46,51.0
2025-11-24,23:45:00,82.46,82.46,82.36,82.36,4.0
2025-11-24,23:50:00,82.39,82.41,82.31,82.31,14.0
2025-11-24,23:55:00,82.38,82.69,82.38,82.64,72.0
2025-11-25,00:00:00,82.6,82.7,82.54,82.7,36.0
2025-11-25,00:05:00,82.68,82.8,82.61,82.78,72.0
2025-11-25,00:10:00,82.78,82.8,82.73,82.74,49.0
2025-11-25,00:15:00,82.7,82.7,82.67,82.68,11.0
2025-11-25,00:20:00,82.76,82.8,82.7,82.7,44.0
2025-11-25,00:25:00,82.75,82.75,82.7,82.7,24.0
2025-11-25,00:30:00,82.75,82.8,82.73,82.8,16.0
2025-11-25,00:35:00,82.77,82.84,82.77,82.78,16.0
2025-11-25,00:40:00,82.77,82.77,82.74,82.75,17.0
2025-11-25,00:45:00,82.77,82.85,82.77,82.82,34.0
2025-11-25,00:50:00,82.81,82.83,82.76,82.8,40.0
2025-11-25,00:55:00,82.86,82.98,82.79,82.79,81.0
2025-11-25,15:00:00,82.72,82.72,82.7,82.72,11.0
2025-11-25,15:05:00,82.7,82.73,82.69,82.73,3.0
2025-11-25,15:10:00,82.68,82.68,82.67,82.67,2.0
2025-11-25,15:15:00,82.66,82.72,82.66,82.72,3.0
2025-11-25,15:20:00,82.66,82.67,82.66,82.67,4.0
2025-11-25,15:30:00,82.7,82.7,82.7,82.7,1.0
2025-11-25,15:35:00,82.77,82.78,82.77,82.78,2.0
2025-11-25,15:40:00,82.77,82.92,82.75,82.92,8.0
2025-11-25,15:45:00,82.9,82.9,82.9,82.9,2.0
2025-11-25,15:50:00,82.95,82.96,82.78,82.78,9.0
2025-11-25,15:55:00,82.8,82.84,82.8,82.81,6.0
2025-11-25,16:00:00,82.84,83.03,82.81,83.0,16.0
2025-11-25,16:05:00,83.04,83.12,82.99,83.07,34.0
2025-11-25,16:10:00,83.0,83.0,82.94,83.0,47.0
2025-11-25,16:15:00,82.95,83.07,82.9,83.07,33.0
2025-11-25,16:20:00,83.12,83.45,83.12,83.4,127.0
2025-11-25,16:25:00,83.42,83.42,83.34,83.38,31.0
2025-11-25,16:30:00,83.37,83.37,83.28,83.28,17.0
2025-11-25,16:35:00,83.3,83.33,83.28,83.28,9.0
2025-11-25,16:40:00,83.27,83.27,83.26,83.26,4.0
2025-11-25,16:45:00,83.28,83.44,83.28,83.44,90.0
2025-11-25,16:50:00,83.38,83.5,83.35,83.44,28.0
2025-11-25,16:55:00,83.35,83.38,83.34,83.38,18.0
2025-11-25,17:00:00,83.36,83.39,83.34,83.38,48.0
2025-11-25,17:05:00,83.39,83.45,83.37,83.38,36.0
2025-11-25,17:10:00,83.38,83.39,83.32,83.39,12.0
2025-11-25,17:15:00,83.37,83.5,83.36,83.44,12.0
2025-11-25,17:20:00,83.43,83.49,83.35,83.4,31.0
2025-11-25,17:25:00,83.37,83.38,83.31,83.32,15.0
2025-11-25,17:30:00,83.31,83.45,83.3,83.32,50.0
2025-11-25,17:35:00,83.28,83.28,83.22,83.28,5.0
2025-11-25,17:40:00,83.33,83.34,83.31,83.34,6.0
2025-11-25,17:45:00,83.33,83.35,83.31,83.35,16.0
2025-11-25,17:50:00,83.31,83.5,83.31,83.44,27.0
2025-11-25,17:55:00,83.51,83.51,83.51,83.51,1.0
2025-11-25,18:00:00,83.5,83.5,83.44,83.45,19.0
2025-11-25,18:05:00,83.44,83.44,83.41,83.41,9.0
2025-11-25,18:10:00,83.41,83.41,83.26,83.28,16.0
2025-11-25,18:15:00,83.28,83.28,83.18,83.18,30.0
2025-11-25,18:20:00,83.23,83.32,83.23,83.32,9.0
2025-11-25,18:25:00,83.35,83.35,83.29,83.29,13.0
2025-11-25,18:30:00,83.31,83.34,83.22,83.29,8.0
2025-11-25,18:35:00,83.28,83.38,83.28,83.34,13.0
2025-11-25,18:40:00,83.38,83.41,83.33,83.33,10.0
2025-11-25,18:45:00,83.33,83.33,83.28,83.32,56.0
2025-11-25,18:50:00,83.31,83.36,83.27,83.36,4.0
2025-11-25,18:55:00,83.42,83.42,83.42,83.42,1.0
2025-11-25,19:00:00,83.44,83.44,83.37,83.38,48.0
2025-11-25,19:05:00,83.36,83.36,83.3,83.3,54.0
2025-11-25,19:10:00,83.28,83.28,83.23,83.23,15.0
2025-11-25,19:15:00,83.23,83.26,83.23,83.26,5.0
2025-11-25,19:20:00,83.26,83.3,83.23,83.29,30.0
2025-11-25,19:25:00,83.3,83.33,83.3,83.33,42.0
2025-11-25,19:30:00,83.37,83.41,83.3,83.3,72.0
2025-11-25,19:35:00,83.29,83.29,83.27,83.29,7.0
2025-11-25,19:40:00,83.27,83.27,83.24,83.24,2.0
2025-11-25,19:45:00,83.11,83.11,83.03,83.05,23.0
2025-11-25,19:50:00,83.01,83.14,83.0,83.14,23.0
2025-11-25,19:55:00,83.09,83.09,83.07,83.07,3.0
2025-11-25,20:00:00,83.11,83.16,83.11,83.14,10.0
2025-11-25,20:05:00,83.17,83.17,83.0,83.0,14.0
2025-11-25,20:10:00,83.02,83.03,82.99,83.03,25.0
2025-11-25,20:15:00,83.07,83.07,83.07,83.07,1.0
2025-11-25,20:20:00,83.07,83.08,83.05,83.05,9.0
2025-11-25,20:25:00,83.03,83.03,82.96,83.0,8.0
2025-11-25,20:30:00,82.95,83.0,82.95,83.0,5.0
2025-11-25,20:35:00,83.0,83.04,83.0,83.04,13.0
2025-11-25,20:40:00,83.06,83.06,82.69,82.69,142.0
2025-11-25,20:45:00,82.74,82.96,82.66,82.96,62.0
2025-11-25,20:50:00,82.95,83.05,82.89,83.03,5.0
2025-11-25,20:55:00,82.98,83.04,82.98,83.04,3.0
2025-11-25,21:00:00,83.09,83.16,83.0,83.08,40.0
2025-11-25,21:05:00,83.17,83.4,83.17,83.27,49.0
2025-11-25,21:10:00,83.23,83.28,83.22,83.28,5.0
2025-11-25,21:15:00,83.2,83.2,82.95,83.0,47.0
2025-11-25,21:20:00,83.0,83.03,82.95,83.03,12.0
2025-11-25,21:25:00,83.05,83.05,82.98,82.98,16.0
2025-11-25,21:30:00,82.95,82.96,82.81,82.88,51.0
2025-11-25,21:35:00,82.87,82.92,82.72,82.87,82.0
2025-11-25,21:40:00,82.88,82.91,82.84,82.85,66.0
2025-11-25,21:45:00,82.83,82.83,82.74,82.74,26.0
2025-11-25,21:50:00,82.76,82.78,82.76,82.78,4.0
2025-11-25,21:55:00,82.85,82.85,82.84,82.84,3.0
2025-11-25,22:00:00,82.9,82.93,82.9,82.93,9.0
2025-11-25,22:05:00,82.94,83.0,82.91,82.91,19.0
2025-11-25,22:10:00,82.95,83.0,82.91,83.0,38.0
2025-11-25,22:15:00,83.0,83.05,82.94,82.94,32.0
2025-11-25,22:20:00,82.98,83.1,82.98,83.05,131.0
2025-11-25,22:25:00,82.93,82.94,82.93,82.94,2.0
2025-11-25,22:30:00,82.94,82.98,82.94,82.98,5.0
2025-11-25,22:35:00,82.97,82.97,82.92,82.96,33.0
2025-11-25,22:40:00,82.94,82.94,82.79,82.82,42.0
2025-11-25,22:45:00,82.81,82.81,82.75,82.77,62.0
2025-11-25,22:50:00,82.78,82.91,82.78,82.91,70.0
2025-11-25,22:55:00,82.93,82.99,82.93,82.99,7.0
2025-11-25,23:00:00,82.96,82.99,82.9,82.91,5.0
2025-11-25,23:05:00,82.95,83.06,82.95,83.06,52.0
2025-11-25,23:10:00,83.16,83.21,83.14,83.14,80.0
2025-11-25,23:15:00,83.11,83.11,83.09,83.11,34.0
2025-11-25,23:20:00,83.13,83.18,83.01,83.09,60.0
2025-11-25,23:25:00,83.15,83.28,83.15,83.23,36.0
2025-11-25,23:30:00,83.32,83.46,83.3,83.45,127.0
2025-11-25,23:35:00,83.45,83.49,83.43,83.48,33.0
2025-11-25,23:40:00,83.49,83.51,83.44,83.5,34.0
2025-11-25,23:45:00,83.48,83.79,83.48,83.79,89.0
2025-11-25,23:50:00,83.77,83.84,83.75,83.84,33.0
2025-11-25,23:55:00,83.82,83.98,83.82,83.97,79.0
2025-11-26,00:00:00,84.0,84.35,83.82,84.19,210.0
2025-11-26,00:05:00,84.02,84.23,83.95,84.03,51.0
2025-11-26,00:10:00,84.04,84.04,83.97,84.02,7.0
2025-11-26,00:15:00,84.0,84.07,84.0,84.03,11.0
2025-11-26,00:20:00,84.04,84.13,84.04,84.06,80.0
2025-11-26,00:25:00,84.06,84.1,84.0,84.1,29.0
2025-11-26,00:30:00,84.0,84.05,84.0,84.05,10.0
2025-11-26,00:35:00,84.08,84.16,84.08,84.08,52.0
2025-11-26,00:40:00,84.14,84.15,84.09,84.11,8.0
2025-11-26,00:45:00,84.12,84.18,84.12,84.15,23.0
2025-11-26,00:50:00,84.15,84.15,84.1,84.1,53.0
2025-11-26,00:55:00,84.14,84.15,84.11,84.15,7.0
2025-11-26,15:00:00,84.17,84.26,84.13,84.26,66.0
2025-11-26,15:05:00,84.24,84.36,84.22,84.28,14.0
2025-11-26,15:10:00,84.32,84.38,84.32,84.38,2.0
2025-11-26,15:15:00,84.44,84.47,84.35,84.35,10.0
2025-11-26,15:20:00,84.21,84.21,84.21,84.21,3.0
2025-11-26,15:25:00,84.4,84.5,84.39,84.45,29.0
2025-11-26,15:30:00,84.45,84.47,84.37,84.37,13.0
2025-11-26,15:35:00,84.36,84.38,84.27,84.29,33.0
2025-11-26,15:40:00,84.36,84.41,84.36,84.41,20.0
2025-11-26,15:45:00,84.44,84.46,84.41,84.45,25.0
2025-11-26,15:50:00,84.4,84.4,84.34,84.34,2.0
2025-11-26,15:55:00,84.38,84.5,84.38,84.5,61.0
2025-11-26,16:00:00,84.38,84.38,84.35,84.37,70.0
2025-11-26,16:05:00,84.35,84.42,84.35,84.42,7.0
2025-11-26,16:10:00,84.42,84.42,84.0,84.04,71.0
2025-11-26,16:15:00,84.01,84.03,83.94,83.94,75.0
2025-11-26,16:20:00,83.98,84.08,83.98,84.07,54.0
2025-11-26,16:25:00,84.07,84.1,84.0,84.01,20.0
2025-11-26,16:30:00,84.09,84.14,84.08,84.13,29.0
2025-11-26,16:35:00,84.15,84.18,84.02,84.02,37.0
2025-11-26,16:40:00,84.09,84.1,84.02,84.02,12.0
2025-11-26,16:45:00,84.03,84.05,83.95,84.04,16.0
2025-11-26,16:50:00,84.01,84.15,84.01,84.14,77.0
2025-11-26,16:55:00,84.15,84.18,84.1,84.1,8.0
2025-11-26,17:00:00,84.1,84.2,84.1,84.16,75.0
2025-11-26,17:05:00,84.13,84.13,84.03,84.08,45.0
2025-11-26,17:10:00,84.07,84.1,83.95,84.03,142.0
2025-11-26,17:15:00,84.04,84.06,83.95,83.97,47.0
2025-11-26,17:20:00,84.0,84.11,83.99,84.09,64.0
2025-11-26,17:25:00,84.09,84.09,84.0,84.06,50.0
2025-11-26,17:30:00,84.02,84.04,83.97,84.0,18.0
2025-11-26,17:35:00,84.04,84.06,84.0,84.0,24.0
2025-11-26,17:40:00,83.99,84.05,83.96,84.05,10.0
2025-11-26,17:45:00,84.02,84.05,84.02,84.02,10.0
2025-11-26,17:50:00,84.02,84.02,83.95,84.02,64.0
2025-11-26,17:55:00,84.01,84.01,83.94,83.94,15.0
2025-11-26,18:00:00,83.94,83.95,83.71,83.78,133.0
2025-11-26,18:05:00,83.76,83.81,83.76,83.78,17.0
2025-11-26,18:10:00,83.77,83.77,83.74,83.74,3.0
2025-11-26,18:15:00,83.71,83.83,83.71,83.83,11.0
2025-11-26,18:20:00,83.83,83.93,83.83,83.91,42.0
2025-11-26,18:25:00,83.88,83.88,83.81,83.82,11.0
2025-11-26,18:30:00,83.8,83.93,83.79,83.93,11.0
2025-11-26,18:35:00,83.93,83.96,83.92,83.92,8.0
2025-11-26,18:40:00,83.97,83.97,83.89,83.9,3.0
2025-11-26,18:45:00,83.87,83.87,83.84,83.84,4.0
2025-11-26,18:50:00,83.87,83.96,83.87,83.95,55.0
2025-11-26,19:00:00,83.85,83.99,83.85,83.99,27.0
2025-11-26,19:05:00,83.99,84.08,83.92,84.08,130.0
2025-11-26,19:10:00,84.14,84.17,84.12,84.13,111.0
2025-11-26,19:15:00,84.13,84.15,84.02,84.04,35.0
2025-11-26,19:20:00,84.0,84.05,84.0,84.05,29.0
2025-11-26,19:25:00,84.05,84.05,83.99,84.05,15.0
2025-11-26,19:30:00,84.0,84.04,84.0,84.03,5.0
2025-11-26,19:35:00,84.04,84.05,84.02,84.05,83.0
2025-11-26,19:40:00,83.99,83.99,83.97,83.99,8.0
2025-11-26,19:45:00,84.0,84.05,84.0,84.0,35.0
2025-11-26,19:50:00,84.0,84.05,83.96,84.05,22.0
2025-11-26,19:55:00,84.04,84.04,84.04,84.04,1.0
2025-11-26,20:00:00,84.1,84.11,84.08,84.1,31.0
2025-11-26,20:05:00,84.05,84.1,84.05,84.1,23.0
2025-11-26,20:10:00,84.09,84.1,84.08,84.1,24.0
2025-11-26,20:15:00,84.1,84.13,83.99,83.99,73.0
2025-11-26,20:20:00,84.05,84.06,83.98,84.04,6.0
2025-11-26,20:25:00,84.05,84.08,84.02,84.03,32.0
2025-11-26,20:30:00,84.0,84.1,84.0,84.08,48.0
2025-11-26,20:35:00,84.06,84.06,84.04,84.05,9.0
2025-11-26,20:40:00,84.02,84.02,83.92,83.93,24.0
2025-11-26,20:45:00,83.94,83.97,83.93,83.96,4.0
2025-11-26,20:50:00,83.99,84.0,83.99,84.0,4.0
2025-11-26,20:55:00,83.98,83.98,83.92,83.92,22.0
2025-11-26,21:00:00,83.92,83.92,83.85,83.85,54.0
2025-11-26,21:05:00,83.85,83.87,83.83,83.85,49.0
2025-11-26,21:10:00,83.85,83.85,83.82,83.83,20.0
2025-11-26,21:15:00,83.8,83.8,83.71,83.71,30.0
2025-11-26,21:20:00,83.73,83.76,83.71,83.74,57.0
2025-11-26,21:25:00,83.74,83.76,83.69,83.69,27.0
2025-11-26,21:30:00,83.69,83.72,83.69,83.71,23.0
2025-11-26,21:35:00,83.71,83.74,83.7,83.71,19.0
2025-11-26,21:40:00,83.72,83.83,83.72,83.83,16.0
2025-11-26,21:45:00,83.81,83.81,83.77,83.77,7.0
2025-11-26,21:50:00,83.79,83.79,83.75,83.75,13.0
2025-11-26,21:55:00,83.75,83.76,83.68,83.68,35.0
2025-11-26,22:00:00,83.67,83.72,83.6,83.72,81.0
2025-11-26,22:05:00,83.65,83.71,83.64,83.71,6.0
2025-11-26,22:10:00,83.68,83.72,83.65,83.72,15.0
2025-11-26,22:15:00,83.73,83.75,83.67,83.68,6.0
2025-11-26,22:20:00,83.69,83.7,83.62,83.63,5.0
2025-11-26,22:25:00,83.63,83.65,83.63,83.64,46.0
2025-11-26,22:30:00,83.64,83.66,83.64,83.65,11.0
2025-11-26,22:35:00,83.64,83.85,83.64,83.83,44.0
2025-11-26,22:40:00,83.82,83.82,83.75,83.75,9.0
2025-11-26,22:45:00,83.75,83.91,83.75,83.9,40.0
2025-11-26,22:50:00,83.9,83.95,83.89,83.95,61.0
2025-11-26,22:55:00,83.85,83.85,83.85,83.85,3.0
2025-11-26,23:00:00,83.77,83.8,83.77,83.78,13.0
2025-11-26,23:05:00,83.82,83.82,83.77,83.77,13.0
2025-11-26,23:10:00,83.71,83.72,83.64,83.7,62.0
2025-11-26,23:15:00,83.7,83.72,83.69,83.7,36.0
2025-11-26,23:20:00,83.7,83.7,83.62,83.65,42.0
2025-11-26,23:25:00,83.63,83.65,83.63,83.64,12.0
2025-11-26,23:30:00,83.64,83.67,83.61,83.61,44.0
2025-11-26,23:35:00,83.61,83.65,83.61,83.62,64.0
2025-11-26,23:40:00,83.61,83.63,83.5,83.59,87.0
2025-11-26,23:45:00,83.54,83.58,83.53,83.56,28.0
2025-11-26,23:50:00,83.57,83.74,83.57,83.7,50.0
2025-11-26,23:55:00,83.7,83.78,83.7,83.75,43.0
2025-11-27,00:00:00,83.78,83.79,83.73,83.75,37.0
2025-11-27,00:05:00,83.76,83.94,83.76,83.94,58.0
2025-11-27,00:10:00,83.91,83.94,83.8,83.82,45.0
2025-11-27,00:15:00,83.83,83.86,83.8,83.8,27.0
2025-11-27,00:20:00,83.72,83.73,83.69,83.69,39.0
2025-11-27,00:25:00,83.67,83.69,83.67,83.69,15.0
2025-11-27,00:30:00,83.64,83.69,83.64,83.69,22.0
2025-11-27,00:35:00,83.65,83.72,83.65,83.71,43.0
2025-11-27,00:40:00,83.71,83.73,83.68,83.73,24.0
2025-11-27,00:45:00,83.73,83.78,83.7,83.7,45.0
2025-11-27,00:50:00,83.67,83.67,83.61,83.65,3.0
2025-11-27,00:55:00,83.62,83.66,83.62,83.66,6.0
2025-11-27,15:00:00,83.87,83.88,83.87,83.87,5.0
2025-11-27,15:05:00,83.82,83.82,83.82,83.82,1.0
2025-11-27,15:10:00,83.73,83.73,83.66,83.69,6.0
2025-11-27,15:15:00,83.68,83.68,83.65,83.65,22.0
2025-11-27,15:20:00,83.64,83.65,83.63,83.65,3.0
2025-11-27,15:25:00,83.66,83.79,83.66,83.79,28.0
2025-11-27,15:30:00,83.89,83.9,83.83,83.83,5.0
2025-11-27,15:35:00,83.8,83.8,83.63,83.63,8.0
2025-11-27,15:40:00,83.63,83.63,83.63,83.63,2.0
2025-11-27,15:45:00,83.59,83.6,83.59,83.6,3.0
2025-11-27,15:50:00,83.67,83.71,83.64,83.64,26.0
2025-11-27,15:55:00,83.63,83.63,83.5,83.52,21.0
2025-11-27,16:00:00,83.5,83.54,83.4,83.43,87.0
2025-11-27,16:05:00,83.43,83.46,83.36,83.36,10.0
2025-11-27,16:10:00,83.37,83.45,83.37,83.45,10.0
2025-11-27,16:15:00,83.48,83.55,83.46,83.55,25.0
2025-11-27,16:20:00,83.53,83.53,83.45,83.45,41.0
2025-11-27,16:25:00,83.47,83.49,83.47,83.49,5.0
2025-11-27,16:30:00,83.48,83.53,83.44,83.44,14.0
2025-11-27,16:35:00,83.45,83.51,83.45,83.47,17.0
2025-11-27,16:40:00,83.49,83.6,83.49,83.59,42.0
2025-11-27,16:45:00,83.61,83.62,83.59,83.6,33.0
2025-11-27,16:50:00,83.58,83.6,83.51,83.51,16.0
2025-11-27,16:55:00,83.56,83.6,83.53,83.6,29.0
2025-11-27,17:00:00,83.6,83.61,83.47,83.54,52.0
2025-11-27,17:05:00,83.55,83.57,83.55,83.57,6.0
2025-11-27,17:10:00,83.6,83.62,83.54,83.54,12.0
2025-11-27,17:15:00,83.57,83.57,83.39,83.4,10.0
2025-11-27,17:20:00,83.37,83.42,83.37,83.37,15.0
2025-11-27,17:25:00,83.39,83.39,83.22,83.28,35.0
2025-11-27,17:30:00,83.28,83.3,83.25,83.29,26.0
2025-11-27,17:35:00,83.28,83.32,83.27,83.32,4.0
2025-11-27,17:40:00,83.28,83.31,83.28,83.3,15.0
2025-11-27,17:45:00,83.33,83.33,83.33,83.33,2.0
2025-11-27,17:50:00,83.28,83.39,83.28,83.39,18.0
2025-11-27,17:55:00,83.39,83.39,83.33,83.34,5.0
2025-11-27,18:00:00,83.33,83.4,83.33,83.37,6.0
2025-11-27,18:05:00,83.38,83.38,83.34,83.34,5.0
2025-11-27,18:10:00,83.37,83.42,83.28,83.28,10.0
2025-11-27,18:15:00,83.28,83.28,83.2,83.26,42.0
2025-11-27,18:20:00,83.26,83.26,83.21,83.25,11.0
2025-11-27,18:25:00,83.21,83.22,83.21,83.22,3.0
2025-11-27,18:30:00,83.2,83.21,83.18,83.19,23.0
2025-11-27,18:35:00,83.18,83.29,83.18,83.29,8.0
2025-11-27,18:40:00,83.27,83.27,83.27,83.27,1.0
2025-11-27,18:45:00,83.2,83.3,83.2,83.3,21.0
2025-11-27,18:50:00,83.36,83.36,83.36,83.36,6.0
2025-11-27,18:55:00,83.35,83.44,83.35,83.44,35.0
2025-11-27,19:00:00,83.46,83.5,83.41,83.41,15.0
2025-11-27,19:05:00,83.5,83.51,83.5,83.51,27.0
2025-11-27,19:10:00,83.56,83.73,83.53,83.69,25.0
2025-11-27,19:15:00,83.75,83.78,83.71,83.76,19.0
2025-11-27,19:20:00,83.73,83.9,83.73,83.82,28.0
2025-11-27,19:25:00,83.83,83.86,83.81,83.83,50.0
2025-11-27,19:30:00,83.77,83.86,83.77,83.83,17.0
2025-11-27,19:35:00,83.87,83.9,83.87,83.9,46.0
2025-11-27,19:40:00,83.89,83.93,83.89,83.92,6.0
2025-11-27,19:45:00,83.94,84.01,83.94,84.0,46.0
2025-11-27,19:50:00,84.02,84.07,84.0,84.07,34.0
2025-11-27,19:55:00,84.15,84.26,84.03,84.13,150.0
2025-11-27,20:00:00,84.16,84.17,84.07,84.1,44.0
2025-11-27,20:05:00,84.07,84.08,84.05,84.07,8.0
2025-11-27,20:10:00,84.08,84.08,84.0,84.0,8.0
2025-11-27,20:15:00,84.07,84.07,83.97,83.97,3.0
2025-11-27,20:25:00,84.1,84.1,84.06,84.06,2.0
2025-11-27,20:30:00,84.12,84.13,84.09,84.13,52.0
2025-11-27,20:35:00,84.1,84.1,84.03,84.03,10.0
2025-11-27,20:40:00,84.09,84.14,84.09,84.14,5.0
2025-11-27,20:45:00,84.15,84.15,84.09,84.09,9.0
2025-11-27,20:50:00,84.05,84.05,83.94,83.97,8.0
2025-11-27,20:55:00,84.08,84.08,84.08,84.08,3.0
2025-11-27,21:00:00,84.17,84.28,84.14,84.26,30.0
2025-11-27,21:05:00,84.16,84.19,84.07,84.07,49.0
2025-11-27,21:10:00,84.13,84.13,84.06,84.06,14.0
2025-11-27,21:15:00,84.07,84.07,84.07,84.07,1.0
2025-11-27,21:20:00,84.06,84.1,84.04,84.1,9.0
2025-11-27,21:25:00,84.11,84.11,84.0,84.0,20.0
2025-11-27,21:30:00,84.04,84.04,83.99,84.02,5.0
2025-11-27,21:35:00,84.07,84.07,84.04,84.04,13.0
2025-11-27,21:40:00,84.05,84.08,84.04,84.08,33.0
2025-11-27,21:45:00,84.04,84.07,84.01,84.01,41.0
2025-11-27,21:50:00,84.15,84.25,84.15,84.25,20.0
2025-11-27,21:55:00,84.26,84.26,84.16,84.23,14.0
2025-11-27,22:00:00,84.28,84.3,84.23,84.26,41.0
2025-11-27,22:05:00,84.23,84.26,84.2,84.23,30.0
2025-11-27,22:10:00,84.29,84.5,84.29,84.41,80.0
2025-11-27,22:15:00,84.35,84.41,84.34,84.34,17.0
2025-11-27,22:20:00,84.4,84.4,84.38,84.4,63.0
2025-11-27,22:25:00,84.41,84.54,84.41,84.53,119.0
2025-11-27,22:30:00,84.55,84.57,84.45,84.49,33.0
2025-11-27,22:35:00,84.52,84.55,84.52,84.52,24.0
2025-11-27,22:40:00,84.55,84.6,84.55,84.56,44.0
2025-11-27,22:45:00,84.56,84.68,84.54,84.54,78.0
2025-11-27,22:50:00,84.55,84.58,84.55,84.58,9.0
2025-11-27,22:55:00,84.56,84.56,84.52,84.55,60.0
2025-11-27,23:00:00,84.55,84.56,84.44,84.56,20.0
2025-11-27,23:05:00,84.55,84.61,84.55,84.58,36.0
2025-11-27,23:10:00,84.52,84.52,84.52,84.52,1.0
2025-11-27,23:15:00,84.53,84.53,84.5,84.5,3.0
2025-11-27,23:20:00,84.5,84.56,84.48,84.53,61.0
2025-11-27,23:25:00,84.58,84.6,84.58,84.59,12.0
2025-11-27,23:30:00,84.56,84.56,84.52,84.52,13.0
2025-11-27,23:35:00,84.51,84.52,84.42,84.42,32.0
2025-11-27,23:40:00,84.42,84.47,84.35,84.47,42.0
2025-11-27,23:45:00,84.46,84.47,84.42,84.47,19.0
2025-11-27,23:50:00,84.48,84.5,84.46,84.49,36.0
2025-11-27,23:55:00,84.5,84.54,84.48,84.48,117.0
2025-11-28,00:00:00,84.48,84.48,84.41,84.42,18.0
2025-11-28,00:05:00,84.4,84.47,84.37,84.37,49.0
2025-11-28,00:10:00,84.37,84.38,84.33,84.34,62.0
2025-11-28,00:15:00,84.39,84.4,84.39,84.4,4.0
2025-11-28,00:20:00,84.4,84.41,84.4,84.41,15.0
2025-11-28,00:25:00,84.47,84.5,84.42,84.48,74.0
2025-11-28,00:30:00,84.5,84.55,84.5,84.54,49.0
2025-11-28,00:35:00,84.53,84.54,84.52,84.52,8.0
2025-11-28,00:40:00,84.49,84.49,84.43,84.44,5.0
2025-11-28,00:45:00,84.45,84.45,84.35,84.38,36.0
2025-11-28,00:50:00,84.38,84.38,84.34,84.34,26.0
2025-11-28,00:55:00,84.36,84.36,84.34,84.35,9.0
2025-11-28,15:00:00,84.54,85.0,84.54,84.89,100.0
2025-11-28,15:05:00,84.93,84.95,84.83,84.83,35.0
2025-11-28,15:10:00,84.81,84.89,84.81,84.89,49.0
2025-11-28,15:15:00,84.86,84.86,84.77,84.77,22.0
2025-11-28,15:20:00,84.77,84.77,84.69,84.71,24.0
2025-11-28,15:25:00,84.69,84.76,84.69,84.7,27.0
2025-11-28,15:30:00,84.67,84.7,84.67,84.7,3.0
2025-11-28,15:35:00,84.77,84.8,84.7,84.8,36.0
2025-11-28,15:40:00,84.82,85.01,84.74,84.95,79.0
2025-11-28,15:45:00,84.94,84.94,84.79,84.79,40.0
2025-11-28,15:50:00,84.79,84.8,84.7,84.8,40.0
2025-11-28,15:55:00,84.81,84.82,84.81,84.81,9.0
2025-11-28,16:00:00,84.77,85.01,84.77,85.0,36.0
2025-11-28,16:05:00,85.0,85.05,84.86,85.05,34.0
2025-11-28,16:10:00,85.07,85.19,85.02,85.02,56.0
2025-11-28,16:15:00,85.07,85.25,85.05,85.13,325.0
2025-11-28,16:20:00,85.15,85.2,85.05,85.09,24.0
2025-11-28,16:25:00,85.17,85.2,85.16,85.2,28.0
2025-11-28,16:30:00,85.18,85.2,85.07,85.12,50.0
2025-11-28,16:35:00,85.13,85.16,85.11,85.11,32.0
2025-11-28,16:40:00,85.15,85.23,85.08,85.08,38.0
2025-11-28,16:45:00,85.08,85.15,85.07,85.11,12.0
2025-11-28,16:50:00,85.08,85.08,84.96,85.0,57.0
2025-11-28,16:55:00,84.96,84.99,84.88,84.88,35.0
2025-11-28,17:00:00,84.88,85.0,84.87,84.96,79.0
2025-11-28,17:05:00,84.95,84.95,84.85,84.85,20.0
2025-11-28,17:10:00,84.92,84.92,84.82,84.83,10.0
2025-11-28,17:15:00,84.79,84.86,84.75,84.86,17.0
2025-11-28,17:20:00,84.86,84.93,84.83,84.9,99.0
2025-11-28,17:25:00,84.85,84.87,84.85,84.87,4.0
2025-11-28,17:30:00,84.87,84.94,84.86,84.93,49.0
2025-11-28,17:35:00,84.92,84.92,84.83,84.88,16.0
2025-11-28,17:40:00,84.93,84.93,84.91,84.92,8.0
2025-11-28,17:45:00,84.91,84.91,84.79,84.79,21.0
2025-11-28,17:50:00,84.8,84.88,84.78,84.88,30.0
2025-11-28,17:55:00,84.93,84.93,84.85,84.87,29.0
2025-11-28,18:00:00,84.87,84.87,84.77,84.78,30.0
2025-11-28,18:05:00,84.79,84.92,84.79,84.89,66.0
2025-11-28,18:10:00,84.89,84.89,84.84,84.84,3.0
2025-11-28,18:15:00,84.88,84.89,84.8,84.89,10.0
2025-11-28,18:20:00,84.9,85.02,84.9,85.01,92.0
2025-11-28,18:25:00,85.04,85.1,85.04,85.1,18.0
2025-11-28,18:30:00,85.15,85.15,85.15,85.15,5.0
2025-11-28,18:35:00,85.13,85.13,85.06,85.06,9.0
2025-11-28,18:40:00,85.07,85.12,85.03,85.03,44.0
2025-11-28,18:45:00,85.08,85.08,84.99,85.0,12.0
2025-11-28,18:50:00,84.97,85.04,84.97,85.04,3.0
2025-11-28,18:55:00,85.04,85.04,85.04,85.04,1.0
2025-11-28,19:00:00,85.04,85.04,85.02,85.02,5.0
2025-11-28,19:05:00,85.05,85.09,85.04,85.07,19.0
2025-11-28,19:10:00,85.07,85.1,85.05,85.1,25.0
2025-11-28,19:15:00,85.05,85.13,85.05,85.13,43.0
2025-11-28,19:20:00,85.13,85.17,85.11,85.17,87.0
2025-11-28,19:25:00,85.16,85.16,85.05,85.1,18.0
2025-11-28,19:30:00,85.1,85.14,85.1,85.14,7.0
2025-11-28,19:35:00,85.12,85.13,85.06,85.07,11.0
2025-11-28,19:40:00,85.05,85.06,85.04,85.06,15.0
2025-11-28,19:45:00,85.05,85.05,84.98,84.98,6.0
2025-11-28,19:50:00,85.08,85.1,85.02,85.02,8.0
2025-11-28,19:55:00,85.08,85.08,85.08,85.08,2.0
2025-11-28,20:00:00,85.06,85.1,85.06,85.07,16.0
2025-11-28,20:05:00,85.08,85.11,85.08,85.1,10.0
2025-11-28,20:10:00,85.04,85.04,84.95,84.95,17.0
2025-11-28,20:15:00,84.95,85.05,84.95,85.05,17.0
2025-11-28,20:20:00,85.05,85.07,85.05,85.05,6.0
2025-11-28,20:25:00,85.08,85.08,85.01,85.01,8.0
2025-11-28,20:30:00,84.99,85.02,84.99,85.02,4.0
2025-11-28,20:35:00,85.02,85.08,84.98,85.01,56.0
2025-11-28,20:40:00,85.01,85.12,85.0,85.0,81.0
2025-11-28,20:45:00,84.97,85.0,84.97,85.0,5.0
2025-11-28,20:50:00,85.03,85.06,85.03,85.04,80.0
2025-11-28,20:55:00,85.05,85.08,84.95,84.96,83.0
2025-11-28,21:00:00,84.95,85.03,84.95,85.0,26.0
2025-11-28,21:05:00,84.99,85.02,84.88,84.95,60.0
2025-11-28,21:10:00,84.95,84.98,84.95,84.96,8.0
2025-11-28,21:15:00,84.95,84.96,84.93,84.96,14.0
2025-11-28,21:20:00,84.92,84.92,84.84,84.84,8.0
2025-11-28,21:25:00,84.83,84.83,84.81,84.81,5.0
2025-11-28,21:30:00,84.86,84.86,84.8,84.86,14.0
2025-11-28,21:35:00,84.84,84.9,84.84,84.9,24.0
2025-11-28,21:40:00,84.89,84.93,84.88,84.88,21.0
2025-11-28,21:45:00,84.88,84.88,84.83,84.83,9.0
2025-11-28,21:50:00,84.82,84.86,84.82,84.86,6.0
2025-11-28,21:55:00,84.9,84.96,84.9,84.95,27.0
2025-11-28,22:00:00,84.97,84.97,84.93,84.97,23.0
2025-11-28,22:05:00,84.96,84.96,84.91,84.95,28.0
2025-11-28,22:10:00,84.95,84.97,84.95,84.97,13.0
2025-11-28,22:15:00,84.94,84.96,84.87,84.94,38.0
2025-11-28,22:20:00,84.94,84.94,84.8,84.8,35.0
2025-11-28,22:25:00,84.8,84.84,84.8,84.84,9.0
2025-11-28,22:30:00,84.95,84.97,84.91,84.91,24.0
2025-11-28,22:35:00,84.92,84.98,84.92,84.98,16.0
2025-11-28,22:40:00,85.0,85.0,84.86,84.86,48.0
2025-11-28,22:45:00,84.86,84.91,84.86,84.91,56.0
2025-11-28,22:50:00,84.92,84.93,84.92,84.93,10.0
2025-11-28,22:55:00,84.93,84.99,84.93,84.99,39.0
2025-11-28,23:00:00,85.01,85.01,84.98,84.98,48.0
2025-11-28,23:05:00,84.99,85.03,84.98,85.03,30.0
2025-11-28,23:10:00,85.03,85.08,85.03,85.08,113.0
2025-11-28,23:15:00,85.06,85.17,85.06,85.13,29.0
2025-11-28,23:20:00,85.11,85.33,85.1,85.29,174.0
2025-11-28,23:25:00,85.26,85.28,85.22,85.26,39.0
2025-11-28,23:30:00,85.27,85.32,85.27,85.31,75.0
2025-11-28,23:35:00,85.33,85.47,85.33,85.47,176.0
2025-11-28,23:40:00,85.45,85.45,85.31,85.4,100.0
2025-11-28,23:45:00,85.42,85.45,85.4,85.41,24.0
2025-11-28,23:50:00,85.41,85.5,85.39,85.5,14.0
2025-11-28,23:55:00,85.44,85.44,85.38,85.4,33.0
2025-11-29,00:00:00,85.36,85.45,85.36,85.41,12.0
2025-11-29,00:05:00,85.39,85.47,85.39,85.45,77.0
2025-11-29,00:10:00,85.45,85.47,85.41,85.43,58.0
2025-11-29,00:15:00,85.42,85.42,85.31,85.32,52.0
2025-11-29,00:20:00,85.33,85.37,85.27,85.37,17.0
2025-11-29,00:25:00,85.32,85.32,85.3,85.3,6.0
2025-11-29,00:30:00,85.37,85.37,85.3,85.3,3.0
2025-11-29,00:35:00,85.29,85.29,85.25,85.25,33.0
2025-11-29,00:40:00,85.22,85.27,85.21,85.27,7.0
2025-11-29,00:45:00,85.27,85.27,85.27,85.27,2.0
2025-11-29,00:50:00,85.27,85.32,85.27,85.32,77.0
2025-11-29,00:55:00,85.34,85.35,85.34,85.35,6.0
2025-12-01,15:00:00,85.25,85.28,85.1,85.19,24.0
2025-12-01,15:05:00,85.09,85.13,85.09,85.1,31.0
2025-12-01,15:10:00,85.07,85.07,84.95,84.96,34.0
2025-12-01,15:15:00,84.95,85.0,84.89,84.9,48.0
2025-12-01,15:20:00,85.0,85.0,84.9,84.9,35.0
2025-12-01,15:25:00,84.89,84.89,84.87,84.89,3.0
2025-12-01,15:30:00,84.87,85.0,84.86,85.0,47.0
2025-12-01,15:35:00,85.01,85.02,84.94,84.94,34.0
2025-12-01,15:40:00,84.94,85.03,84.94,85.02,66.0
2025-12-01,15:45:00,85.03,85.15,85.02,85.08,149.0
2025-12-01,15:50:00,85.08,85.15,85.03,85.1,115.0
2025-12-01,15:55:00,85.12,85.21,85.1,85.15,91.0
2025-12-01,16:00:00,85.2,85.4,84.98,85.18,198.0
2025-12-01,16:05:00,85.17,85.19,85.1,85.16,61.0
2025-12-01,16:10:00,85.15,85.25,85.12,85.18,93.0
2025-12-01,16:15:00,85.16,85.22,85.07,85.22,71.0
2025-12-01,16:20:00,85.21,85.3,85.15,85.24,83.0
2025-12-01,16:25:00,85.22,85.23,85.1,85.16,90.0
2025-12-01,16:30:00,85.14,85.17,85.02,85.03,92.0
2025-12-01,16:35:00,85.04,85.33,85.04,85.33,133.0
2025-12-01,16:40:00,85.32,85.32,85.25,85.29,110.0
2025-12-01,16:45:00,85.29,85.4,85.24,85.38,81.0
2025-12-01,16:50:00,85.38,85.49,85.37,85.48,98.0
2025-12-01,16:55:00,85.45,85.45,85.39,85.43,59.0
2025-12-01,17:00:00,85.44,85.46,85.27,85.33,91.0
2025-12-01,17:05:00,85.34,85.52,85.3,85.3,116.0
2025-12-01,17:10:00,85.32,85.35,85.26,85.26,42.0
2025-12-01,17:15:00,85.25,85.27,85.16,85.21,114.0
2025-12-01,17:20:00,85.23,85.29,85.22,85.22,55.0
2025-12-01,17:25:00,85.23,85.3,85.23,85.3,33.0
2025-12-01,17:30:00,85.33,85.36,85.26,85.26,70.0
2025-12-01,17:35:00,85.27,85.45,85.26,85.4,47.0
2025-12-01,17:40:00,85.44,85.54,85.44,85.51,164.0
2025-12-01,17:45:00,85.5,85.51,85.42,85.49,47.0
2025-12-01,17:50:00,85.49,85.54,85.49,85.5,71.0
2025-12-01,17:55:00,85.5,85.5,85.35,85.38,58.0
2025-12-01,18:00:00,85.35,85.37,85.26,85.27,106.0
2025-12-01,18:05:00,85.29,85.32,85.22,85.28,77.0
2025-12-01,18:10:00,85.28,85.36,85.26,85.3,43.0
2025-12-01,18:15:00,85.29,85.29,85.2,85.25,159.0
2025-12-01,18:20:00,85.25,85.3,85.2,85.29,58.0
2025-12-01,18:25:00,85.28,85.29,85.16,85.18,140.0
2025-12-01,18:30:00,85.17,85.2,85.13,85.17,208.0
2025-12-01,18:35:00,85.18,85.2,85.15,85.16,43.0
2025-12-01,18:40:00,85.16,85.21,85.14,85.17,96.0
2025-12-01,18:45:00,85.15,85.23,85.11,85.23,80.0
2025-12-01,18:50:00,85.21,85.26,85.16,85.22,37.0
2025-12-01,18:55:00,85.19,85.19,85.12,85.12,10.0
2025-12-01,19:00:00,85.12,85.12,85.08,85.08,15.0
2025-12-01,19:05:00,85.07,85.2,85.05,85.06,24.0
2025-12-01,19:10:00,85.03,85.13,85.03,85.1,20.0
2025-12-01,19:15:00,85.07,85.08,85.05,85.08,30.0
2025-12-01,19:20:00,85.11,85.13,85.05,85.1,30.0
2025-12-01,19:25:00,85.07,85.08,85.04,85.08,35.0
2025-12-01,19:30:00,85.07,85.08,85.04,85.08,29.0
2025-12-01,19:35:00,85.06,85.12,85.04,85.1,53.0
2025-12-01,19:40:00,85.11,85.17,85.07,85.08,85.0
2025-12-01,19:45:00,85.09,85.13,85.07,85.13,19.0
2025-12-01,19:50:00,85.15,85.17,85.12,85.15,125.0
2025-12-01,19:55:00,85.13,85.17,85.12,85.16,39.0
2025-12-01,20:00:00,85.16,85.16,85.11,85.11,28.0
2025-12-01,20:05:00,85.1,85.21,85.1,85.21,71.0
2025-12-01,20:10:00,85.2,85.35,85.2,85.28,126.0
2025-12-01,20:15:00,85.27,85.27,85.17,85.17,41.0
2025-12-01,20:20:00,85.18,85.19,85.14,85.16,43.0
2025-12-01,20:25:00,85.13,85.17,85.11,85.17,5.0
2025-12-01,20:30:00,85.16,85.16,85.14,85.16,7.0
2025-12-01,20:35:00,85.13,85.18,85.13,85.18,35.0
2025-12-01,20:40:00,85.2,85.21,85.17,85.17,40.0
2025-12-01,20:45:00,85.16,85.17,85.13,85.14,33.0
2025-12-01,20:50:00,85.12,85.14,85.11,85.13,40.0
2025-12-01,20:55:00,85.13,85.14,85.12,85.12,32.0
2025-12-01,21:00:00,85.14,85.19,85.12,85.14,53.0
2025-12-01,21:05:00,85.16,85.2,85.14,85.16,43.0
2025-12-01,21:10:00,85.14,85.15,85.14,85.14,11.0
2025-12-01,21:15:00,85.13,85.19,85.12,85.19,19.0
2025-12-01,21:20:00,85.2,85.29,85.19,85.25,50.0
2025-12-01,21:25:00,85.24,85.35,85.24,85.32,105.0
2025-12-01,21:30:00,85.3,85.35,85.28,85.32,33.0
2025-12-01,21:35:00,85.32,85.34,85.27,85.27,42.0
2025-12-01,21:40:00,85.26,85.32,85.24,85.32,30.0
2025-12-01,21:45:00,85.34,85.35,85.27,85.27,61.0
2025-12-01,21:50:00,85.25,85.28,85.19,85.19,49.0
2025-12-01,21:55:00,85.18,85.22,85.16,85.16,14.0
2025-12-01,22:00:00,85.2,85.25,85.16,85.16,56.0
2025-12-01,22:05:00,85.19,85.23,85.14,85.14,26.0
2025-12-01,22:10:00,85.14,85.22,85.14,85.22,35.0
2025-12-01,22:15:00,85.21,85.22,85.1,85.1,125.0
2025-12-01,22:20:00,85.1,85.12,85.1,85.12,95.0
2025-12-01,22:25:00,85.11,85.17,85.1,85.17,65.0
2025-12-01,22:30:00,85.18,85.22,85.17,85.2,52.0
2025-12-01,22:35:00,85.21,85.27,85.21,85.22,56.0
2025-12-01,22:40:00,85.26,85.27,85.21,85.25,57.0
2025-12-01,22:45:00,85.25,85.39,85.25,85.36,54.0
2025-12-01,22:50:00,85.35,85.37,85.29,85.32,37.0
2025-12-01,22:55:00,85.29,85.29,85.24,85.24,16.0
2025-12-01,23:00:00,85.23,85.28,85.23,85.25,13.0
2025-12-01,23:05:00,85.22,85.22,85.11,85.17,44.0
2025-12-01,23:10:00,85.16,85.16,85.11,85.16,22.0
2025-12-01,23:15:00,85.14,85.14,85.01,85.01,79.0
2025-12-01,23:20:00,85.02,85.04,85.0,85.04,45.0
2025-12-01,23:25:00,85.04,85.15,85.03,85.09,74.0
2025-12-01,23:30:00,85.12,85.18,85.11,85.11,14.0
2025-12-01,23:35:00,85.11,85.12,85.01,85.04,45.0
2025-12-01,23:40:00,85.03,85.05,84.95,85.05,125.0
2025-12-01,23:45:00,85.05,85.07,84.97,84.98,71.0
2025-12-01,23:50:00,84.99,85.04,84.98,85.01,66.0
2025-12-01,23:55:00,85.08,85.08,84.96,84.96,77.0
2025-12-02,00:00:00,84.97,85.03,84.95,84.98,45.0
2025-12-02,00:05:00,84.99,84.99,84.77,84.9,100.0
2025-12-02,00:10:00,84.89,84.9,84.83,84.86,93.0
2025-12-02,00:15:00,84.92,84.92,84.86,84.86,52.0
2025-12-02,00:20:00,84.85,84.88,84.77,84.77,34.0
2025-12-02,00:25:00,84.75,84.83,84.75,84.83,50.0
2025-12-02,00:30:00,84.83,84.93,84.83,84.91,23.0
2025-12-02,00:35:00,84.92,84.97,84.91,84.94,80.0
2025-12-02,00:40:00,84.94,84.95,84.9,84.92,72.0
2025-12-02,00:45:00,84.92,84.97,84.91,84.95,98.0
2025-12-02,00:50:00,84.95,85.03,84.95,84.98,90.0
2025-12-02,00:55:00,84.99,85.0,84.91,84.91,117.0
2025-12-02,15:00:00,84.71,84.72,84.64,84.64,79.0
2025-12-02,15:05:00,84.65,84.66,84.64,84.66,3.0
2025-12-02,15:10:00,84.72,84.74,84.72,84.74,2.0
2025-12-02,15:15:00,84.75,84.76,84.68,84.74,9.0
2025-12-02,15:20:00,84.72,84.72,84.72,84.72,3.0
2025-12-02,15:25:00,84.7,84.7,84.61,84.63,37.0
2025-12-02,15:30:00,84.61,84.65,84.61,84.65,3.0
2025-12-02,15:35:00,84.61,84.64,84.47,84.47,143.0
2025-12-02,15:40:00,84.46,84.53,84.46,84.51,75.0
2025-12-02,15:45:00,84.51,84.51,84.33,84.33,53.0
2025-12-02,15:50:00,84.35,84.41,84.35,84.41,9.0
2025-12-02,15:55:00,84.38,84.38,84.35,84.38,20.0
2025-12-02,16:00:00,84.39,84.4,84.3,84.32,21.0
2025-12-02,16:05:00,84.42,84.46,84.37,84.37,15.0
2025-12-02,16:10:00,84.35,84.35,84.24,84.3,84.0
2025-12-02,16:15:00,84.3,84.3,84.19,84.21,94.0
2025-12-02,16:20:00,84.26,84.4,84.26,84.4,36.0
2025-12-02,16:25:00,84.42,84.43,84.32,84.35,50.0
2025-12-02,16:30:00,84.31,84.36,84.27,84.31,66.0
2025-12-02,16:35:00,84.32,84.33,84.25,84.25,10.0
2025-12-02,16:40:00,84.29,84.35,84.29,84.35,8.0
2025-12-02,16:45:00,84.38,84.4,84.31,84.31,50.0
2025-12-02,16:50:00,84.32,84.4,84.32,84.33,33.0
2025-12-02,16:55:00,84.32,84.36,84.32,84.36,9.0
2025-12-02,17:00:00,84.36,84.39,84.36,84.39,3.0
2025-12-02,17:05:00,84.42,84.45,84.39,84.41,74.0
2025-12-02,17:10:00,84.41,84.43,84.4,84.41,24.0
2025-12-02,17:15:00,84.45,84.6,84.45,84.6,96.0
2025-12-02,17:20:00,84.62,84.65,84.56,84.58,68.0
2025-12-02,17:25:00,84.59,84.76,84.59,84.74,238.0
2025-12-02,17:30:00,84.75,84.76,84.65,84.66,107.0
2025-12-02,17:35:00,84.69,84.72,84.59,84.69,114.0
2025-12-02,17:40:00,84.67,84.69,84.61,84.61,18.0
2025-12-02,17:45:00,84.59,84.61,84.57,84.61,15.0
2025-12-02,17:50:00,84.62,84.62,84.46,84.51,32.0
2025-12-02,17:55:00,84.52,84.58,84.52,84.58,18.0
2025-12-02,18:00:00,84.59,84.61,84.53,84.56,16.0
2025-12-02,18:05:00,84.51,84.52,84.47,84.47,36.0
2025-12-02,18:10:00,84.5,84.52,84.5,84.52,26.0
2025-12-02,18:15:00,84.54,84.54,84.32,84.33,82.0
2025-12-02,18:20:00,84.33,84.36,84.26,84.3,79.0
2025-12-02,18:25:00,84.3,84.3,84.19,84.26,97.0
2025-12-02,18:30:00,84.25,84.28,84.24,84.26,65.0
2025-12-02,18:35:00,84.28,84.38,84.28,84.37,108.0
2025-12-02,18:40:00,84.36,84.38,84.28,84.29,50.0
2025-12-02,18:45:00,84.26,84.27,84.0,84.02,213.0
2025-12-02,18:50:00,84.01,84.02,83.94,84.0,237.0
2025-12-02,18:55:00,84.0,84.04,83.97,84.0,40.0
2025-12-02,19:00:00,84.01,84.01,83.97,83.99,27.0
2025-12-02,19:05:00,84.0,84.03,83.98,84.03,39.0
2025-12-02,19:10:00,84.02,84.06,84.02,84.03,25.0
2025-12-02,19:15:00,84.02,84.04,84.01,84.04,51.0
2025-12-02,19:20:00,84.04,84.1,84.04,84.08,24.0
2025-12-02,19:25:00,84.08,84.11,84.05,84.07,58.0
2025-12-02,19:30:00,84.09,84.17,84.07,84.14,62.0
2025-12-02,19:35:00,84.13,84.17,84.13,84.15,18.0
2025-12-02,19:40:00,84.15,84.19,84.15,84.17,19.0
2025-12-02,19:45:00,84.2,84.25,84.2,84.22,64.0
2025-12-02,19:50:00,84.2,84.23,84.2,84.22,7.0
2025-12-02,19:55:00,84.21,84.21,84.1,84.17,86.0
2025-12-02,20:00:00,84.1,84.15,84.04,84.04,24.0
2025-12-02,20:05:00,84.02,84.05,84.01,84.04,47.0
2025-12-02,20:10:00,84.01,84.03,84.01,84.02,12.0
2025-12-02,20:15:00,84.02,84.14,84.01,84.14,122.0
2025-12-02,20:20:00,84.09,84.11,84.01,84.04,60.0
2025-12-02,20:25:00,83.99,83.99,83.97,83.98,13.0
2025-12-02,20:30:00,83.98,84.06,83.97,84.06,120.0
2025-12-02,20:35:00,84.07,84.11,84.06,84.06,46.0
2025-12-02,20:40:00,84.08,84.12,84.06,84.06,27.0
2025-12-02,20:45:00,84.06,84.13,84.06,84.06,50.0
2025-12-02,20:50:00,84.09,84.09,84.08,84.08,13.0
2025-12-02,20:55:00,84.08,84.08,84.08,84.08,3.0
2025-12-02,21:00:00,84.08,84.13,84.08,84.11,84.0
2025-12-02,21:05:00,84.11,84.11,84.07,84.07,37.0
2025-12-02,21:10:00,84.07,84.09,84.06,84.09,36.0
2025-12-02,21:15:00,84.08,84.08,84.02,84.02,19.0
2025-12-02,21:20:00,84.01,84.08,83.97,84.05,113.0
2025-12-02,21:25:00,84.03,84.06,83.96,83.96,70.0
2025-12-02,21:30:00,83.95,83.96,83.75,83.79,190.0
2025-12-02,21:35:00,83.79,83.79,83.75,83.79,52.0
2025-12-02,21:40:00,83.8,83.98,83.8,83.97,79.0
2025-12-02,21:45:00,83.95,83.97,83.91,83.92,19.0
2025-12-02,21:50:00,83.88,83.88,83.85,83.87,29.0
2025-12-02,21:55:00,83.87,83.88,83.8,83.8,14.0
2025-12-02,22:00:00,83.82,83.87,83.82,83.83,90.0
2025-12-02,22:05:00,83.84,83.91,83.84,83.85,54.0
2025-12-02,22:10:00,83.89,83.93,83.87,83.91,57.0
2025-12-02,22:15:00,83.9,83.98,83.9,83.98,43.0
2025-12-02,22:20:00,83.99,84.0,83.9,83.9,93.0
2025-12-02,22:25:00,83.9,83.9,83.85,83.85,15.0
2025-12-02,22:30:00,83.84,83.85,83.73,83.77,130.0
2025-12-02,22:35:00,83.78,83.79,83.72,83.76,42.0
2025-12-02,22:40:00,83.83,83.83,83.76,83.8,106.0
2025-12-02,22:45:00,83.79,83.85,83.73,83.81,83.0
2025-12-02,22:50:00,83.8,83.9,83.79,83.88,84.0
2025-12-02,22:55:00,83.86,83.9,83.83,83.89,191.0
2025-12-02,23:00:00,83.87,83.88,83.84,83.88,46.0
2025-12-02,23:05:00,83.88,84.08,83.87,84.01,120.0
2025-12-02,23:10:00,84.03,84.25,84.01,84.08,70.0
2025-12-02,23:15:00,84.08,84.08,83.95,84.01,118.0
2025-12-02,23:20:00,83.99,84.09,83.99,84.06,64.0
2025-12-02,23:25:00,84.07,84.13,84.05,84.05,76.0
2025-12-02,23:30:00,84.07,84.15,84.05,84.12,37.0
2025-12-02,23:35:00,84.12,84.13,84.05,84.06,27.0
2025-12-02,23:40:00,84.05,84.22,84.05,84.18,104.0
2025-12-02,23:45:00,84.18,84.2,84.16,84.17,151.0
2025-12-02,23:50:00,84.18,84.2,84.12,84.17,65.0
2025-12-02,23:55:00,84.19,84.19,84.06,84.09,70.0
2025-12-03,00:00:00,84.08,84.15,84.06,84.07,88.0
2025-12-03,00:05:00,84.07,84.08,83.98,84.06,236.0
2025-12-03,00:10:00,84.06,84.07,84.01,84.04,56.0
2025-12-03,00:15:00,84.02,84.02,83.96,83.96,41.0
2025-12-03,00:20:00,83.98,84.03,83.95,83.98,55.0
2025-12-03,00:25:00,84.0,84.01,83.94,83.95,58.0
2025-12-03,00:30:00,83.95,83.95,83.88,83.88,31.0
2025-12-03,00:35:00,83.89,83.92,83.86,83.86,40.0
2025-12-03,00:40:00,83.85,83.86,83.85,83.86,11.0
2025-12-03,00:45:00,83.9,83.9,83.83,83.85,21.0
2025-12-03,00:50:00,83.87,83.94,83.85,83.9,35.0
2025-12-03,00:55:00,83.84,83.86,83.82,83.82,6.0
2025-12-03,15:00:00,84.07,84.08,83.98,84.05,37.0
2025-12-03,15:05:00,84.05,84.05,84.03,84.03,51.0
2025-12-03,15:10:00,84.02,84.05,84.0,84.05,38.0
2025-12-03,15:15:00,84.02,84.07,84.0,84.01,55.0
2025-12-03,15:20:00,83.99,84.06,83.99,84.06,5.0
2025-12-03,15:25:00,84.08,84.16,84.08,84.16,25.0
2025-12-03,15:30:00,84.17,84.2,84.15,84.2,27.0
2025-12-03,15:35:00,84.19,84.19,84.08,84.11,11.0
2025-12-03,15:40:00,84.12,84.12,84.02,84.02,81.0
2025-12-03,15:45:00,84.03,84.15,84.03,84.09,16.0
2025-12-03,15:50:00,84.09,84.1,84.09,84.1,12.0
2025-12-03,15:55:00,84.1,84.18,84.04,84.14,87.0
2025-12-03,16:00:00,84.15,84.2,84.02,84.02,33.0
2025-12-03,16:05:00,84.01,84.17,84.01,84.17,4.0
2025-12-03,16:10:00,84.14,84.17,84.14,84.17,10.0
2025-12-03,16:15:00,84.21,84.23,84.17,84.17,85.0
2025-12-03,16:20:00,84.1,84.15,84.1,84.1,37.0
2025-12-03,16:25:00,84.06,84.07,84.04,84.07,10.0
2025-12-03,16:30:00,84.09,84.1,84.05,84.05,80.0
2025-12-03,16:35:00,84.05,84.05,83.98,83.99,8.0
2025-12-03,16:40:00,84.0,84.0,83.94,83.98,18.0
2025-12-03,16:45:00,83.97,84.08,83.97,84.06,50.0
2025-12-03,16:50:00,84.02,84.08,84.02,84.08,5.0
2025-12-03,16:55:00,84.03,84.07,84.03,84.07,27.0
2025-12-03,17:00:00,84.07,84.2,84.03,84.2,33.0
2025-12-03,17:05:00,84.2,84.25,84.14,84.14,60.0
2025-12-03,17:10:00,84.15,84.22,84.15,84.22,66.0
2025-12-03,17:15:00,84.23,84.39,84.21,84.37,42.0
2025-12-03,17:20:00,84.35,84.48,84.35,84.45,105.0
2025-12-03,17:25:00,84.48,84.5,84.42,84.44,84.0
2025-12-03,17:30:00,84.45,84.45,84.4,84.4,128.0
2025-12-03,17:35:00,84.4,84.52,84.4,84.52,100.0
2025-12-03,17:40:00,84.48,84.5,84.39,84.4,47.0
2025-12-03,17:45:00,84.39,84.44,84.39,84.44,15.0
2025-12-03,17:50:00,84.43,84.44,84.39,84.41,66.0
2025-12-03,17:55:00,84.4,84.41,84.32,84.41,23.0
2025-12-03,18:00:00,84.42,84.44,84.4,84.44,11.0
2025-12-03,18:05:00,84.42,84.47,84.42,84.46,30.0
2025-12-03,18:10:00,84.46,84.48,84.41,84.46,25.0
2025-12-03,18:15:00,84.46,84.49,84.43,84.49,17.0
2025-12-03,18:20:00,84.48,84.5,84.4,84.4,13.0
2025-12-03,18:25:00,84.43,84.45,84.4,84.42,49.0
2025-12-03,18:30:00,84.4,84.44,84.36,84.44,26.0
2025-12-03,18:35:00,84.43,84.45,84.4,84.41,34.0
2025-12-03,18:40:00,84.4,84.45,84.4,84.43,78.0
2025-12-03,18:45:00,84.43,84.49,84.43,84.49,76.0
2025-12-03,18:50:00,84.54,84.57,84.51,84.54,83.0
2025-12-03,18:55:00,84.52,84.54,84.5,84.52,114.0
2025-12-03,19:00:00,84.52,84.52,84.46,84.5,80.0
2025-12-03,19:05:00,84.5,84.5,84.46,84.46,10.0
2025-12-03,19:10:00,84.48,84.51,84.47,84.5,22.0
2025-12-03,19:15:00,84.52,84.52,84.49,84.51,24.0
2025-12-03,19:20:00,84.51,84.54,84.49,84.5,44.0
2025-12-03,19:25:00,84.48,84.51,84.48,84.48,7.0
2025-12-03,19:30:00,84.47,84.49,84.44,84.46,88.0
2025-12-03,19:35:00,84.47,84.47,84.33,84.35,75.0
2025-12-03,19:40:00,84.31,84.41,84.31,84.38,35.0
2025-12-03,19:45:00,84.38,84.41,84.35,84.36,20.0
2025-12-03,19:50:00,84.35,84.35,84.24,84.26,45.0
2025-12-03,19:55:00,84.27,84.29,84.25,84.28,34.0
2025-12-03,20:00:00,84.3,84.3,84.27,84.27,13.0
2025-12-03,20:05:00,84.29,84.29,84.24,84.26,26.0
2025-12-03,20:10:00,84.25,84.25,84.21,84.21,43.0
2025-12-03,20:15:00,84.21,84.21,83.98,84.0,168.0
2025-12-03,20:20:00,83.99,83.99,83.84,83.92,168.0
2025-12-03,20:25:00,83.93,84.04,83.9,83.97,38.0
2025-12-03,20:30:00,83.9,83.98,83.87,83.89,157.0
2025-12-03,20:35:00,83.91,83.91,83.75,83.76,86.0
2025-12-03,20:40:00,83.74,83.78,83.7,83.7,116.0
2025-12-03,20:45:00,83.68,83.78,83.61,83.78,60.0
2025-12-03,20:50:00,83.76,83.8,83.76,83.8,32.0
2025-12-03,20:55:00,83.82,83.86,83.79,83.8,127.0
2025-12-03,21:00:00,83.79,83.81,83.71,83.77,254.0
2025-12-03,21:05:00,83.79,83.9,83.78,83.9,181.0
2025-12-03,21:10:00,83.88,83.92,83.84,83.88,84.0
2025-12-03,21:15:00,83.88,83.91,83.8,83.91,39.0
2025-12-03,21:20:00,83.9,83.95,83.9,83.95,55.0
2025-12-03,21:25:00,83.92,83.92,83.86,83.9,36.0
2025-12-03,21:30:00,83.9,83.91,83.78,83.79,28.0
2025-12-03,21:35:00,83.78,83.78,83.7,83.7,16.0
2025-12-03,21:40:00,83.74,83.75,83.73,83.74,30.0
2025-12-03,21:45:00,83.74,83.85,83.74,83.75,66.0
2025-12-03,21:50:00,83.75,83.79,83.63,83.64,38.0
2025-12-03,21:55:00,83.65,83.68,83.62,83.68,92.0
2025-12-03,22:00:00,83.66,83.66,83.52,83.52,236.0
2025-12-03,22:05:00,83.53,83.53,83.44,83.45,144.0
2025-12-03,22:10:00,83.46,83.49,83.43,83.48,78.0
2025-12-03,22:15:00,83.48,83.55,83.46,83.55,174.0
2025-12-03,22:20:00,83.55,83.66,83.55,83.55,236.0
2025-12-03,22:25:00,83.63,83.68,83.59,83.63,41.0
2025-12-03,22:30:00,83.62,83.65,83.6,83.6,79.0
2025-12-03,22:35:00,83.6,83.64,83.6,83.63,33.0
2025-12-03,22:40:00,83.61,83.66,83.6,83.66,68.0
2025-12-03,22:45:00,83.65,83.67,83.64,83.67,7.0
2025-12-03,22:50:00,83.68,83.88,83.68,83.87,169.0
2025-12-03,22:55:00,83.9,83.92,83.85,83.87,28.0
2025-12-03,23:00:00,83.89,83.92,83.8,83.8,89.0
2025-12-03,23:05:00,83.81,83.85,83.75,83.82,22.0
2025-12-03,23:10:00,83.83,83.94,83.83,83.94,42.0
2025-12-03,23:15:00,83.94,83.97,83.88,83.92,40.0
2025-12-03,23:20:00,83.92,83.94,83.88,83.91,43.0
2025-12-03,23:25:00,83.91,83.93,83.89,83.92,36.0
2025-12-03,23:30:00,83.95,84.0,83.93,83.97,54.0
2025-12-03,23:35:00,83.99,84.04,83.97,83.97,42.0
2025-12-03,23:40:00,83.98,83.98,83.87,83.87,53.0
2025-12-03,23:45:00,83.87,83.94,83.87,83.93,45.0
2025-12-03,23:50:00,83.95,84.05,83.93,84.0,123.0
2025-12-03,23:55:00,84.0,84.02,83.9,83.91,134.0
2025-12-04,00:00:00,83.9,84.03,83.87,83.94,120.0
2025-12-04,00:05:00,83.94,84.06,83.94,84.0,149.0
2025-12-04,00:10:00,84.02,84.04,83.95,83.98,64.0
2025-12-04,00:15:00,83.99,84.02,83.95,83.95,67.0
2025-12-04,00:20:00,83.95,84.01,83.9,83.92,103.0
2025-12-04,00:25:00,83.95,83.98,83.95,83.95,28.0
2025-12-04,00:30:00,83.96,84.05,83.96,84.05,109.0
2025-12-04,00:35:00,84.05,84.07,83.94,83.94,62.0
2025-12-04,00:40:00,83.91,83.95,83.9,83.92,28.0
2025-12-04,00:45:00,83.89,83.9,83.83,83.84,34.0
2025-12-04,00:50:00,83.85,83.85,83.78,83.81,18.0
2025-12-04,00:55:00,83.8,83.8,83.73,83.75,28.0
2025-12-04,15:00:00,83.74,83.74,83.49,83.67,36.0
2025-12-04,15:05:00,83.65,83.66,83.61,83.61,19.0
2025-12-04,15:10:00,83.6,83.61,83.6,83.61,2.0
2025-12-04,15:15:00,83.64,83.64,83.6,83.6,14.0
2025-12-04,15:20:00,83.58,83.62,83.58,83.6,5.0
2025-12-04,15:25:00,83.61,83.68,83.61,83.66,8.0
2025-12-04,15:30:00,83.68,83.7,83.65,83.65,31.0
2025-12-04,15:35:00,83.67,83.67,83.66,83.67,12.0
2025-12-04,15:40:00,83.62,83.66,83.57,83.59,32.0
2025-12-04,15:45:00,83.57,83.59,83.5,83.57,38.0
2025-12-04,15:50:00,83.5,83.52,83.5,83.52,55.0
2025-12-04,15:55:00,83.53,83.66,83.53,83.66,18.0
2025-12-04,16:00:00,83.74,83.82,83.71,83.75,59.0
2025-12-04,16:05:00,83.8,83.86,83.77,83.8,45.0
2025-12-04,16:10:00,83.79,83.92,83.79,83.9,13.0
2025-12-04,16:15:00,83.88,83.88,83.88,83.88,6.0
2025-12-04,16:20:00,83.87,83.91,83.75,83.76,27.0
2025-12-04,16:25:00,83.76,83.77,83.7,83.7,24.0
2025-12-04,16:30:00,83.66,83.76,83.66,83.68,67.0
2025-12-04,16:35:00,83.66,83.8,83.66,83.78,84.0
2025-12-04,16:40:00,83.79,83.8,83.73,83.75,11.0
2025-12-04,16:45:00,83.73,83.76,83.69,83.75,57.0
2025-12-04,16:50:00,83.73,83.81,83.73,83.81,40.0
2025-12-04,16:55:00,83.84,83.89,83.84,83.86,37.0
2025-12-04,17:00:00,83.85,83.85,83.63,83.64,109.0
2025-12-04,17:05:00,83.64,83.68,83.62,83.62,75.0
2025-12-04,17:10:00,83.62,83.7,83.62,83.68,65.0
2025-12-04,17:15:00,83.7,83.71,83.57,83.57,30.0
2025-12-04,17:20:00,83.55,83.55,83.48,83.51,135.0
2025-12-04,17:25:00,83.51,83.62,83.51,83.59,63.0
2025-12-04,17:30:00,83.58,83.6,83.57,83.59,120.0
2025-12-04,17:35:00,83.57,83.61,83.57,83.59,68.0
2025-12-04,17:40:00,83.58,83.63,83.58,83.6,54.0
2025-12-04,17:45:00,83.57,83.62,83.57,83.62,31.0
2025-12-04,17:50:00,83.61,83.65,83.6,83.61,25.0
2025-12-04,17:55:00,83.6,83.65,83.58,83.6,117.0
2025-12-04,18:00:00,83.6,84.14,83.6,84.05,284.0
2025-12-04,18:05:00,84.1,84.1,83.99,84.0,69.0
2025-12-04,18:10:00,84.0,84.01,83.94,83.96,114.0
2025-12-04,18:15:00,83.97,84.01,83.95,83.97,45.0
2025-12-04,18:20:00,83.97,83.97,83.83,83.83,65.0
2025-12-04,18:25:00,83.82,83.84,83.82,83.84,23.0
2025-12-04,18:30:00,83.87,83.89,83.83,83.89,25.0
2025-12-04,18:35:00,83.89,83.89,83.85,83.87,17.0
2025-12-04,18:40:00,83.85,83.9,83.85,83.9,79.0
2025-12-04,18:45:00,83.92,84.05,83.87,84.05,82.0
2025-12-04,18:50:00,84.04,84.04,83.9,83.9,25.0
2025-12-04,18:55:00,83.85,83.87,83.85,83.86,3.0
2025-12-04,19:00:00,83.82,83.86,83.82,83.86,14.0
2025-12-04,19:05:00,83.8,83.8,83.62,83.62,31.0
2025-12-04,19:10:00,83.68,83.72,83.62,83.62,206.0
2025-12-04,19:15:00,83.63,83.67,83.55,83.65,41.0
2025-12-04,19:20:00,83.65,83.79,83.65,83.72,49.0
2025-12-04,19:25:00,83.72,83.78,83.7,83.78,45.0
2025-12-04,19:30:00,83.76,83.77,83.74,83.76,8.0
2025-12-04,19:35:00,83.76,83.9,83.76,83.9,44.0
2025-12-04,19:40:00,83.81,83.83,83.7,83.8,47.0
2025-12-04,19:45:00,83.75,83.79,83.73,83.78,27.0
2025-12-04,19:50:00,83.79,83.87,83.79,83.83,45.0
2025-12-04,19:55:00,83.85,83.93,83.85,83.93,21.0
2025-12-04,20:00:00,83.91,83.91,83.73,83.77,76.0
2025-12-04,20:05:00,83.81,83.81,83.77,83.79,17.0
2025-12-04,20:10:00,83.74,83.83,83.74,83.83,25.0
2025-12-04,20:15:00,83.81,83.81,83.81,83.81,3.0
2025-12-04,20:20:00,83.8,83.8,83.8,83.8,1.0
2025-12-04,20:25:00,83.78,83.8,83.67,83.67,24.0
2025-12-04,20:30:00,83.67,83.68,83.63,83.65,21.0
2025-12-04,20:35:00,83.65,83.81,83.65,83.81,47.0
2025-12-04,20:40:00,83.78,83.85,83.77,83.85,33.0
2025-12-04,20:45:00,83.86,83.88,83.82,83.82,107.0
2025-12-04,20:50:00,83.82,83.85,83.8,83.85,31.0
2025-12-04,20:55:00,83.85,83.95,83.8,83.89,117.0
2025-12-04,21:00:00,83.93,84.05,83.9,84.0,179.0
2025-12-04,21:05:00,84.0,84.17,84.0,84.11,116.0
2025-12-04,21:10:00,84.12,84.17,84.1,84.15,74.0
2025-12-04,21:15:00,84.19,84.43,84.19,84.4,200.0
2025-12-04,21:20:00,84.4,84.4,84.31,84.38,39.0
2025-12-04,21:25:00,84.35,84.42,84.35,84.4,50.0
2025-12-04,21:30:00,84.39,84.53,84.39,84.5,190.0
2025-12-04,21:35:00,84.54,84.59,84.42,84.54,118.0
2025-12-04,21:40:00,84.55,84.55,84.37,84.38,171.0
2025-12-04,21:45:00,84.37,84.42,84.29,84.42,88.0
2025-12-04,21:50:00,84.43,84.48,84.33,84.35,96.0
2025-12-04,21:55:00,84.38,84.5,84.37,84.38,88.0
2025-12-04,22:00:00,84.39,84.44,84.36,84.4,66.0
2025-12-04,22:05:00,84.41,84.46,84.33,84.37,48.0
2025-12-04,22:10:00,84.39,84.4,84.27,84.35,90.0
2025-12-04,22:15:00,84.36,84.4,84.35,84.37,106.0
2025-12-04,22:20:00,84.37,84.4,84.36,84.37,41.0
2025-12-04,22:25:00,84.36,84.51,84.35,84.48,158.0
2025-12-04,22:30:00,84.46,84.51,84.37,84.37,114.0
2025-12-04,22:35:00,84.38,84.41,84.32,84.38,91.0
2025-12-04,22:40:00,84.37,84.37,84.27,84.33,99.0
2025-12-04,22:45:00,84.33,84.43,84.29,84.4,111.0
2025-12-04,22:50:00,84.39,84.44,84.36,84.36,101.0
2025-12-04,22:55:00,84.36,84.37,84.31,84.31,64.0
2025-12-04,23:00:00,84.31,84.42,84.31,84.4,48.0
2025-12-04,23:05:00,84.39,84.81,84.39,84.67,147.0
2025-12-04,23:10:00,84.66,84.71,84.63,84.66,81.0
2025-12-04,23:15:00,84.67,84.75,84.63,84.71,117.0
2025-12-04,23:20:00,84.71,84.75,84.68,84.68,166.0
2025-12-04,23:25:00,84.68,84.71,84.61,84.71,82.0
2025-12-04,23:30:00,84.67,84.87,84.67,84.77,81.0
2025-12-04,23:35:00,84.77,84.83,84.71,84.73,92.0
2025-12-04,23:40:00,84.73,84.76,84.68,84.72,198.0
2025-12-04,23:45:00,84.72,84.77,84.7,84.73,78.0
2025-12-04,23:50:00,84.72,84.79,84.66,84.69,121.0
2025-12-04,23:55:00,84.7,84.71,84.61,84.71,155.0
2025-12-05,00:00:00,84.71,84.74,84.64,84.67,171.0
2025-12-05,00:05:00,84.67,84.71,84.58,84.58,222.0
2025-12-05,00:10:00,84.62,84.66,84.6,84.65,282.0
2025-12-05,00:15:00,84.66,84.74,84.65,84.74,94.0
2025-12-05,00:20:00,84.74,84.76,84.67,84.71,72.0
2025-12-05,00:25:00,84.7,84.7,84.64,84.68,60.0
2025-12-05,00:30:00,84.68,84.71,84.66,84.66,42.0
2025-12-05,00:35:00,84.67,84.67,84.62,84.64,21.0
2025-12-05,00:40:00,84.63,84.71,84.63,84.69,18.0
2025-12-05,00:45:00,84.69,84.7,84.65,84.69,51.0
2025-12-05,00:50:00,84.66,84.66,84.62,84.64,10.0
2025-12-05,00:55:00,84.65,84.7,84.64,84.7,53.0
2025-12-05,15:00:00,84.67,84.71,84.6,84.67,22.0
2025-12-05,15:05:00,84.65,84.68,84.65,84.66,23.0
2025-12-05,15:10:00,84.69,84.7,84.69,84.7,3.0
2025-12-05,15:15:00,84.73,84.73,84.71,84.71,3.0
2025-12-05,15:20:00,84.71,84.83,84.71,84.83,39.0
2025-12-05,15:25:00,84.84,84.84,84.76,84.76,18.0
2025-12-05,15:30:00,84.7,84.7,84.62,84.62,19.0
2025-12-05,15:35:00,84.68,84.68,84.57,84.61,72.0
2025-12-05,15:40:00,84.57,84.57,84.5,84.55,25.0
2025-12-05,15:45:00,84.51,84.55,84.51,84.55,3.0
2025-12-05,15:50:00,84.65,84.68,84.63,84.68,52.0
2025-12-05,15:55:00,84.71,84.71,84.6,84.6,14.0
2025-12-05,16:00:00,84.66,84.94,84.64,84.73,148.0
2025-12-05,16:05:00,84.71,84.71,84.65,84.7,49.0
2025-12-05,16:10:00,84.71,84.72,84.65,84.7,79.0
2025-12-05,16:15:00,84.72,84.73,84.68,84.72,187.0
2025-12-05,16:20:00,84.68,84.72,84.59,84.59,102.0
2025-12-05,16:25:00,84.64,84.64,84.63,84.63,2.0
2025-12-05,16:30:00,84.63,84.73,84.63,84.71,35.0
2025-12-05,16:35:00,84.67,84.72,84.61,84.61,31.0
2025-12-05,16:40:00,84.65,84.67,84.57,84.57,12.0
2025-12-05,16:45:00,84.61,84.72,84.54,84.72,162.0
2025-12-05,16:50:00,84.71,84.74,84.68,84.68,42.0
2025-12-05,16:55:00,84.68,84.69,84.64,84.68,53.0
2025-12-05,17:00:00,84.67,84.67,84.56,84.57,65.0
2025-12-05,17:05:00,84.55,84.6,84.51,84.6,37.0
2025-12-05,17:10:00,84.6,84.64,84.57,84.57,25.0
2025-12-05,17:15:00,84.5,84.52,84.48,84.5,52.0
2025-12-05,17:20:00,84.5,84.58,84.49,84.57,44.0
2025-12-05,17:25:00,84.57,84.57,84.5,84.5,27.0
2025-12-05,17:30:00,84.48,84.53,84.44,84.45,87.0
2025-12-05,17:35:00,84.44,84.46,84.41,84.42,70.0
2025-12-05,17:40:00,84.43,84.43,84.37,84.41,29.0
2025-12-05,17:45:00,84.42,84.45,84.33,84.38,262.0
2025-12-05,17:50:00,84.36,84.44,84.35,84.44,83.0
2025-12-05,17:55:00,84.42,84.45,84.4,84.4,53.0
2025-12-05,18:00:00,84.4,84.52,84.37,84.52,76.0
2025-12-05,18:05:00,84.6,84.74,84.6,84.7,101.0
2025-12-05,18:10:00,84.66,84.67,84.6,84.6,23.0
2025-12-05,18:15:00,84.58,84.6,84.51,84.53,56.0
2025-12-05,18:20:00,84.52,84.58,84.5,84.58,78.0
2025-12-05,18:25:00,84.6,84.65,84.58,84.65,51.0
2025-12-05,18:30:00,84.62,84.67,84.62,84.66,53.0
2025-12-05,18:35:00,84.67,84.68,84.59,84.64,29.0
2025-12-05,18:40:00,84.62,84.7,84.62,84.65,118.0
2025-12-05,18:45:00,84.67,84.67,84.63,84.63,13.0
2025-12-05,18:50:00,84.58,84.64,84.58,84.63,37.0
2025-12-05,18:55:00,84.65,84.71,84.65,84.69,50.0
2025-12-05,19:00:00,84.68,84.71,84.67,84.69,31.0
2025-12-05,19:05:00,84.69,84.69,84.62,84.67,32.0
2025-12-05,19:10:00,84.68,84.68,84.59,84.65,85.0
2025-12-05,19:15:00,84.65,84.65,84.32,84.36,115.0
2025-12-05,19:20:00,84.36,84.46,84.36,84.45,87.0
2025-12-05,19:25:00,84.48,84.54,84.47,84.54,24.0
2025-12-05,19:30:00,84.56,84.6,84.54,84.59,76.0
2025-12-05,19:35:00,84.58,84.59,84.57,84.57,6.0
2025-12-05,19:40:00,84.54,84.54,84.47,84.47,34.0
2025-12-05,19:45:00,84.45,84.5,84.4,84.4,89.0
2025-12-05,19:50:00,84.4,84.44,84.4,84.44,10.0
2025-12-05,19:55:00,84.43,84.46,84.42,84.46,50.0
2025-12-05,20:00:00,84.43,84.5,84.4,84.47,99.0
2025-12-05,20:05:00,84.43,84.45,84.31,84.34,43.0
2025-12-05,20:10:00,84.34,84.46,84.34,84.46,86.0
2025-12-05,20:15:00,84.47,84.48,84.45,84.47,19.0
2025-12-05,20:20:00,84.46,84.46,84.36,84.44,55.0
2025-12-05,20:25:00,84.42,84.42,84.3,84.38,21.0
2025-12-05,20:30:00,84.38,84.41,84.33,84.38,78.0
2025-12-05,20:35:00,84.37,84.45,84.37,84.41,71.0
2025-12-05,20:40:00,84.4,84.44,84.4,84.4,27.0
2025-12-05,20:45:00,84.4,84.45,84.4,84.4,136.0
2025-12-05,20:50:00,84.4,84.42,84.4,84.4,110.0
2025-12-05,20:55:00,84.42,84.43,84.27,84.27,47.0
2025-12-05,21:00:00,84.27,84.38,84.21,84.27,127.0
2025-12-05,21:05:00,84.27,84.3,84.23,84.3,60.0
2025-12-05,21:10:00,84.28,84.28,84.22,84.24,74.0
2025-12-05,21:15:00,84.24,84.28,84.24,84.25,23.0
2025-12-05,21:20:00,84.25,84.3,84.25,84.25,24.0
2025-12-05,21:25:00,84.25,84.25,84.13,84.15,165.0
2025-12-05,21:30:00,84.15,84.19,84.1,84.13,75.0
2025-12-05,21:35:00,84.13,84.13,84.0,84.03,109.0
2025-12-05,21:40:00,84.03,84.03,84.0,84.0,57.0
2025-12-05,21:45:00,84.0,84.1,83.97,84.04,65.0
2025-12-05,21:50:00,84.02,84.09,84.01,84.01,52.0
2025-12-05,21:55:00,83.98,84.03,83.96,84.01,51.0
2025-12-05,22:00:00,84.01,84.05,83.97,84.02,72.0
2025-12-05,22:05:00,84.01,84.09,83.83,84.05,148.0
2025-12-05,22:10:00,84.05,84.05,84.0,84.01,44.0
2025-12-05,22:15:00,84.0,84.0,83.92,83.97,54.0
2025-12-05,22:20:00,83.97,84.03,83.94,84.0,27.0
2025-12-05,22:25:00,84.01,84.05,83.93,83.93,122.0
2025-12-05,22:30:00,83.95,84.05,83.95,84.0,116.0
2025-12-05,22:35:00,84.0,84.05,83.96,84.03,56.0
2025-12-05,22:40:00,84.03,84.23,84.03,84.11,92.0
2025-12-05,22:45:00,84.1,84.1,84.02,84.07,37.0
2025-12-05,22:50:00,84.07,84.07,83.91,83.96,69.0
2025-12-05,22:55:00,83.97,84.09,83.95,84.09,47.0
2025-12-05,23:00:00,84.07,84.1,84.02,84.05,89.0
2025-12-05,23:05:00,84.04,84.06,83.95,84.0,88.0
2025-12-05,23:10:00,84.0,84.13,84.0,84.09,55.0
2025-12-05,23:15:00,84.06,84.2,84.05,84.1,102.0
2025-12-05,23:20:00,84.1,84.21,84.04,84.19,56.0
2025-12-05,23:25:00,84.16,84.21,84.15,84.18,87.0
2025-12-05,23:30:00,84.19,84.25,84.16,84.17,57.0
2025-12-05,23:35:00,84.16,84.2,84.12,84.15,28.0
2025-12-05,23:40:00,84.15,84.16,84.12,84.14,48.0
2025-12-05,23:45:00,84.14,84.15,84.05,84.1,49.0
2025-12-05,23:50:00,84.1,84.23,84.07,84.23,33.0
2025-12-05,23:55:00,84.25,84.29,84.16,84.16,94.0
2025-12-06,00:00:00,84.17,84.23,84.15,84.21,74.0
2025-12-06,00:05:00,84.19,84.3,84.19,84.22,143.0
2025-12-06,00:10:00,84.22,84.23,84.0,84.0,78.0
2025-12-06,00:15:00,83.98,84.04,83.9,84.0,138.0
2025-12-06,00:20:00,84.0,84.05,83.99,84.02,59.0
2025-12-06,00:25:00,84.02,84.06,83.99,84.0,49.0
2025-12-06,00:30:00,84.0,84.02,83.98,84.02,50.0
2025-12-06,00:35:00,84.02,84.1,84.02,84.07,43.0
2025-12-06,00:40:00,84.07,84.1,84.05,84.09,38.0
2025-12-06,00:45:00,84.08,84.08,83.96,83.99,53.0
2025-12-06,00:50:00,83.98,83.99,83.96,83.99,33.0
2025-12-06,00:55:00,84.0,84.0,83.9,83.9,97.0
2025-12-08,15:00:00,83.91,84.0,83.88,83.95,35.0
2025-12-08,15:05:00,83.92,83.99,83.92,83.97,19.0
2025-12-08,15:10:00,84.04,84.09,84.04,84.07,26.0
2025-12-08,15:15:00,84.11,84.16,84.11,84.15,13.0
2025-12-08,15:20:00,84.1,84.1,84.05,84.05,14.0
2025-12-08,15:25:00,84.09,84.15,84.08,84.15,15.0
2025-12-08,15:30:00,84.15,84.3,84.15,84.3,19.0
2025-12-08,15:35:00,84.3,84.45,84.3,84.45,80.0
2025-12-08,15:40:00,84.45,84.45,84.39,84.39,54.0
2025-12-08,15:45:00,84.38,84.42,84.37,84.42,25.0
2025-12-08,15:50:00,84.42,84.45,84.42,84.44,46.0
2025-12-08,15:55:00,84.44,84.45,84.32,84.32,36.0
2025-12-08,16:00:00,84.29,84.45,84.29,84.43,18.0
2025-12-08,16:05:00,84.45,84.46,84.41,84.42,23.0
2025-12-08,16:10:00,84.4,84.48,84.33,84.44,54.0
2025-12-08,16:15:00,84.41,84.44,84.36,84.43,40.0
2025-12-08,16:20:00,84.43,84.44,84.32,84.34,58.0
2025-12-08,16:25:00,84.34,84.37,84.26,84.35,67.0
2025-12-08,16:30:00,84.37,84.53,84.37,84.44,201.0
2025-12-08,16:35:00,84.46,84.48,84.37,84.43,48.0
2025-12-08,16:40:00,84.41,84.41,84.31,84.31,36.0
2025-12-08,16:45:00,84.3,84.31,84.22,84.22,55.0
2025-12-08,16:50:00,84.21,84.28,84.19,84.25,90.0
2025-12-08,16:55:00,84.22,84.24,84.13,84.21,91.0
2025-12-08,17:00:00,84.21,84.26,84.1,84.16,73.0
2025-12-08,17:05:00,84.17,84.18,84.07,84.09,40.0
2025-12-08,17:10:00,84.08,84.09,84.06,84.09,73.0
2025-12-08,17:15:00,84.08,84.12,84.04,84.06,47.0
2025-12-08,17:20:00,84.08,84.11,84.04,84.04,50.0
2025-12-08,17:25:00,84.04,84.14,84.04,84.13,39.0
2025-12-08,17:30:00,84.12,84.15,84.08,84.15,48.0
2025-12-08,17:35:00,84.16,84.27,84.12,84.12,83.0
2025-12-08,17:40:00,84.12,84.19,84.09,84.19,35.0
2025-12-08,17:45:00,84.18,84.29,84.17,84.24,56.0
2025-12-08,17:50:00,84.24,84.3,84.24,84.24,51.0
2025-12-08,17:55:00,84.25,84.33,84.22,84.29,51.0
2025-12-08,18:00:00,84.3,84.45,84.26,84.44,106.0
2025-12-08,18:05:00,84.44,84.61,84.44,84.58,123.0
2025-12-08,18:10:00,84.57,84.62,84.56,84.6,64.0
2025-12-08,18:15:00,84.57,84.57,84.48,84.53,55.0
2025-12-08,18:20:00,84.51,84.53,84.42,84.42,19.0
2025-12-08,18:25:00,84.43,84.61,84.42,84.55,47.0
2025-12-08,18:30:00,84.55,84.62,84.55,84.6,50.0
2025-12-08,18:35:00,84.62,84.71,84.62,84.69,81.0
2025-12-08,18:40:00,84.66,84.69,84.62,84.62,63.0
2025-12-08,18:45:00,84.63,84.69,84.63,84.66,95.0
2025-12-08,18:50:00,84.68,84.69,84.65,84.68,34.0
2025-12-08,18:55:00,84.69,84.72,84.67,84.67,19.0
2025-12-08,19:00:00,84.71,84.81,84.68,84.76,117.0
2025-12-08,19:05:00,84.75,84.78,84.74,84.74,62.0
2025-12-08,19:10:00,84.74,84.75,84.69,84.69,45.0
2025-12-08,19:15:00,84.7,84.71,84.69,84.69,33.0
2025-12-08,19:20:00,84.68,84.68,84.6,84.65,38.0
2025-12-08,19:25:00,84.65,84.66,84.6,84.65,34.0
2025-12-08,19:30:00,84.7,84.73,84.64,84.64,60.0
2025-12-08,19:35:00,84.66,84.69,84.63,84.69,29.0
2025-12-08,19:40:00,84.69,84.69,84.67,84.67,34.0
2025-12-08,19:45:00,84.65,84.65,84.55,84.58,35.0
2025-12-08,19:50:00,84.56,84.56,84.44,84.53,104.0
2025-12-08,19:55:00,84.55,84.58,84.54,84.55,68.0
2025-12-08,20:00:00,84.56,84.61,84.56,84.61,22.0
2025-12-08,20:05:00,84.58,84.62,84.57,84.58,60.0
2025-12-08,20:10:00,84.59,84.69,84.59,84.65,95.0
2025-12-08,20:15:00,84.63,84.64,84.61,84.63,37.0
2025-12-08,20:20:00,84.62,84.65,84.62,84.65,41.0
2025-12-08,20:25:00,84.65,84.73,84.65,84.69,45.0
2025-12-08,20:30:00,84.67,84.67,84.5,84.53,105.0
2025-12-08,20:35:00,84.53,84.55,84.5,84.51,39.0
2025-12-08,20:40:00,84.51,84.59,84.49,84.53,42.0
2025-12-08,20:45:00,84.53,84.56,84.5,84.5,40.0
2025-12-08,20:50:00,84.51,84.54,84.48,84.5,49.0
2025-12-08,20:55:00,84.5,84.6,84.5,84.56,94.0
2025-12-08,21:00:00,84.56,84.58,84.52,84.52,116.0
2025-12-08,21:05:00,84.52,84.6,84.52,84.54,68.0
2025-12-08,21:10:00,84.54,84.54,84.49,84.49,35.0
2025-12-08,21:15:00,84.49,84.49,84.4,84.41,50.0
2025-12-08,21:20:00,84.44,84.46,84.38,84.42,58.0
2025-12-08,21:25:00,84.41,84.43,84.37,84.38,42.0
2025-12-08,21:30:00,84.4,84.54,84.38,84.48,46.0
2025-12-08,21:35:00,84.47,84.54,84.46,84.47,93.0
2025-12-08,21:40:00,84.46,84.59,84.46,84.58,143.0
2025-12-08,21:45:00,84.59,84.59,84.51,84.55,81.0
2025-12-08,21:50:00,84.55,84.55,84.49,84.5,38.0
2025-12-08,21:55:00,84.49,84.53,84.47,84.49,32.0
2025-12-08,22:00:00,84.5,84.5,84.46,84.46,34.0
2025-12-08,22:05:00,84.48,84.55,84.46,84.55,38.0
2025-12-08,22:10:00,84.54,84.6,84.54,84.57,67.0
2025-12-08,22:15:00,84.59,84.67,84.57,84.64,76.0
2025-12-08,22:20:00,84.66,84.69,84.64,84.69,184.0
2025-12-08,22:25:00,84.69,84.73,84.68,84.68,56.0
2025-12-08,22:30:00,84.68,84.7,84.62,84.69,63.0
2025-12-08,22:35:00,84.69,84.76,84.61,84.63,144.0
2025-12-08,22:40:00,84.61,84.64,84.58,84.6,155.0
2025-12-08,22:45:00,84.61,84.68,84.6,84.6,92.0
2025-12-08,22:50:00,84.6,84.63,84.59,84.61,58.0
2025-12-08,22:55:00,84.61,84.61,84.57,84.58,37.0
2025-12-08,23:00:00,84.57,84.59,84.52,84.52,79.0
2025-12-08,23:05:00,84.53,84.55,84.44,84.44,157.0
2025-12-08,23:10:00,84.41,84.53,84.4,84.4,84.0
2025-12-08,23:15:00,84.4,84.42,84.37,84.38,68.0
2025-12-08,23:20:00,84.38,84.41,84.35,84.35,64.0
2025-12-08,23:25:00,84.35,84.37,84.34,84.35,47.0
2025-12-08,23:30:00,84.36,84.43,84.35,84.37,80.0
2025-12-08,23:35:00,84.37,84.38,84.34,84.35,45.0
2025-12-08,23:40:00,84.35,84.38,84.28,84.29,62.0
2025-12-08,23:45:00,84.29,84.39,84.29,84.38,93.0
2025-12-08,23:50:00,84.37,84.4,84.34,84.34,85.0
2025-12-08,23:55:00,84.34,84.34,84.27,84.27,115.0
2025-12-09,00:00:00,84.28,84.31,84.09,84.15,181.0
2025-12-09,00:05:00,84.15,84.27,84.15,84.22,193.0
2025-12-09,00:10:00,84.24,84.26,84.21,84.22,133.0
2025-12-09,00:15:00,84.23,84.23,84.16,84.17,47.0
2025-12-09,00:20:00,84.17,84.25,84.16,84.23,112.0
2025-12-09,00:25:00,84.23,84.25,84.17,84.21,72.0
2025-12-09,00:30:00,84.22,84.23,84.2,84.2,133.0
2025-12-09,00:35:00,84.2,84.24,84.16,84.16,77.0
2025-12-09,00:40:00,84.16,84.21,84.16,84.19,61.0
2025-12-09,00:45:00,84.2,84.23,84.17,84.2,56.0
2025-12-09,00:50:00,84.18,84.21,84.13,84.13,87.0
2025-12-09,00:55:00,84.12,84.19,84.1,84.17,82.0
2025-12-09,15:00:00,84.41,84.43,84.3,84.4,92.0
2025-12-09,15:05:00,84.42,84.44,84.42,84.42,10.0
2025-12-09,15:10:00,84.43,84.51,84.42,84.45,32.0
2025-12-09,15:15:00,84.45,84.45,84.38,84.39,53.0
2025-12-09,15:20:00,84.39,84.44,84.38,84.4,61.0
2025-12-09,15:25:00,84.39,84.39,84.38,84.38,41.0
2025-12-09,15:30:00,84.38,84.41,84.38,84.39,76.0
2025-12-09,15:35:00,84.38,84.48,84.38,84.38,49.0
2025-12-09,15:40:00,84.39,84.49,84.38,84.48,48.0
2025-12-09,15:45:00,84.48,84.61,84.46,84.57,183.0
2025-12-09,15:50:00,84.55,84.58,84.5,84.5,32.0
2025-12-09,15:55:00,84.5,84.59,84.49,84.54,48.0
2025-12-09,16:00:00,84.55,84.61,84.55,84.57,80.0
2025-12-09,16:05:00,84.58,84.59,84.51,84.54,107.0
2025-12-09,16:10:00,84.52,84.59,84.52,84.55,22.0
2025-12-09,16:15:00,84.58,84.7,84.58,84.68,201.0
2025-12-09,16:20:00,84.68,84.7,84.64,84.64,92.0
2025-12-09,16:25:00,84.64,84.67,84.63,84.67,43.0
2025-12-09,16:30:00,84.7,84.8,84.7,84.79,146.0
2025-12-09,16:35:00,84.79,84.8,84.75,84.75,75.0
2025-12-09,16:40:00,84.74,84.74,84.66,84.72,140.0
2025-12-09,16:45:00,84.74,84.85,84.71,84.83,130.0
2025-12-09,16:50:00,84.82,84.87,84.75,84.78,138.0
2025-12-09,16:55:00,84.78,84.79,84.7,84.72,113.0
2025-12-09,17:00:00,84.72,84.72,84.61,84.64,94.0
2025-12-09,17:05:00,84.66,84.66,84.57,84.57,64.0
2025-12-09,17:10:00,84.57,84.69,84.57,84.67,63.0
2025-12-09,17:15:00,84.66,84.69,84.6,84.62,69.0
2025-12-09,17:20:00,84.62,84.62,84.51,84.61,58.0
2025-12-09,17:25:00,84.62,84.62,84.56,84.59,46.0
2025-12-09,17:30:00,84.57,84.57,84.45,84.48,109.0
2025-12-09,17:35:00,84.47,84.49,84.41,84.45,63.0
2025-12-09,17:40:00,84.44,84.44,84.41,84.43,38.0
2025-12-09,17:45:00,84.43,84.46,84.41,84.46,74.0
2025-12-09,17:50:00,84.45,84.45,84.42,84.43,45.0
2025-12-09,17:55:00,84.43,84.51,84.41,84.49,216.0
2025-12-09,18:00:00,84.49,84.54,84.46,84.49,82.0
2025-12-09,18:05:00,84.48,84.48,84.31,84.34,440.0
2025-12-09,18:10:00,84.34,84.37,84.27,84.3,190.0
2025-12-09,18:15:00,84.3,84.31,84.25,84.26,189.0
2025-12-09,18:20:00,84.26,84.32,84.26,84.28,77.0
2025-12-09,18:25:00,84.27,84.32,84.25,84.32,197.0
2025-12-09,18:30:00,84.3,84.34,84.27,84.33,93.0
2025-12-09,18:35:00,84.33,84.33,84.26,84.26,25.0
2025-12-09,18:40:00,84.29,84.29,84.26,84.27,26.0
2025-12-09,18:45:00,84.27,84.29,84.26,84.28,71.0
2025-12-09,18:50:00,84.28,84.3,84.27,84.27,35.0
2025-12-09,18:55:00,84.27,84.29,84.27,84.29,17.0
2025-12-09,19:00:00,84.28,84.34,84.27,84.33,80.0
2025-12-09,19:05:00,84.34,84.39,84.33,84.39,139.0
2025-12-09,19:10:00,84.38,84.41,84.38,84.39,118.0
2025-12-09,19:15:00,84.4,84.45,84.4,84.42,116.0
2025-12-09,19:20:00,84.41,84.44,84.35,84.35,91.0
2025-12-09,19:25:00,84.35,84.44,84.35,84.44,71.0
2025-12-09,19:30:00,84.4,84.4,84.35,84.38,80.0
2025-12-09,19:35:00,84.37,84.39,84.35,84.39,66.0
2025-12-09,19:40:00,84.39,84.39,84.31,84.31,98.0
2025-12-09,19:45:00,84.3,84.37,84.3,84.35,77.0
2025-12-09,19:50:00,84.34,84.41,84.34,84.41,52.0
2025-12-09,19:55:00,84.42,84.46,84.41,84.44,44.0
2025-12-09,20:00:00,84.44,84.75,84.44,84.69,170.0
2025-12-09,20:05:00,84.66,84.71,84.66,84.69,54.0
2025-12-09,20:10:00,84.7,84.7,84.59,84.61,40.0
2025-12-09,20:15:00,84.59,84.64,84.57,84.62,57.0
2025-12-09,20:20:00,84.61,84.68,84.57,84.68,96.0
2025-12-09,20:25:00,84.68,84.7,84.63,84.63,45.0
2025-12-09,20:30:00,84.61,84.61,84.46,84.46,41.0
2025-12-09,20:35:00,84.45,84.54,84.45,84.52,53.0
2025-12-09,20:40:00,84.49,84.5,84.46,84.49,63.0
2025-12-09,20:45:00,84.48,84.5,84.48,84.5,38.0
2025-12-09,20:50:00,84.48,84.48,84.42,84.42,52.0
2025-12-09,20:55:00,84.42,84.43,84.38,84.4,83.0
2025-12-09,21:00:00,84.38,84.48,84.37,84.42,48.0
2025-12-09,21:05:00,84.38,84.44,84.38,84.39,86.0
2025-12-09,21:10:00,84.4,84.4,84.35,84.35,46.0
2025-12-09,21:15:00,84.36,84.39,84.36,84.39,49.0
2025-12-09,21:20:00,84.39,84.46,84.39,84.45,148.0
2025-12-09,21:25:00,84.44,84.44,84.4,84.4,52.0
2025-12-09,21:30:00,84.4,84.4,84.26,84.26,169.0
2025-12-09,21:35:00,84.26,84.26,84.13,84.17,578.0
2025-12-09,21:40:00,84.2,84.25,84.19,84.25,153.0
2025-12-09,21:45:00,84.27,84.32,84.23,84.23,66.0
2025-12-09,21:50:00,84.23,84.26,84.21,84.24,49.0
2025-12-09,21:55:00,84.24,84.33,84.24,84.25,60.0
2025-12-09,22:00:00,84.27,84.38,84.27,84.35,82.0
2025-12-09,22:05:00,84.36,84.37,84.31,84.36,59.0
2025-12-09,22:10:00,84.38,84.51,84.38,84.5,100.0
2025-12-09,22:15:00,84.49,84.5,84.42,84.49,52.0
2025-12-09,22:20:00,84.47,84.66,84.47,84.6,159.0
2025-12-09,22:25:00,84.61,84.62,84.5,84.54,51.0
2025-12-09,22:30:00,84.59,84.65,84.55,84.61,116.0
2025-12-09,22:35:00,84.61,84.85,84.61,84.84,250.0
2025-12-09,22:40:00,84.84,84.95,84.79,84.85,344.0
2025-12-09,22:45:00,84.88,84.99,84.86,84.99,144.0
2025-12-09,22:50:00,84.99,85.17,84.89,85.16,280.0
2025-12-09,22:55:00,85.17,85.18,85.08,85.15,274.0
2025-12-09,23:00:00,85.18,85.18,85.09,85.09,300.0
2025-12-09,23:05:00,85.1,85.17,85.07,85.15,137.0
2025-12-09,23:10:00,85.15,85.15,85.01,85.07,100.0
2025-12-09,23:15:00,85.05,85.07,84.92,85.04,147.0
2025-12-09,23:20:00,85.02,85.07,84.98,84.98,107.0
2025-12-09,23:25:00,84.97,85.03,84.95,85.01,84.0
2025-12-09,23:30:00,85.02,85.04,84.89,84.98,100.0
2025-12-09,23:35:00,84.98,85.13,84.98,85.13,61.0
2025-12-09,23:40:00,85.09,85.19,85.06,85.06,349.0
2025-12-09,23:45:00,85.06,85.06,85.02,85.05,45.0
2025-12-09,23:50:00,85.0,85.08,85.0,85.03,38.0
2025-12-09,23:55:00,85.05,85.06,85.02,85.03,42.0
2025-12-10,00:00:00,85.03,85.08,85.0,85.04,84.0
2025-12-10,00:05:00,85.04,85.2,85.04,85.2,272.0
2025-12-10,00:10:00,85.18,85.2,85.12,85.14,208.0
2025-12-10,00:15:00,85.11,85.11,85.02,85.03,77.0
2025-12-10,00:20:00,85.04,85.05,85.02,85.04,196.0
2025-12-10,00:25:00,85.04,85.07,84.94,84.96,100.0
2025-12-10,00:30:00,84.94,85.0,84.92,84.93,100.0
2025-12-10,00:35:00,84.94,84.97,84.91,84.97,39.0
2025-12-10,00:40:00,84.96,85.0,84.95,85.0,39.0
2025-12-10,00:45:00,84.99,85.01,84.98,84.98,41.0
2025-12-10,00:50:00,84.99,85.0,84.98,84.99,41.0
2025-12-10,00:55:00,84.99,85.0,84.94,84.94,48.0
2025-12-10,15:00:00,84.9,85.06,84.82,84.84,63.0
2025-12-10,15:05:00,84.85,84.91,84.85,84.86,18.0
2025-12-10,15:10:00,84.87,84.94,84.86,84.89,10.0
2025-12-10,15:15:00,84.89,84.96,84.88,84.96,9.0
2025-12-10,15:20:00,84.9,84.9,84.8,84.81,23.0
2025-12-10,15:25:00,84.82,84.87,84.8,84.87,15.0
2025-12-10,15:30:00,84.85,84.88,84.81,84.87,32.0
2025-12-10,15:35:00,84.85,84.91,84.85,84.88,15.0
2025-12-10,15:40:00,84.87,84.87,84.79,84.79,17.0
2025-12-10,15:45:00,84.79,84.83,84.78,84.83,22.0
2025-12-10,15:50:00,84.82,84.87,84.8,84.83,66.0
2025-12-10,15:55:00,84.79,84.8,84.76,84.79,37.0
2025-12-10,16:00:00,84.81,84.82,84.74,84.74,100.0
2025-12-10,16:05:00,84.76,84.79,84.68,84.68,57.0
2025-12-10,16:10:00,84.7,84.71,84.63,84.65,48.0
2025-12-10,16:15:00,84.66,84.7,84.62,84.62,116.0
2025-12-10,16:20:00,84.62,84.74,84.59,84.73,126.0
2025-12-10,16:25:00,84.7,84.75,84.68,84.75,49.0
2025-12-10,16:30:00,84.75,84.75,84.64,84.69,68.0
2025-12-10,16:35:00,84.7,84.83,84.7,84.73,72.0
2025-12-10,16:40:00,84.7,84.8,84.69,84.77,79.0
2025-12-10,16:45:00,84.78,84.79,84.7,84.77,49.0
2025-12-10,16:50:00,84.79,84.79,84.6,84.6,95.0
2025-12-10,16:55:00,84.6,84.67,84.58,84.65,46.0
2025-12-10,17:00:00,84.64,84.67,84.57,84.67,98.0
2025-12-10,17:05:00,84.68,84.71,84.65,84.7,53.0
2025-12-10,17:10:00,84.69,84.7,84.64,84.66,50.0
2025-12-10,17:15:00,84.64,84.67,84.62,84.65,96.0
2025-12-10,17:20:00,84.64,84.66,84.6,84.6,41.0
2025-12-10,17:25:00,84.6,84.66,84.6,84.64,74.0
2025-12-10,17:30:00,84.64,84.64,84.55,84.57,77.0
2025-12-10,17:35:00,84.57,84.6,84.57,84.58,91.0
2025-12-10,17:40:00,84.59,84.67,84.59,84.62,64.0
2025-12-10,17:45:00,84.64,84.67,84.64,84.66,45.0
2025-12-10,17:50:00,84.66,84.69,84.65,84.68,63.0
2025-12-10,17:55:00,84.7,84.72,84.67,84.69,76.0
2025-12-10,18:00:00,84.7,84.7,84.47,84.54,356.0
2025-12-10,18:05:00,84.54,84.56,84.45,84.45,128.0
2025-12-10,18:10:00,84.46,84.57,84.45,84.54,140.0
2025-12-10,18:15:00,84.54,84.63,84.54,84.61,125.0
2025-12-10,18:20:00,84.62,84.67,84.62,84.66,80.0
2025-12-10,18:25:00,84.65,84.65,84.56,84.58,201.0
2025-12-10,18:30:00,84.54,84.54,84.38,84.4,474.0
2025-12-10,18:35:00,84.4,84.43,84.35,84.37,184.0
2025-12-10,18:40:00,84.37,84.43,84.34,84.42,159.0
2025-12-10,18:45:00,84.41,84.44,84.37,84.37,163.0
2025-12-10,18:50:00,84.37,84.4,84.37,84.39,98.0
2025-12-10,18:55:00,84.39,84.4,84.33,84.35,69.0
2025-12-10,19:00:00,84.35,84.39,84.35,84.37,88.0
2025-12-10,19:05:00,84.35,84.42,84.35,84.37,66.0
2025-12-10,19:10:00,84.37,84.39,84.34,84.37,93.0
2025-12-10,19:15:00,84.36,84.36,84.28,84.3,131.0
2025-12-10,19:20:00,84.28,84.3,84.26,84.28,48.0
2025-12-10,19:25:00,84.27,84.28,84.26,84.26,153.0
2025-12-10,19:30:00,84.26,84.32,84.26,84.29,102.0
2025-12-10,19:35:00,84.29,84.33,84.28,84.3,42.0
2025-12-10,19:40:00,84.3,84.31,84.25,84.25,187.0
2025-12-10,19:45:00,84.25,84.28,84.25,84.28,55.0
2025-12-10,19:50:00,84.27,84.27,84.18,84.18,243.0
2025-12-10,19:55:00,84.18,84.24,84.18,84.24,155.0
2025-12-10,20:00:00,84.22,84.27,84.22,84.25,71.0
2025-12-10,20:05:00,84.25,84.27,84.24,84.25,42.0
2025-12-10,20:10:00,84.24,84.25,84.23,84.23,49.0
2025-12-10,20:15:00,84.24,84.25,84.22,84.22,75.0
2025-12-10,20:20:00,84.21,84.22,84.2,84.22,60.0
2025-12-10,20:25:00,84.22,84.41,84.22,84.4,158.0
2025-12-10,20:30:00,84.39,84.39,84.3,84.31,210.0
2025-12-10,20:35:00,84.31,84.34,84.31,84.34,92.0
2025-12-10,20:40:00,84.33,84.47,84.32,84.44,247.0
2025-12-10,20:45:00,84.46,84.7,84.45,84.69,279.0
2025-12-10,20:50:00,84.69,84.8,84.69,84.79,677.0
2025-12-10,20:55:00,84.76,84.95,84.75,84.88,515.0
2025-12-10,21:00:00,84.9,84.91,84.73,84.78,240.0
2025-12-10,21:05:00,84.78,84.87,84.76,84.82,161.0
2025-12-10,21:10:00,84.83,84.87,84.76,84.81,132.0
2025-12-10,21:15:00,84.81,84.84,84.78,84.8,73.0
2025-12-10,21:20:00,84.78,84.84,84.78,84.78,152.0
2025-12-10,21:25:00,84.79,84.79,84.68,84.73,110.0
2025-12-10,21:30:00,84.69,84.73,84.68,84.68,74.0
2025-12-10,21:35:00,84.68,84.74,84.68,84.68,86.0
2025-12-10,21:40:00,84.68,84.77,84.68,84.74,52.0
2025-12-10,21:45:00,84.74,84.77,84.71,84.74,142.0
2025-12-10,21:50:00,84.72,84.75,84.68,84.68,79.0
2025-12-10,21:55:00,84.68,84.69,84.41,84.44,437.0
2025-12-10,22:00:00,84.48,84.51,84.45,84.48,142.0
2025-12-10,22:05:00,84.48,84.49,84.35,84.36,170.0
2025-12-10,22:10:00,84.36,84.37,84.31,84.31,120.0
2025-12-10,22:15:00,84.32,84.32,84.24,84.28,181.0
2025-12-10,22:20:00,84.28,84.33,84.25,84.3,187.0
2025-12-10,22:25:00,84.3,84.34,84.26,84.27,82.0
2025-12-10,22:30:00,84.27,84.35,84.25,84.35,138.0
2025-12-10,22:35:00,84.35,84.46,84.33,84.42,89.0
2025-12-10,22:40:00,84.42,84.43,84.37,84.41,94.0
2025-12-10,22:45:00,84.41,84.43,84.32,84.41,119.0
2025-12-10,22:50:00,84.42,84.46,84.4,84.45,110.0
2025-12-10,22:55:00,84.45,84.53,84.45,84.52,98.0
2025-12-10,23:00:00,84.53,84.56,84.4,84.56,225.0
2025-12-10,23:05:00,84.58,84.65,84.57,84.65,209.0
2025-12-10,23:10:00,84.66,84.67,84.61,84.63,133.0
2025-12-10,23:15:00,84.63,84.7,84.63,84.68,75.0
2025-12-10,23:20:00,84.69,84.7,84.62,84.7,90.0
2025-12-10,23:25:00,84.69,84.72,84.68,84.68,92.0
2025-12-10,23:30:00,84.68,84.74,84.66,84.7,82.0
2025-12-10,23:35:00,84.7,84.71,84.64,84.66,67.0
2025-12-10,23:40:00,84.64,84.67,84.6,84.6,55.0
2025-12-10,23:45:00,84.6,84.62,84.55,84.6,91.0
2025-12-10,23:50:00,84.6,84.61,84.52,84.55,53.0
2025-12-10,23:55:00,84.55,84.61,84.54,84.54,53.0
2025-12-11,00:00:00,84.54,84.59,84.5,84.55,130.0
2025-12-11,00:05:00,84.56,84.74,84.56,84.71,216.0
2025-12-11,00:10:00,84.72,84.75,84.7,84.73,258.0
2025-12-11,00:15:00,84.71,84.75,84.7,84.7,130.0
2025-12-11,00:20:00,84.71,84.73,84.66,84.69,50.0
2025-12-11,00:25:00,84.68,84.8,84.68,84.79,188.0
2025-12-11,00:30:00,84.78,84.84,84.76,84.84,170.0
2025-12-11,00:35:00,84.81,84.92,84.81,84.92,101.0
2025-12-11,00:40:00,84.92,84.92,84.83,84.86,109.0
2025-12-11,00:45:00,84.85,84.86,84.82,84.85,139.0
2025-12-11,00:50:00,84.86,85.15,84.84,85.08,424.0
2025-12-11,00:55:00,85.07,85.19,85.07,85.12,357.0
2025-12-11,15:00:00,85.02,85.47,85.02,85.33,268.0
2025-12-11,15:05:00,85.32,85.35,85.25,85.27,75.0
2025-12-11,15:10:00,85.28,85.35,85.27,85.32,211.0
2025-12-11,15:15:00,85.31,85.37,85.29,85.31,136.0
2025-12-11,15:20:00,85.3,85.3,85.21,85.21,135.0
2025-12-11,15:25:00,85.16,85.21,85.12,85.21,83.0
2025-12-11,15:30:00,85.21,85.23,85.14,85.17,102.0
2025-12-11,15:35:00,85.17,85.25,85.17,85.22,64.0
2025-12-11,15:40:00,85.24,85.25,85.19,85.19,87.0
2025-12-11,15:45:00,85.2,85.25,85.18,85.25,43.0
2025-12-11,15:50:00,85.21,85.25,85.17,85.25,77.0
2025-12-11,15:55:00,85.24,85.25,85.09,85.09,95.0
2025-12-11,16:00:00,85.11,85.27,85.11,85.27,107.0
2025-12-11,16:05:00,85.25,85.28,85.16,85.23,126.0
2025-12-11,16:10:00,85.23,85.23,85.14,85.18,38.0
2025-12-11,16:15:00,85.19,85.29,85.19,85.24,60.0
2025-12-11,16:20:00,85.24,85.45,85.24,85.43,202.0
2025-12-11,16:25:00,85.45,85.51,85.39,85.39,425.0
2025-12-11,16:30:00,85.4,85.55,85.4,85.54,170.0
2025-12-11,16:35:00,85.53,85.85,85.53,85.75,639.0
2025-12-11,16:40:00,85.74,85.78,85.73,85.77,187.0
2025-12-11,16:45:00,85.77,85.77,85.57,85.6,257.0
2025-12-11,16:50:00,85.62,85.77,85.61,85.72,136.0
2025-12-11,16:55:00,85.72,85.76,85.7,85.72,237.0
2025-12-11,17:00:00,85.69,85.77,85.6,85.73,218.0
2025-12-11,17:05:00,85.73,85.77,85.7,85.73,141.0
2025-12-11,17:10:00,85.71,85.74,85.7,85.73,80.0
2025-12-11,17:15:00,85.73,85.9,85.71,85.86,268.0
2025-12-11,17:20:00,85.85,85.9,85.82,85.89,99.0
2025-12-11,17:25:00,85.88,85.9,85.81,85.81,128.0
2025-12-11,17:30:00,85.8,85.85,85.74,85.83,95.0
2025-12-11,17:35:00,85.82,85.91,85.78,85.91,192.0
2025-12-11,17:40:00,85.91,85.92,85.82,85.84,186.0
2025-12-11,17:45:00,85.84,85.93,85.84,85.91,167.0
2025-12-11,17:50:00,85.91,85.91,85.84,85.89,130.0
2025-12-11,17:55:00,85.9,86.1,85.9,86.08,333.0
2025-12-11,18:00:00,86.09,86.2,86.03,86.13,558.0
2025-12-11,18:05:00,86.13,86.14,86.08,86.13,164.0
2025-12-11,18:10:00,86.13,86.15,86.11,86.13,217.0
2025-12-11,18:15:00,86.14,86.15,86.07,86.14,126.0
2025-12-11,18:20:00,86.12,86.13,86.07,86.07,133.0
2025-12-11,18:25:00,86.07,86.07,85.94,85.95,308.0
2025-12-11,18:30:00,85.95,86.1,85.94,86.03,245.0
2025-12-11,18:35:00,86.03,86.08,86.01,86.01,128.0
2025-12-11,18:40:00,86.04,86.07,86.04,86.04,74.0
2025-12-11,18:45:00,86.04,86.13,86.04,86.11,132.0
2025-12-11,18:50:00,86.1,86.12,86.08,86.08,58.0
2025-12-11,18:55:00,86.07,86.09,86.03,86.05,115.0
2025-12-11,19:00:00,86.04,86.09,86.03,86.07,157.0
2025-12-11,19:05:00,86.07,86.1,86.03,86.05,86.0
2025-12-11,19:10:00,86.06,86.15,86.03,86.13,186.0
2025-12-11,19:15:00,86.13,86.13,86.03,86.03,97.0
2025-12-11,19:20:00,86.04,86.04,85.97,86.0,108.0
2025-12-11,19:25:00,85.98,86.04,85.97,86.01,109.0
2025-12-11,19:30:00,86.02,86.02,85.97,85.98,108.0
2025-12-11,19:35:00,85.98,86.1,85.98,86.06,96.0
2025-12-11,19:40:00,86.07,86.14,86.05,86.05,126.0
2025-12-11,19:45:00,86.04,86.07,86.01,86.05,91.0
2025-12-11,19:50:00,86.07,86.09,85.95,86.02,160.0
2025-12-11,19:55:00,86.05,86.08,86.03,86.08,29.0
2025-12-11,20:00:00,86.06,86.1,86.06,86.09,88.0
2025-12-11,20:05:00,86.09,86.09,86.0,86.0,114.0
2025-12-11,20:10:00,86.0,86.04,86.0,86.04,95.0
2025-12-11,20:15:00,86.02,86.03,85.95,86.03,87.0
2025-12-11,20:20:00,86.04,86.04,86.0,86.02,72.0
2025-12-11,20:25:00,86.03,86.07,86.01,86.04,35.0
2025-12-11,20:30:00,86.02,86.06,86.0,86.05,122.0
2025-12-11,20:35:00,86.06,86.06,86.0,86.03,37.0
2025-12-11,20:40:00,86.03,86.03,86.0,86.0,95.0
2025-12-11,20:45:00,86.0,86.07,86.0,86.0,164.0
2025-12-11,20:50:00,86.0,86.03,85.93,85.99,157.0
2025-12-11,20:55:00,85.99,86.05,85.97,86.01,126.0
2025-12-11,21:00:00,85.99,86.06,85.99,86.05,136.0
2025-12-11,21:05:00,86.03,86.16,86.03,86.09,292.0
2025-12-11,21:10:00,86.08,86.08,86.0,86.01,144.0
2025-12-11,21:15:00,86.0,86.02,85.97,85.97,162.0
2025-12-11,21:20:00,85.98,86.0,85.95,86.0,122.0
2025-12-11,21:25:00,86.0,86.0,85.91,85.91,88.0
2025-12-11,21:30:00,85.9,85.99,85.9,85.97,137.0
2025-12-11,21:35:00,85.97,86.0,85.93,85.97,93.0
2025-12-11,21:40:00,85.97,86.0,85.96,85.97,55.0
2025-12-11,21:45:00,85.97,85.97,85.9,85.92,93.0
2025-12-11,21:50:00,85.91,86.02,85.88,86.01,235.0
2025-12-11,21:55:00,86.02,86.09,86.0,86.04,174.0
2025-12-11,22:00:00,86.05,86.14,86.01,86.12,124.0
2025-12-11,22:05:00,86.12,86.5,86.11,86.46,1143.0
2025-12-11,22:10:00,86.48,86.48,86.43,86.45,334.0
2025-12-11,22:15:00,86.45,86.69,86.44,86.63,582.0
2025-12-11,22:20:00,86.63,86.64,86.45,86.52,391.0
2025-12-11,22:25:00,86.51,86.51,86.36,86.39,328.0
2025-12-11,22:30:00,86.39,86.45,86.38,86.41,255.0
2025-12-11,22:35:00,86.43,86.5,86.4,86.43,199.0
2025-12-11,22:40:00,86.43,86.5,86.42,86.49,252.0
2025-12-11,22:45:00,86.5,86.66,86.43,86.63,564.0
2025-12-11,22:50:00,86.64,86.64,86.49,86.52,210.0
2025-12-11,22:55:00,86.52,86.59,86.51,86.56,300.0
2025-12-11,23:00:00,86.56,86.65,86.54,86.6,306.0
2025-12-11,23:05:00,86.6,86.73,86.52,86.52,396.0
2025-12-11,23:10:00,86.52,86.57,86.45,86.54,171.0
2025-12-11,23:15:00,86.53,86.54,86.45,86.49,133.0
2025-12-11,23:20:00,86.49,86.52,86.35,86.35,160.0
2025-12-11,23:25:00,86.35,86.41,86.32,86.37,116.0
2025-12-11,23:30:00,86.39,86.47,86.38,86.38,127.0
2025-12-11,23:35:00,86.37,86.37,86.27,86.29,153.0
2025-12-11,23:40:00,86.28,86.33,86.28,86.3,97.0
2025-12-11,23:45:00,86.3,86.35,86.29,86.32,153.0
2025-12-11,23:50:00,86.33,86.35,86.29,86.29,131.0
2025-12-11,23:55:00,86.29,86.35,86.29,86.33,121.0
2025-12-12,00:00:00,86.31,86.35,86.22,86.23,460.0
2025-12-12,00:05:00,86.24,86.28,86.15,86.19,403.0
2025-12-12,00:10:00,86.19,86.23,86.18,86.22,314.0
2025-12-12,00:15:00,86.22,86.22,86.16,86.16,115.0
2025-12-12,00:20:00,86.17,86.23,86.15,86.18,146.0
2025-12-12,00:25:00,86.17,86.17,86.11,86.13,110.0
2025-12-12,00:30:00,86.16,86.16,86.11,86.15,138.0
2025-12-12,00:35:00,86.16,86.28,86.16,86.28,282.0
2025-12-12,00:40:00,86.28,86.33,86.25,86.26,182.0
2025-12-12,00:45:00,86.28,86.3,86.24,86.26,102.0
2025-12-12,00:50:00,86.26,86.31,86.26,86.29,86.0
2025-12-12,00:55:00,86.29,86.31,86.23,86.23,199.0
2025-12-12,15:00:00,86.41,86.55,86.23,86.37,636.0
2025-12-12,15:05:00,86.37,86.4,86.37,86.37,24.0
2025-12-12,15:10:00,86.33,86.43,86.33,86.4,61.0
2025-12-12,15:15:00,86.37,86.43,86.3,86.37,82.0
2025-12-12,15:20:00,86.35,86.4,86.28,86.28,62.0
2025-12-12,15:25:00,86.28,86.32,86.21,86.25,103.0
2025-12-12,15:30:00,86.25,86.33,86.24,86.24,212.0
2025-12-12,15:35:00,86.24,86.32,86.22,86.32,52.0
2025-12-12,15:40:00,86.3,86.5,86.27,86.3,160.0
2025-12-12,15:45:00,86.3,86.73,86.28,86.28,332.0
2025-12-12,15:50:00,86.28,86.35,86.28,86.34,113.0
2025-12-12,15:55:00,86.35,86.35,86.24,86.25,97.0
2025-12-12,16:00:00,86.26,86.31,86.25,86.31,144.0
2025-12-12,16:05:00,86.29,86.3,86.25,86.26,148.0
2025-12-12,16:10:00,86.26,86.38,86.21,86.27,172.0
2025-12-12,16:15:00,86.26,86.36,86.2,86.36,133.0
2025-12-12,16:20:00,86.36,86.45,86.31,86.41,145.0
2025-12-12,16:25:00,86.41,86.43,86.25,86.27,109.0
2025-12-12,16:30:00,86.27,86.28,86.22,86.23,121.0
2025-12-12,16:35:00,86.23,86.24,86.14,86.17,159.0
2025-12-12,16:40:00,86.16,86.17,86.08,86.11,128.0
2025-12-12,16:45:00,86.09,86.15,86.05,86.05,144.0
2025-12-12,16:50:00,86.05,86.11,86.03,86.07,104.0
2025-12-12,16:55:00,86.06,86.1,86.0,86.08,269.0
2025-12-12,17:00:00,86.07,86.07,85.93,85.97,162.0
2025-12-12,17:05:00,85.98,86.05,85.91,85.93,185.0
2025-12-12,17:10:00,85.93,86.0,85.9,85.91,178.0
2025-12-12,17:15:00,85.91,85.96,85.9,85.92,231.0
2025-12-12,17:20:00,85.92,85.92,85.82,85.87,375.0
2025-12-12,17:25:00,85.86,85.86,85.7,85.73,441.0
2025-12-12,17:30:00,85.74,85.81,85.7,85.77,265.0
2025-12-12,17:35:00,85.77,85.85,85.75,85.84,233.0
2025-12-12,17:40:00,85.84,85.85,85.8,85.8,93.0
2025-12-12,17:45:00,85.8,85.87,85.8,85.86,128.0
2025-12-12,17:50:00,85.88,85.96,85.86,85.96,164.0
2025-12-12,17:55:00,85.96,86.11,85.91,86.09,321.0
2025-12-12,18:00:00,86.07,86.07,85.96,86.01,242.0
2025-12-12,18:05:00,86.01,86.07,85.96,86.06,72.0
2025-12-12,18:10:00,86.05,86.05,85.96,85.98,91.0
2025-12-12,18:15:00,85.99,86.01,85.9,85.94,123.0
2025-12-12,18:20:00,85.93,85.99,85.9,85.9,73.0
2025-12-12,18:25:00,85.89,86.0,85.88,85.96,125.0
2025-12-12,18:30:00,85.92,86.07,85.87,86.07,251.0
2025-12-12,18:35:00,86.06,86.13,86.04,86.09,131.0
2025-12-12,18:40:00,86.09,86.45,86.07,86.33,380.0
2025-12-12,18:45:00,86.33,86.33,86.23,86.3,125.0
2025-12-12,18:50:00,86.3,86.34,86.28,86.34,77.0
2025-12-12,18:55:00,86.32,86.36,86.3,86.31,103.0
2025-12-12,19:00:00,86.31,86.35,86.3,86.31,76.0
2025-12-12,19:05:00,86.31,86.5,86.3,86.5,408.0
2025-12-12,19:10:00,86.46,86.51,86.41,86.44,130.0
2025-12-12,19:15:00,86.44,86.5,86.43,86.5,104.0
2025-12-12,19:20:00,86.51,86.55,86.48,86.52,129.0
2025-12-12,19:25:00,86.52,86.62,86.5,86.53,155.0
2025-12-12,19:30:00,86.53,86.54,86.51,86.54,57.0
2025-12-12,19:35:00,86.54,86.54,86.51,86.52,111.0
2025-12-12,19:40:00,86.53,86.54,86.5,86.52,100.0
2025-12-12,19:45:00,86.52,86.53,86.49,86.51,88.0
2025-12-12,19:50:00,86.51,86.53,86.47,86.5,115.0
2025-12-12,19:55:00,86.49,86.49,86.42,86.42,53.0
2025-12-12,20:00:00,86.43,86.46,86.41,86.44,97.0
2025-12-12,20:05:00,86.45,86.46,86.41,86.41,37.0
2025-12-12,20:10:00,86.41,86.44,86.33,86.33,154.0
2025-12-12,20:15:00,86.32,86.4,86.32,86.4,84.0
2025-12-12,20:20:00,86.38,86.38,86.23,86.23,73.0
2025-12-12,20:25:00,86.25,86.28,86.22,86.22,51.0
2025-12-12,20:30:00,86.22,86.22,86.14,86.2,100.0
2025-12-12,20:35:00,86.18,86.3,86.12,86.17,129.0
2025-12-12,20:40:00,86.17,86.2,86.14,86.14,110.0
2025-12-12,20:45:00,86.11,86.18,86.1,86.18,93.0
2025-12-12,20:50:00,86.16,86.16,86.11,86.12,82.0
2025-12-12,20:55:00,86.11,86.21,86.11,86.17,89.0
2025-12-12,21:00:00,86.16,86.17,86.05,86.07,398.0
2025-12-12,21:05:00,86.06,86.07,86.03,86.03,108.0
2025-12-12,21:10:00,86.03,86.04,85.86,85.92,211.0
2025-12-12,21:15:00,85.94,86.0,85.92,85.97,94.0
2025-12-12,21:20:00,85.96,85.96,85.9,85.93,90.0
2025-12-12,21:25:00,85.91,86.0,85.91,86.0,89.0
2025-12-12,21:30:00,86.02,86.08,85.99,86.08,175.0
2025-12-12,21:35:00,86.1,86.12,85.99,86.02,114.0
2025-12-12,21:40:00,86.0,86.07,86.0,86.03,73.0
2025-12-12,21:45:00,86.05,86.12,86.03,86.12,90.0
2025-12-12,21:50:00,86.14,86.14,85.99,86.0,61.0
2025-12-12,21:55:00,86.0,86.1,85.99,86.08,81.0
2025-12-12,22:00:00,86.09,86.12,86.05,86.06,96.0
2025-12-12,22:05:00,86.07,86.11,86.04,86.1,65.0
2025-12-12,22:10:00,86.08,86.12,86.03,86.08,82.0
2025-12-12,22:15:00,86.08,86.08,86.04,86.05,71.0
2025-12-12,22:20:00,86.04,86.15,86.04,86.15,170.0
2025-12-12,22:25:00,86.16,86.16,86.09,86.13,85.0
2025-12-12,22:30:00,86.12,86.2,86.08,86.08,87.0
2025-12-12,22:35:00,86.08,86.09,86.01,86.01,139.0
2025-12-12,22:40:00,86.01,86.03,85.93,86.03,212.0
2025-12-12,22:45:00,86.02,86.1,85.91,85.94,129.0
2025-12-12,22:50:00,85.91,86.05,85.91,85.99,154.0
2025-12-12,22:55:00,86.0,86.0,85.94,85.96,112.0
2025-12-12,23:00:00,85.97,86.02,85.91,85.91,179.0
2025-12-12,23:05:00,85.91,85.91,85.8,85.84,655.0
2025-12-12,23:10:00,85.85,85.92,85.84,85.89,133.0
2025-12-12,23:15:00,85.88,86.01,85.87,86.0,170.0
2025-12-12,23:20:00,86.01,86.04,85.98,86.0,179.0
2025-12-12,23:25:00,86.0,86.07,86.0,86.05,126.0
2025-12-12,23:30:00,86.04,86.11,86.04,86.11,167.0
2025-12-12,23:35:00,86.1,86.12,85.96,85.98,267.0
2025-12-12,23:40:00,85.97,86.02,85.9,86.0,123.0
2025-12-12,23:45:00,86.0,86.06,85.97,85.99,111.0
2025-12-12,23:50:00,85.98,86.03,85.98,86.02,59.0
2025-12-12,23:55:00,86.01,86.02,85.96,86.0,152.0
2025-12-13,00:00:00,86.0,86.05,85.99,86.02,126.0
2025-12-13,00:05:00,86.03,86.08,86.02,86.04,155.0
2025-12-13,00:10:00,86.05,86.07,86.01,86.01,194.0
2025-12-13,00:15:00,86.01,86.01,85.89,85.93,242.0
2025-12-13,00:20:00,85.92,85.95,85.83,85.89,224.0
2025-12-13,00:25:00,85.93,85.99,85.91,85.99,86.0
2025-12-13,00:30:00,86.0,86.04,85.97,86.03,125.0
2025-12-13,00:35:00,86.03,86.06,85.93,85.95,110.0
2025-12-13,00:40:00,85.93,85.95,85.85,85.94,143.0
2025-12-13,00:45:00,85.93,85.93,85.86,85.86,73.0
2025-12-13,00:50:00,85.86,85.89,85.82,85.86,146.0
2025-12-13,00:55:00,85.87,85.94,85.85,85.92,112.0
2025-12-15,15:00:00,85.95,86.15,85.95,86.12,272.0
2025-12-15,15:05:00,86.13,86.36,86.12,86.26,363.0
2025-12-15,15:10:00,86.25,86.28,86.09,86.09,112.0
2025-12-15,15:15:00,86.09,86.13,86.01,86.08,61.0
2025-12-15,15:20:00,86.09,86.17,86.0,86.03,116.0
2025-12-15,15:25:00,86.01,86.03,85.99,86.01,88.0
2025-12-15,15:30:00,86.01,86.05,86.0,86.04,66.0
2025-12-15,15:35:00,86.06,86.1,86.04,86.04,52.0
2025-12-15,15:40:00,86.04,86.08,86.04,86.05,36.0
2025-12-15,15:45:00,86.04,86.13,86.04,86.1,66.0
2025-12-15,15:50:00,86.08,86.11,86.06,86.11,49.0
2025-12-15,15:55:00,86.09,86.22,86.09,86.19,134.0
2025-12-15,16:00:00,86.17,86.24,86.09,86.13,118.0
2025-12-15,16:05:00,86.13,86.17,86.12,86.16,58.0
2025-12-15,16:10:00,86.16,86.4,86.16,86.33,312.0
2025-12-15,16:15:00,86.33,86.33,86.22,86.29,74.0
2025-12-15,16:20:00,86.29,86.32,86.27,86.28,53.0
2025-12-15,16:25:00,86.28,86.31,86.21,86.31,80.0
2025-12-15,16:30:00,86.3,86.48,86.28,86.37,304.0
2025-12-15,16:35:00,86.35,86.39,86.29,86.29,83.0
2025-12-15,16:40:00,86.26,86.34,86.25,86.34,72.0
2025-12-15,16:45:00,86.34,86.45,86.3,86.42,77.0
2025-12-15,16:50:00,86.4,86.48,86.35,86.38,117.0
2025-12-15,16:55:00,86.39,86.49,86.35,86.48,205.0
2025-12-15,17:00:00,86.49,86.9,86.46,86.79,828.0
2025-12-15,17:05:00,86.78,86.78,86.59,86.61,162.0
2025-12-15,17:10:00,86.6,86.62,86.56,86.58,118.0
2025-12-15,17:15:00,86.58,86.71,86.58,86.69,115.0
2025-12-15,17:20:00,86.69,86.88,86.68,86.87,424.0
2025-12-15,17:25:00,86.88,86.92,86.75,86.79,348.0
2025-12-15,17:30:00,86.78,86.87,86.77,86.86,217.0
2025-12-15,17:35:00,86.88,86.9,86.86,86.86,189.0
2025-12-15,17:40:00,86.87,86.88,86.71,86.75,147.0
2025-12-15,17:45:00,86.75,86.79,86.71,86.77,93.0
2025-12-15,17:50:00,86.76,86.76,86.71,86.71,130.0
2025-12-15,17:55:00,86.73,86.85,86.71,86.81,129.0
2025-12-15,18:00:00,86.82,87.26,86.79,87.25,904.0
2025-12-15,18:05:00,87.25,87.34,87.16,87.2,661.0
2025-12-15,18:10:00,87.2,87.33,87.18,87.28,269.0
2025-12-15,18:15:00,87.26,87.33,87.15,87.33,332.0
2025-12-15,18:20:00,87.33,87.34,87.21,87.34,334.0
2025-12-15,18:25:00,87.33,87.37,87.06,87.07,568.0
2025-12-15,18:30:00,87.1,87.1,87.07,87.08,239.0
2025-12-15,18:35:00,87.08,87.09,87.0,87.08,192.0
2025-12-15,18:40:00,87.08,87.12,87.03,87.03,135.0
2025-12-15,18:45:00,87.03,87.08,87.0,87.06,119.0
2025-12-15,18:50:00,87.05,87.11,87.01,87.08,105.0
2025-12-15,18:55:00,87.08,87.1,87.05,87.06,117.0
2025-12-15,19:00:00,87.05,87.12,87.01,87.06,149.0
2025-12-15,19:05:00,87.06,87.08,86.91,86.92,149.0
2025-12-15,19:10:00,86.91,87.0,86.9,87.0,118.0
2025-12-15,19:15:00,86.99,86.99,86.95,86.97,42.0
2025-12-15,19:20:00,86.97,87.04,86.95,87.0,110.0
2025-12-15,19:25:00,87.0,87.08,86.99,87.02,56.0
2025-12-15,19:30:00,87.03,87.07,87.02,87.07,37.0
2025-12-15,19:35:00,87.05,87.18,87.05,87.18,115.0
2025-12-15,19:40:00,87.18,87.19,87.13,87.13,56.0
2025-12-15,19:45:00,87.13,87.13,87.07,87.08,39.0
2025-12-15,19:50:00,87.07,87.09,87.06,87.09,77.0
2025-12-15,19:55:00,87.09,87.12,87.0,87.01,110.0
2025-12-15,20:00:00,87.0,87.0,86.9,86.97,104.0
2025-12-15,20:05:00,87.0,87.0,86.95,86.97,51.0
2025-12-15,20:10:00,86.97,87.0,86.95,86.97,122.0
2025-12-15,20:15:00,86.98,86.98,86.9,86.9,46.0
2025-12-15,20:20:00,86.93,86.94,86.9,86.93,52.0
2025-12-15,20:25:00,86.92,86.93,86.85,86.86,63.0
2025-12-15,20:30:00,86.87,86.87,86.81,86.82,207.0
2025-12-15,20:35:00,86.81,86.85,86.73,86.85,286.0
2025-12-15,20:40:00,86.83,86.91,86.83,86.88,76.0
2025-12-15,20:45:00,86.87,86.89,86.83,86.89,63.0
2025-12-15,20:50:00,86.87,86.99,86.86,86.88,179.0
2025-12-15,20:55:00,86.87,87.12,86.87,87.04,372.0
2025-12-15,21:00:00,87.04,87.04,86.96,87.02,64.0
2025-12-15,21:05:00,87.02,87.03,86.96,87.0,69.0
2025-12-15,21:10:00,87.01,87.04,86.98,87.02,67.0
2025-12-15,21:15:00,87.01,87.1,86.94,87.01,198.0
2025-12-15,21:20:00,87.01,87.07,86.98,87.07,72.0
2025-12-15,21:25:00,87.07,87.08,87.01,87.03,91.0
2025-12-15,21:30:00,87.02,87.3,87.01,87.22,425.0
2025-12-15,21:35:00,87.23,87.25,87.12,87.18,248.0
2025-12-15,21:40:00,87.17,87.18,87.08,87.09,187.0
2025-12-15,21:45:00,87.08,87.1,87.05,87.06,108.0
2025-12-15,21:50:00,87.05,87.08,87.04,87.05,62.0
2025-12-15,21:55:00,87.06,87.19,87.06,87.15,128.0
2025-12-15,22:00:00,87.16,87.5,87.16,87.33,383.0
2025-12-15,22:05:00,87.33,87.33,87.15,87.21,153.0
2025-12-15,22:10:00,87.2,87.2,87.11,87.16,54.0
2025-12-15,22:15:00,87.16,87.28,87.16,87.28,79.0
2025-12-15,22:20:00,87.27,87.34,87.25,87.25,102.0
2025-12-15,22:25:00,87.26,87.32,87.24,87.31,38.0
2025-12-15,22:30:00,87.32,87.6,87.3,87.3,368.0
2025-12-15,22:35:00,87.33,87.42,87.31,87.36,111.0
2025-12-15,22:40:00,87.38,87.45,87.31,87.31,93.0
2025-12-15,22:45:00,87.32,87.32,87.25,87.25,172.0
2025-12-15,22:50:00,87.25,87.25,87.18,87.2,126.0
2025-12-15,22:55:00,87.2,87.21,87.15,87.18,115.0
2025-12-15,23:00:00,87.2,87.33,87.17,87.17,157.0
2025-12-15,23:05:00,87.17,87.22,87.14,87.15,72.0
2025-12-15,23:10:00,87.14,87.17,87.13,87.15,74.0
2025-12-15,23:15:00,87.15,87.22,87.15,87.18,54.0
2025-12-15,23:20:00,87.16,87.2,87.12,87.17,66.0
2025-12-15,23:25:00,87.15,87.35,87.14,87.35,176.0
2025-12-15,23:30:00,87.35,87.73,87.35,87.66,429.0
2025-12-15,23:35:00,87.69,87.8,87.59,87.75,537.0
2025-12-15,23:40:00,87.73,87.8,87.54,87.66,536.0
2025-12-15,23:45:00,87.67,87.69,87.57,87.6,156.0
2025-12-15,23:50:00,87.58,87.65,87.48,87.5,144.0
2025-12-15,23:55:00,87.48,87.51,87.42,87.49,202.0
2025-12-16,00:00:00,87.49,87.53,87.4,87.42,277.0
2025-12-16,00:05:00,87.42,87.43,87.3,87.33,293.0
2025-12-16,00:10:00,87.32,87.35,87.19,87.2,535.0
2025-12-16,00:15:00,87.19,87.28,87.19,87.27,141.0
2025-12-16,00:20:00,87.27,87.31,87.26,87.3,119.0
2025-12-16,00:25:00,87.3,87.35,87.25,87.34,199.0
2025-12-16,00:30:00,87.35,87.35,87.22,87.29,195.0
2025-12-16,00:35:00,87.27,87.28,87.19,87.24,298.0
2025-12-16,00:40:00,87.27,87.27,87.18,87.19,229.0
2025-12-16,00:45:00,87.19,87.25,87.17,87.22,130.0
2025-12-16,00:50:00,87.23,87.29,87.21,87.28,54.0
2025-12-16,00:55:00,87.28,87.28,87.15,87.22,202.0
2025-12-16,15:00:00,87.37,87.6,87.22,87.26,202.0
2025-12-16,15:05:00,87.3,87.3,87.15,87.17,73.0
2025-12-16,15:10:00,87.18,87.19,87.14,87.19,36.0
2025-12-16,15:15:00,87.17,87.22,87.14,87.22,35.0
2025-12-16,15:20:00,87.23,87.26,87.21,87.21,31.0
2025-12-16,15:25:00,87.21,87.26,87.2,87.23,24.0
2025-12-16,15:30:00,87.24,87.35,87.23,87.34,152.0
2025-12-16,15:35:00,87.33,87.35,87.2,87.31,109.0
2025-12-16,15:40:00,87.33,87.37,87.2,87.2,84.0
2025-12-16,15:45:00,87.22,87.26,87.07,87.1,248.0
2025-12-16,15:50:00,87.11,87.19,87.03,87.08,153.0
2025-12-16,15:55:00,87.09,87.09,87.01,87.08,77.0
2025-12-16,16:00:00,87.07,87.09,86.95,86.99,308.0
2025-12-16,16:05:00,86.99,87.08,86.97,87.07,116.0
2025-12-16,16:10:00,87.06,87.1,87.04,87.05,149.0
2025-12-16,16:15:00,87.06,87.31,87.06,87.29,260.0
2025-12-16,16:20:00,87.3,87.39,87.22,87.37,186.0
2025-12-16,16:25:00,87.36,87.37,87.25,87.32,126.0
2025-12-16,16:30:00,87.3,87.6,87.23,87.5,360.0
2025-12-16,16:35:00,87.52,87.56,87.42,87.47,184.0
2025-12-16,16:40:00,87.46,87.46,87.22,87.24,207.0
2025-12-16,16:45:00,87.25,87.26,87.18,87.26,77.0
2025-12-16,16:50:00,87.25,87.31,87.25,87.28,116.0
2025-12-16,16:55:00,87.28,87.28,87.2,87.26,105.0
2025-12-16,17:00:00,87.25,87.26,87.1,87.22,175.0
2025-12-16,17:05:00,87.25,87.27,87.23,87.26,70.0
2025-12-16,17:10:00,87.26,87.5,87.26,87.46,207.0
2025-12-16,17:15:00,87.49,87.6,87.46,87.53,274.0
2025-12-16,17:20:00,87.53,87.55,87.45,87.5,243.0
2025-12-16,17:25:00,87.49,87.54,87.46,87.5,105.0
2025-12-16,17:30:00,87.53,87.59,87.47,87.5,231.0
2025-12-16,17:35:00,87.49,87.55,87.49,87.51,85.0
2025-12-16,17:40:00,87.47,87.5,87.44,87.49,157.0
2025-12-16,17:45:00,87.49,87.54,87.43,87.45,81.0
2025-12-16,17:50:00,87.43,87.46,87.4,87.44,116.0
2025-12-16,17:55:00,87.42,87.44,87.35,87.41,158.0
2025-12-16,18:00:00,87.4,87.45,87.38,87.45,99.0
2025-12-16,18:05:00,87.45,87.5,87.37,87.37,121.0
2025-12-16,18:10:00,87.35,87.38,87.29,87.38,87.0
2025-12-16,18:15:00,87.39,87.48,87.37,87.48,66.0
2025-12-16,18:20:00,87.48,87.54,87.47,87.49,160.0
2025-12-16,18:25:00,87.49,87.53,87.48,87.53,60.0
2025-12-16,18:30:00,87.54,87.58,87.53,87.55,73.0
2025-12-16,18:35:00,87.55,87.57,87.49,87.53,175.0
2025-12-16,18:40:00,87.51,87.6,87.51,87.6,100.0
2025-12-16,18:45:00,87.58,87.77,87.58,87.74,387.0
2025-12-16,18:50:00,87.75,87.83,87.73,87.76,233.0
2025-12-16,18:55:00,87.75,87.81,87.67,87.72,212.0
2025-12-16,19:00:00,87.72,87.79,87.7,87.78,157.0
2025-12-16,19:05:00,87.79,87.85,87.77,87.85,125.0
2025-12-16,19:10:00,87.86,87.98,87.84,87.93,486.0
2025-12-16,19:15:00,87.95,87.95,87.75,87.78,250.0
2025-12-16,19:20:00,87.78,87.78,87.69,87.69,155.0
2025-12-16,19:25:00,87.69,87.75,87.69,87.72,121.0
2025-12-16,19:30:00,87.73,87.75,87.44,87.49,382.0
2025-12-16,19:35:00,87.49,87.54,87.41,87.49,194.0
2025-12-16,19:40:00,87.48,87.51,87.43,87.44,87.0
2025-12-16,19:45:00,87.43,87.51,87.43,87.51,91.0
2025-12-16,19:50:00,87.49,87.53,87.47,87.49,110.0
2025-12-16,19:55:00,87.49,87.55,87.49,87.52,92.0
2025-12-16,20:00:00,87.53,87.54,87.45,87.45,84.0
2025-12-16,20:05:00,87.44,87.44,87.4,87.43,101.0
2025-12-16,20:10:00,87.44,87.47,87.41,87.44,82.0
2025-12-16,20:15:00,87.47,87.47,87.32,87.36,261.0
2025-12-16,20:20:00,87.37,87.4,87.33,87.38,56.0
2025-12-16,20:25:00,87.37,87.39,87.32,87.37,72.0
2025-12-16,20:30:00,87.36,87.38,87.26,87.29,183.0
2025-12-16,20:35:00,87.26,87.31,87.25,87.3,121.0
2025-12-16,20:40:00,87.29,87.39,87.29,87.36,43.0
2025-12-16,20:45:00,87.37,87.43,87.36,87.36,77.0
2025-12-16,20:50:00,87.38,87.45,87.35,87.41,67.0
2025-12-16,20:55:00,87.43,87.47,87.38,87.39,86.0
2025-12-16,21:00:00,87.38,87.49,87.32,87.42,131.0
2025-12-16,21:05:00,87.43,87.46,87.37,87.45,95.0
2025-12-16,21:10:00,87.46,87.49,87.44,87.48,74.0
2025-12-16,21:15:00,87.47,87.61,87.47,87.61,107.0
2025-12-16,21:20:00,87.6,87.66,87.55,87.65,144.0
2025-12-16,21:25:00,87.65,87.7,87.65,87.7,123.0
2025-12-16,21:30:00,87.69,87.72,87.61,87.71,169.0
2025-12-16,21:35:00,87.71,87.74,87.61,87.61,156.0
2025-12-16,21:40:00,87.61,87.74,87.61,87.71,126.0
2025-12-16,21:45:00,87.71,87.75,87.62,87.65,155.0
2025-12-16,21:50:00,87.64,87.64,87.57,87.6,116.0
2025-12-16,21:55:00,87.6,87.6,87.5,87.55,232.0
2025-12-16,22:00:00,87.52,87.55,87.44,87.47,83.0
2025-12-16,22:05:00,87.5,87.5,87.43,87.44,62.0
2025-12-16,22:10:00,87.45,87.49,87.44,87.44,110.0
2025-12-16,22:15:00,87.44,87.56,87.44,87.55,115.0
2025-12-16,22:20:00,87.52,87.65,87.52,87.63,107.0
2025-12-16,22:25:00,87.64,87.72,87.61,87.61,91.0
2025-12-16,22:30:00,87.6,87.75,87.6,87.72,136.0
2025-12-16,22:35:00,87.72,87.83,87.72,87.72,142.0
2025-12-16,22:40:00,87.71,87.71,87.6,87.66,70.0
2025-12-16,22:45:00,87.65,87.76,87.6,87.73,76.0
2025-12-16,22:50:00,87.72,87.74,87.65,87.7,144.0
2025-12-16,22:55:00,87.69,87.75,87.67,87.68,140.0
2025-12-16,23:00:00,87.69,87.69,87.5,87.54,344.0
2025-12-16,23:05:00,87.54,87.58,87.51,87.53,98.0
2025-12-16,23:10:00,87.54,87.58,87.53,87.58,86.0
2025-12-16,23:15:00,87.57,87.57,87.46,87.48,147.0
2025-12-16,23:20:00,87.47,87.52,87.47,87.52,94.0
2025-12-16,23:25:00,87.53,87.55,87.44,87.45,235.0
2025-12-16,23:30:00,87.46,87.54,87.46,87.47,122.0
2025-12-16,23:35:00,87.46,87.47,87.4,87.47,138.0
2025-12-16,23:40:00,87.46,87.5,87.4,87.44,268.0
2025-12-16,23:45:00,87.46,87.56,87.45,87.48,181.0
2025-12-16,23:50:00,87.48,87.51,87.42,87.42,96.0
2025-12-16,23:55:00,87.42,87.48,87.4,87.41,123.0
2025-12-17,00:00:00,87.42,87.46,87.41,87.45,177.0
2025-12-17,00:05:00,87.45,87.47,87.32,87.34,293.0
2025-12-17,00:10:00,87.33,87.4,87.3,87.38,250.0
2025-12-17,00:15:00,87.37,87.45,87.35,87.45,158.0
2025-12-17,00:20:00,87.44,87.5,87.41,87.49,112.0
2025-12-17,00:25:00,87.48,87.48,87.46,87.48,140.0
2025-12-17,00:30:00,87.49,87.56,87.49,87.53,112.0
2025-12-17,00:35:00,87.53,87.56,87.52,87.55,99.0
2025-12-17,00:40:00,87.54,87.55,87.46,87.51,160.0
2025-12-17,00:45:00,87.51,87.64,87.51,87.62,218.0
2025-12-17,00:50:00,87.6,87.65,87.53,87.55,155.0
2025-12-17,00:55:00,87.57,87.6,87.54,87.55,150.0
2025-12-17,15:00:00,87.37,87.7,87.37,87.68,135.0
2025-12-17,15:05:00,87.69,87.72,87.65,87.72,63.0
2025-12-17,15:10:00,87.7,87.76,87.7,87.75,65.0
2025-12-17,15:15:00,87.76,87.82,87.73,87.79,61.0
2025-12-17,15:20:00,87.81,87.89,87.81,87.86,25.0
2025-12-17,15:25:00,87.83,88.0,87.74,87.95,513.0
2025-12-17,15:30:00,87.95,88.29,87.95,88.28,519.0
2025-12-17,15:35:00,88.29,88.37,88.26,88.3,139.0
2025-12-17,15:40:00,88.3,88.36,88.29,88.33,215.0
2025-12-17,15:45:00,88.35,88.35,88.25,88.27,82.0
2025-12-17,15:50:00,88.27,88.28,88.2,88.28,177.0
2025-12-17,15:55:00,88.28,88.29,88.16,88.19,133.0
2025-12-17,16:00:00,88.19,88.34,88.19,88.28,244.0
2025-12-17,16:05:00,88.3,88.49,88.29,88.38,328.0
2025-12-17,16:10:00,88.38,88.38,88.12,88.12,188.0
2025-12-17,16:15:00,88.11,88.19,88.06,88.17,133.0
2025-12-17,16:20:00,88.17,88.22,88.15,88.18,70.0
2025-12-17,16:25:00,88.15,88.24,88.14,88.14,94.0
2025-12-17,16:30:00,88.15,88.15,88.03,88.03,118.0
2025-12-17,16:35:00,88.03,88.13,88.0,88.1,238.0
2025-12-17,16:40:00,88.09,88.09,88.05,88.05,64.0
2025-12-17,16:45:00,88.03,88.05,87.9,87.9,283.0
2025-12-17,16:50:00,87.9,88.05,87.9,88.03,240.0
2025-12-17,16:55:00,88.02,88.14,88.01,88.14,260.0
2025-12-17,17:00:00,88.12,88.15,87.9,87.96,585.0
2025-12-17,17:05:00,87.97,88.03,87.86,87.95,213.0
2025-12-17,17:10:00,87.91,88.0,87.86,87.96,165.0
2025-12-17,17:15:00,87.95,88.0,87.84,87.98,159.0
2025-12-17,17:20:00,87.98,88.04,87.93,87.93,84.0
2025-12-17,17:25:00,87.93,87.98,87.88,87.98,104.0
2025-12-17,17:30:00,88.0,88.1,87.98,87.98,130.0
2025-12-17,17:35:00,87.99,88.04,87.92,87.95,115.0
2025-12-17,17:40:00,87.94,87.99,87.91,87.95,94.0
2025-12-17,17:45:00,87.91,88.03,87.9,88.03,92.0
2025-12-17,17:50:00,88.05,88.05,87.91,87.91,123.0
2025-12-17,17:55:00,87.91,87.91,87.78,87.87,262.0
2025-12-17,18:00:00,87.87,88.0,87.87,87.92,170.0
2025-12-17,18:05:00,87.93,87.98,87.89,87.89,75.0
2025-12-17,18:10:00,87.89,87.91,87.78,87.79,173.0
2025-12-17,18:15:00,87.79,87.83,87.76,87.82,156.0
2025-12-17,18:20:00,87.81,87.83,87.78,87.83,113.0
2025-12-17,18:25:00,87.84,87.97,87.82,87.94,209.0
2025-12-17,18:30:00,87.96,88.25,87.93,88.13,270.0
2025-12-17,18:35:00,88.14,88.15,88.06,88.06,158.0
2025-12-17,18:40:00,88.09,88.09,88.0,88.02,129.0
2025-12-17,18:45:00,88.03,88.09,87.98,87.98,238.0
2025-12-17,18:50:00,87.98,88.02,87.95,87.98,118.0
2025-12-17,18:55:00,87.99,88.08,87.98,88.02,178.0
2025-12-17,19:00:00,88.03,88.05,87.89,87.92,383.0
2025-12-17,19:05:00,87.92,88.03,87.9,87.99,75.0
2025-12-17,19:10:00,88.0,88.0,87.9,87.9,47.0
2025-12-17,19:15:00,87.92,87.94,87.83,87.84,76.0
2025-12-17,19:20:00,87.85,87.9,87.85,87.88,63.0
2025-12-17,19:25:00,87.88,87.97,87.88,87.95,150.0
2025-12-17,19:30:00,87.95,87.97,87.85,87.91,66.0
2025-12-17,19:35:00,87.91,87.91,87.82,87.84,26.0
2025-12-17,19:40:00,87.86,87.88,87.83,87.87,37.0
2025-12-17,19:45:00,87.83,87.83,87.78,87.8,76.0
2025-12-17,19:50:00,87.8,87.84,87.7,87.75,295.0
2025-12-17,19:55:00,87.73,87.76,87.69,87.7,57.0
2025-12-17,20:00:00,87.69,87.69,87.61,87.65,194.0
2025-12-17,20:05:00,87.64,87.74,87.61,87.72,192.0
2025-12-17,20:10:00,87.71,87.85,87.71,87.81,122.0
2025-12-17,20:15:00,87.82,87.83,87.76,87.8,98.0
2025-12-17,20:20:00,87.8,87.82,87.74,87.8,90.0
2025-12-17,20:25:00,87.81,87.82,87.64,87.67,150.0
2025-12-17,20:30:00,87.66,87.67,87.6,87.62,171.0
2025-12-17,20:35:00,87.62,87.67,87.61,87.67,95.0
2025-12-17,20:40:00,87.67,87.72,87.64,87.64,78.0
2025-12-17,20:45:00,87.65,87.73,87.65,87.65,119.0
2025-12-17,20:50:00,87.67,87.7,87.65,87.66,47.0
2025-12-17,20:55:00,87.67,87.73,87.63,87.68,136.0
2025-12-17,21:00:00,87.66,87.68,87.56,87.58,166.0
2025-12-17,21:05:00,87.59,87.63,87.56,87.6,77.0
2025-12-17,21:10:00,87.59,87.64,87.56,87.61,254.0
2025-12-17,21:15:00,87.6,87.64,87.54,87.54,88.0
2025-12-17,21:20:00,87.52,87.73,87.52,87.68,149.0
2025-12-17,21:25:00,87.69,87.76,87.68,87.76,232.0
2025-12-17,21:30:00,87.76,87.8,87.71,87.71,114.0
2025-12-17,21:35:00,87.71,87.77,87.65,87.74,102.0
2025-12-17,21:40:00,87.74,87.76,87.65,87.71,146.0
2025-12-17,21:45:00,87.7,87.71,87.65,87.67,206.0
2025-12-17,21:50:00,87.66,87.68,87.58,87.66,417.0
2025-12-17,21:55:00,87.67,87.7,87.64,87.66,93.0
2025-12-17,22:00:00,87.66,87.68,87.56,87.57,177.0
2025-12-17,22:05:00,87.56,87.62,87.56,87.62,66.0
2025-12-17,22:10:00,87.61,87.61,87.5,87.51,216.0
2025-12-17,22:15:00,87.5,87.58,87.5,87.51,197.0
2025-12-17,22:20:00,87.51,87.53,87.3,87.34,498.0
2025-12-17,22:25:00,87.34,87.36,87.21,87.3,535.0
2025-12-17,22:30:00,87.3,87.34,87.15,87.23,368.0
2025-12-17,22:35:00,87.22,87.29,87.2,87.24,399.0
2025-12-17,22:40:00,87.25,87.27,87.11,87.14,351.0
2025-12-17,22:45:00,87.15,87.3,87.13,87.25,323.0
2025-12-17,22:50:00,87.23,87.23,87.13,87.15,160.0
2025-12-17,22:55:00,87.15,87.26,87.08,87.21,457.0
2025-12-17,23:00:00,87.2,87.25,87.2,87.24,248.0
2025-12-17,23:05:00,87.23,87.25,87.13,87.13,239.0
2025-12-17,23:10:00,87.13,87.14,87.06,87.11,201.0
2025-12-17,23:15:00,87.12,87.12,86.95,86.97,360.0
2025-12-17,23:20:00,86.97,86.97,86.87,86.88,422.0
2025-12-17,23:25:00,86.86,86.87,86.77,86.87,578.0
2025-12-17,23:30:00,86.86,86.87,86.8,86.82,315.0
2025-12-17,23:35:00,86.83,86.9,86.8,86.81,268.0
2025-12-17,23:40:00,86.8,86.9,86.8,86.9,290.0
2025-12-17,23:45:00,86.91,86.91,86.8,86.8,242.0
2025-12-17,23:50:00,86.8,86.84,86.52,86.58,494.0
2025-12-17,23:55:00,86.58,86.6,86.45,86.56,587.0
2025-12-18,00:00:00,86.56,86.73,86.56,86.71,347.0
2025-12-18,00:05:00,86.72,86.89,86.71,86.88,426.0
2025-12-18,00:10:00,86.87,86.87,86.72,86.75,399.0
2025-12-18,00:15:00,86.75,86.86,86.69,86.83,260.0
2025-12-18,00:20:00,86.82,86.83,86.71,86.71,105.0
2025-12-18,00:25:00,86.73,86.73,86.67,86.68,162.0
2025-12-18,00:30:00,86.68,86.72,86.58,86.7,154.0
2025-12-18,00:35:00,86.66,86.7,86.59,86.61,114.0
2025-12-18,00:40:00,86.63,86.65,86.59,86.62,116.0
2025-12-18,00:45:00,86.62,86.69,86.62,86.69,103.0
2025-12-18,00:50:00,86.69,86.71,86.58,86.6,197.0
2025-12-18,00:55:00,86.62,86.63,86.5,86.56,272.0
2025-12-18,15:00:00,86.89,86.89,86.41,86.46,305.0
2025-12-18,15:05:00,86.46,86.51,86.44,86.51,84.0
2025-12-18,15:10:00,86.48,86.54,86.45,86.47,63.0
2025-12-18,15:15:00,86.47,86.47,86.21,86.25,396.0
2025-12-18,15:20:00,86.27,86.5,86.24,86.44,288.0
2025-12-18,15:25:00,86.44,86.5,86.34,86.38,109.0
2025-12-18,15:30:00,86.36,86.4,86.36,86.38,29.0
2025-12-18,15:35:00,86.35,86.5,86.35,86.5,172.0
2025-12-18,15:40:00,86.49,86.5,86.4,86.44,83.0
2025-12-18,15:45:00,86.42,86.45,86.35,86.39,80.0
2025-12-18,15:50:00,86.37,86.4,86.35,86.39,133.0
2025-12-18,15:55:00,86.39,86.55,86.39,86.54,130.0
2025-12-18,16:00:00,86.5,86.72,86.49,86.67,235.0
2025-12-18,16:05:00,86.68,86.73,86.55,86.56,109.0
2025-12-18,16:10:00,86.57,86.6,86.52,86.58,122.0
2025-12-18,16:15:00,86.58,86.6,86.45,86.48,155.0
2025-12-18,16:20:00,86.46,86.5,86.37,86.4,349.0
2025-12-18,16:25:00,86.38,86.5,86.37,86.38,170.0
2025-12-18,16:30:00,86.39,86.48,86.37,86.48,172.0
2025-12-18,16:35:00,86.5,86.5,86.44,86.48,93.0
2025-12-18,16:40:00,86.49,86.5,86.41,86.41,84.0
2025-12-18,16:45:00,86.42,86.44,86.29,86.3,211.0
2025-12-18,16:50:00,86.3,86.36,86.28,86.36,52.0
2025-12-18,16:55:00,86.35,86.35,86.16,86.17,297.0
2025-12-18,17:00:00,86.17,86.28,85.93,85.95,545.0
2025-12-18,17:05:00,85.93,86.0,85.9,85.99,470.0
2025-12-18,17:10:00,85.97,86.06,85.95,85.95,458.0
2025-12-18,17:15:00,85.97,86.0,85.95,85.95,426.0
2025-12-18,17:20:00,85.95,86.0,85.82,85.95,770.0
2025-12-18,17:25:00,85.94,85.96,85.78,85.8,208.0
2025-12-18,17:30:00,85.82,85.85,85.56,85.59,687.0
2025-12-18,17:35:00,85.59,85.75,85.56,85.74,356.0
2025-12-18,17:40:00,85.75,85.91,85.75,85.91,302.0
2025-12-18,17:45:00,85.9,85.9,85.77,85.77,157.0
2025-12-18,17:50:00,85.79,85.83,85.72,85.81,196.0
2025-12-18,17:55:00,85.81,85.88,85.8,85.85,93.0
2025-12-18,18:00:00,85.84,86.05,85.84,86.03,239.0
2025-12-18,18:05:00,86.04,86.19,86.02,86.16,209.0
2025-12-18,18:10:00,86.16,86.28,86.16,86.2,240.0
2025-12-18,18:15:00,86.21,86.27,86.14,86.16,149.0
2025-12-18,18:20:00,86.16,86.2,86.12,86.16,87.0
2025-12-18,18:25:00,86.16,86.22,86.13,86.22,103.0
2025-12-18,18:30:00,86.23,86.23,86.13,86.15,75.0
2025-12-18,18:35:00,86.15,86.27,86.14,86.27,206.0
2025-12-18,18:40:00,86.25,86.41,86.22,86.32,319.0
2025-12-18,18:45:00,86.34,86.48,86.33,86.45,295.0
2025-12-18,18:50:00,86.46,86.5,86.42,86.47,159.0
2025-12-18,18:55:00,86.48,86.56,86.45,86.56,188.0
2025-12-18,19:00:00,86.54,86.62,86.53,86.6,101.0
2025-12-18,19:05:00,86.59,86.72,86.59,86.7,325.0
2025-12-18,19:10:00,86.68,86.68,86.53,86.6,219.0
2025-12-18,19:15:00,86.61,86.67,86.58,86.65,67.0
2025-12-18,19:20:00,86.66,86.73,86.62,86.71,125.0
2025-12-18,19:25:00,86.71,87.0,86.69,86.91,388.0
2025-12-18,19:30:00,86.93,86.93,86.8,86.82,146.0
2025-12-18,19:35:00,86.83,86.9,86.8,86.87,91.0
2025-12-18,19:40:00,86.88,87.0,86.88,86.95,172.0
2025-12-18,19:45:00,86.95,86.95,86.87,86.87,119.0
2025-12-18,19:50:00,86.86,86.89,86.79,86.86,126.0
2025-12-18,19:55:00,86.87,86.98,86.86,86.98,87.0
2025-12-18,20:00:00,86.98,87.0,86.93,86.96,202.0
2025-12-18,20:05:00,86.97,87.05,86.9,86.96,214.0
2025-12-18,20:10:00,86.96,86.96,86.83,86.93,148.0
2025-12-18,20:15:00,86.95,86.96,86.85,86.9,78.0
2025-12-18,20:20:00,86.9,86.92,86.83,86.87,111.0
2025-12-18,20:25:00,86.87,86.96,86.87,86.9,95.0
2025-12-18,20:30:00,86.87,86.9,86.83,86.86,114.0
2025-12-18,20:35:00,86.87,87.1,86.87,87.09,223.0
2025-12-18,20:40:00,87.09,87.1,87.0,87.0,113.0
2025-12-18,20:45:00,87.0,87.0,86.73,86.86,309.0
2025-12-18,20:50:00,86.87,86.89,86.81,86.83,56.0
2025-12-18,20:55:00,86.86,86.88,86.77,86.82,84.0
2025-12-18,21:00:00,86.81,86.92,86.73,86.91,115.0
2025-12-18,21:05:00,86.96,86.96,86.82,86.84,52.0
2025-12-18,21:10:00,86.85,86.99,86.83,86.94,81.0
2025-12-18,21:15:00,87.0,87.0,86.85,86.85,85.0
2025-12-18,21:20:00,86.86,86.99,86.8,86.88,81.0
2025-12-18,21:25:00,86.83,86.91,86.82,86.84,71.0
2025-12-18,21:30:00,86.85,86.96,86.8,86.8,131.0
2025-12-18,21:35:00,86.85,86.86,86.8,86.8,77.0
2025-12-18,21:40:00,86.83,86.98,86.8,86.97,105.0
2025-12-18,21:45:00,86.97,87.02,86.94,86.95,164.0
2025-12-18,21:50:00,86.92,86.98,86.88,86.98,36.0
2025-12-18,21:55:00,87.0,87.0,86.9,86.92,96.0
2025-12-18,22:00:00,86.91,86.93,86.86,86.91,55.0
2025-12-18,22:05:00,86.94,87.03,86.94,86.98,119.0
2025-12-18,22:10:00,86.98,87.05,86.93,87.05,104.0
2025-12-18,22:15:00,87.04,87.14,87.02,87.11,201.0
2025-12-18,22:20:00,87.12,87.12,87.03,87.05,124.0
2025-12-18,22:25:00,87.04,87.04,86.9,86.94,103.0
2025-12-18,22:30:00,86.94,87.0,86.92,86.95,66.0
2025-12-18,22:35:00,86.92,86.99,86.88,86.97,102.0
2025-12-18,22:40:00,86.95,87.0,86.92,86.95,90.0
2025-12-18,22:45:00,86.94,86.95,86.85,86.88,130.0
2025-12-18,22:50:00,86.86,86.92,86.85,86.9,251.0
2025-12-18,22:55:00,86.9,86.93,86.85,86.9,142.0
2025-12-18,23:00:00,86.94,86.95,86.91,86.94,72.0
2025-12-18,23:05:00,86.95,87.07,86.95,86.98,198.0
2025-12-18,23:10:00,86.98,86.98,86.86,86.92,104.0
2025-12-18,23:15:00,86.98,87.04,86.85,86.91,293.0
2025-12-18,23:20:00,86.91,87.03,86.83,86.96,219.0
2025-12-18,23:25:00,86.97,87.02,86.93,86.98,101.0
2025-12-18,23:30:00,86.99,87.0,86.85,86.88,146.0
2025-12-18,23:35:00,86.89,86.89,86.76,86.79,235.0
2025-12-18,23:40:00,86.78,86.88,86.7,86.71,231.0
2025-12-18,23:45:00,86.72,86.77,86.69,86.74,156.0
2025-12-18,23:50:00,86.74,86.74,86.6,86.66,241.0
2025-12-18,23:55:00,86.67,86.69,86.58,86.59,127.0
2025-12-19,00:00:00,86.59,86.75,86.58,86.75,182.0
2025-12-19,00:05:00,86.75,86.75,86.41,86.44,636.0
2025-12-19,00:10:00,86.45,86.47,86.34,86.35,650.0
2025-12-19,00:15:00,86.33,86.35,86.22,86.26,348.0
2025-12-19,00:20:00,86.28,86.3,86.16,86.21,372.0
2025-12-19,00:25:00,86.21,86.23,86.18,86.21,70.0
2025-12-19,00:30:00,86.22,86.26,86.06,86.26,232.0
2025-12-19,00:35:00,86.25,86.29,86.15,86.22,378.0
2025-12-19,00:40:00,86.19,86.23,86.16,86.2,171.0
2025-12-19,00:45:00,86.2,86.25,86.18,86.22,162.0
2025-12-19,00:50:00,86.23,86.26,86.2,86.26,54.0
2025-12-19,00:55:00,86.25,86.25,86.17,86.23,137.0
2025-12-19,15:00:00,86.6,86.7,86.3,86.34,243.0
2025-12-19,15:05:00,86.35,86.42,86.3,86.34,110.0
2025-12-19,15:10:00,86.33,86.34,86.17,86.31,168.0
2025-12-19,15:15:00,86.33,86.45,86.27,86.44,117.0
2025-12-19,15:20:00,86.44,86.45,86.16,86.19,140.0
2025-12-19,15:25:00,86.19,86.31,86.15,86.31,43.0
2025-12-19,15:30:00,86.33,86.43,86.3,86.31,155.0
2025-12-19,15:35:00,86.31,86.35,86.29,86.29,39.0
2025-12-19,15:40:00,86.27,86.27,86.15,86.19,80.0
2025-12-19,15:45:00,86.19,86.19,86.16,86.17,15.0
2025-12-19,15:50:00,86.16,86.25,86.13,86.13,222.0
2025-12-19,15:55:00,86.13,86.21,86.1,86.21,115.0
2025-12-19,16:00:00,86.22,86.3,86.08,86.1,154.0
2025-12-19,16:05:00,86.1,86.28,86.1,86.26,65.0
2025-12-19,16:10:00,86.26,86.32,86.21,86.32,95.0
2025-12-19,16:15:00,86.33,86.51,86.33,86.5,271.0
2025-12-19,16:20:00,86.49,86.55,86.47,86.48,115.0
2025-12-19,16:25:00,86.47,86.48,86.39,86.45,62.0
2025-12-19,16:30:00,86.47,86.58,86.42,86.57,82.0
2025-12-19,16:35:00,86.57,86.68,86.57,86.68,219.0
2025-12-19,16:40:00,86.66,86.78,86.64,86.76,131.0
2025-12-19,16:45:00,86.76,86.76,86.69,86.74,139.0
2025-12-19,16:50:00,86.7,86.7,86.5,86.58,181.0
2025-12-19,16:55:00,86.58,86.62,86.56,86.58,84.0
2025-12-19,17:00:00,86.58,86.63,86.46,86.57,184.0
2025-12-19,17:05:00,86.56,86.68,86.5,86.65,220.0
2025-12-19,17:10:00,86.64,86.74,86.57,86.72,176.0
2025-12-19,17:15:00,86.73,86.77,86.68,86.73,112.0
2025-12-19,17:20:00,86.7,86.77,86.7,86.76,55.0
2025-12-19,17:25:00,86.77,86.85,86.76,86.84,166.0
2025-12-19,17:30:00,86.84,86.87,86.77,86.77,117.0
2025-12-19,17:35:00,86.76,86.79,86.65,86.66,113.0
2025-12-19,17:40:00,86.67,86.68,86.61,86.66,68.0
2025-12-19,17:45:00,86.69,86.72,86.67,86.71,76.0
2025-12-19,17:50:00,86.7,86.7,86.57,86.61,141.0
2025-12-19,17:55:00,86.59,86.59,86.51,86.52,136.0
2025-12-19,18:00:00,86.5,86.57,86.45,86.53,159.0
2025-12-19,18:05:00,86.54,86.62,86.51,86.58,116.0
2025-12-19,18:10:00,86.58,86.61,86.54,86.58,73.0
2025-12-19,18:15:00,86.57,86.58,86.41,86.41,51.0
2025-12-19,18:20:00,86.42,86.45,86.35,86.36,165.0
2025-12-19,18:25:00,86.37,86.46,86.32,86.32,125.0
2025-12-19,18:30:00,86.32,86.36,86.27,86.34,201.0
2025-12-19,18:35:00,86.32,86.36,86.27,86.32,122.0
2025-12-19,18:40:00,86.31,86.35,86.21,86.33,237.0
2025-12-19,18:45:00,86.34,86.48,86.32,86.47,107.0
2025-12-19,18:50:00,86.46,86.49,86.33,86.33,62.0
2025-12-19,18:55:00,86.33,86.44,86.33,86.44,48.0
2025-12-19,19:00:00,86.41,86.47,86.26,86.41,205.0
2025-12-19,19:05:00,86.4,86.47,86.37,86.46,85.0
2025-12-19,19:10:00,86.42,86.47,86.33,86.47,131.0
2025-12-19,19:15:00,86.48,86.49,86.4,86.41,61.0
2025-12-19,19:20:00,86.41,86.5,86.38,86.49,213.0
2025-12-19,19:25:00,86.49,86.53,86.43,86.45,132.0
2025-12-19,19:30:00,86.43,86.44,86.35,86.35,64.0
2025-12-19,19:35:00,86.34,86.46,86.31,86.45,75.0
2025-12-19,19:40:00,86.44,86.49,86.43,86.49,20.0
2025-12-19,19:45:00,86.49,86.58,86.43,86.54,203.0
2025-12-19,19:50:00,86.58,86.61,86.53,86.56,102.0
2025-12-19,19:55:00,86.57,86.6,86.51,86.52,77.0
2025-12-19,20:00:00,86.54,86.54,86.4,86.46,142.0
2025-12-19,20:05:00,86.45,86.47,86.4,86.41,71.0
2025-12-19,20:10:00,86.4,86.41,86.33,86.37,46.0
2025-12-19,20:15:00,86.36,86.39,86.33,86.33,43.0
2025-12-19,20:20:00,86.34,86.39,86.31,86.39,49.0
2025-12-19,20:25:00,86.39,86.4,86.37,86.37,40.0
2025-12-19,20:30:00,86.36,86.37,86.32,86.36,32.0
2025-12-19,20:35:00,86.36,86.37,86.27,86.3,108.0
2025-12-19,20:40:00,86.31,86.46,86.31,86.42,47.0
2025-12-19,20:45:00,86.41,86.41,86.34,86.37,44.0
2025-12-19,20:50:00,86.4,86.5,86.4,86.49,38.0
2025-12-19,20:55:00,86.46,86.66,86.45,86.64,188.0
2025-12-19,21:00:00,86.63,86.67,86.6,86.63,208.0
2025-12-19,21:05:00,86.65,86.67,86.45,86.45,128.0
2025-12-19,21:10:00,86.45,86.53,86.45,86.53,64.0
2025-12-19,21:15:00,86.52,86.54,86.51,86.51,55.0
2025-12-19,21:20:00,86.51,86.52,86.46,86.49,54.0
2025-12-19,21:25:00,86.49,86.49,86.41,86.42,73.0
2025-12-19,21:30:00,86.43,86.5,86.35,86.43,122.0
2025-12-19,21:35:00,86.45,86.45,86.4,86.45,49.0
2025-12-19,21:40:00,86.48,86.55,86.48,86.5,130.0
2025-12-19,21:45:00,86.46,86.51,86.45,86.51,13.0
2025-12-19,21:50:00,86.5,86.62,86.5,86.6,157.0
2025-12-19,21:55:00,86.6,86.63,86.55,86.55,151.0
2025-12-19,22:00:00,86.55,86.61,86.52,86.59,117.0
2025-12-19,22:05:00,86.59,86.7,86.56,86.7,150.0
2025-12-19,22:10:00,86.68,86.75,86.66,86.66,167.0
2025-12-19,22:15:00,86.68,86.69,86.62,86.65,85.0
2025-12-19,22:20:00,86.66,86.78,86.66,86.77,247.0
2025-12-19,22:25:00,86.77,86.8,86.76,86.77,187.0
2025-12-19,22:30:00,86.77,86.8,86.75,86.79,93.0
2025-12-19,22:35:00,86.77,86.79,86.73,86.74,148.0
2025-12-19,22:40:00,86.74,86.78,86.7,86.75,86.0
2025-12-19,22:45:00,86.76,86.79,86.74,86.76,88.0
2025-12-19,22:50:00,86.77,86.79,86.74,86.77,48.0
2025-12-19,22:55:00,86.76,86.85,86.74,86.76,199.0
2025-12-19,23:00:00,86.78,86.84,86.75,86.84,59.0
2025-12-19,23:05:00,86.86,86.99,86.83,86.99,309.0
2025-12-19,23:10:00,86.98,86.98,86.89,86.93,63.0
2025-12-19,23:15:00,86.95,86.96,86.87,86.87,68.0
2025-12-19,23:20:00,86.88,86.93,86.85,86.87,67.0
2025-12-19,23:25:00,86.84,86.94,86.79,86.91,49.0
2025-12-19,23:30:00,86.88,86.98,86.88,86.95,117.0
2025-12-19,23:35:00,86.93,86.94,86.86,86.86,71.0
2025-12-19,23:40:00,86.89,86.98,86.89,86.96,235.0
2025-12-19,23:45:00,86.97,87.0,86.95,86.98,151.0
2025-12-19,23:50:00,87.0,87.05,86.97,87.05,225.0
2025-12-19,23:55:00,87.04,87.05,87.0,87.02,111.0
2025-12-20,00:00:00,87.03,87.1,87.02,87.08,191.0
2025-12-20,00:05:00,87.08,87.14,86.96,87.0,360.0
2025-12-20,00:10:00,87.02,87.09,86.99,87.02,230.0
2025-12-20,00:15:00,87.0,87.13,86.98,87.12,146.0
2025-12-20,00:20:00,87.11,87.2,87.09,87.17,246.0
2025-12-20,00:25:00,87.16,87.2,87.12,87.12,117.0
2025-12-20,00:30:00,87.12,87.25,87.11,87.25,193.0
2025-12-20,00:35:00,87.23,87.27,87.16,87.2,162.0
2025-12-20,00:40:00,87.19,87.29,87.18,87.24,105.0
2025-12-20,00:45:00,87.22,87.26,87.1,87.11,195.0
2025-12-20,00:50:00,87.1,87.19,87.05,87.17,151.0
2025-12-20,00:55:00,87.13,87.14,87.05,87.09,123.0
2025-12-22,15:00:00,87.05,87.11,86.92,86.97,165.0
2025-12-22,15:05:00,86.97,87.0,86.9,86.92,108.0
2025-12-22,15:10:00,86.92,87.06,86.92,87.03,56.0
2025-12-22,15:15:00,87.01,87.05,86.97,87.05,41.0
2025-12-22,15:20:00,87.02,87.03,86.91,86.91,31.0
2025-12-22,15:25:00,86.91,86.94,86.85,86.88,67.0
2025-12-22,15:30:00,86.86,87.0,86.85,86.92,72.0
2025-12-22,15:35:00,86.95,86.95,86.84,86.87,37.0
2025-12-22,15:40:00,86.86,86.9,86.82,86.9,20.0
2025-12-22,15:45:00,86.87,86.92,86.86,86.92,31.0
2025-12-22,15:50:00,86.91,87.44,86.89,87.06,266.0
2025-12-22,15:55:00,87.05,87.07,86.92,86.92,65.0
2025-12-22,16:00:00,86.94,87.11,86.9,87.1,162.0
2025-12-22,16:05:00,87.09,87.4,87.08,87.23,289.0
2025-12-22,16:10:00,87.2,87.26,87.13,87.24,125.0
2025-12-22,16:15:00,87.22,87.22,86.9,86.94,167.0
2025-12-22,16:20:00,86.95,86.96,86.8,86.81,161.0
2025-12-22,16:25:00,86.85,86.89,86.74,86.81,84.0
2025-12-22,16:30:00,86.77,86.85,86.76,86.81,65.0
2025-12-22,16:35:00,86.81,86.94,86.81,86.91,43.0
2025-12-22,16:40:00,86.91,86.96,86.89,86.91,40.0
2025-12-22,16:45:00,86.92,86.97,86.89,86.94,42.0
2025-12-22,16:50:00,86.96,86.97,86.91,86.92,56.0
2025-12-22,16:55:00,86.92,86.96,86.88,86.88,65.0
2025-12-22,17:00:00,86.88,86.94,86.74,86.75,90.0
2025-12-22,17:05:00,86.74,86.83,86.72,86.8,74.0
2025-12-22,17:10:00,86.8,86.86,86.71,86.86,96.0
2025-12-22,17:15:00,86.86,86.98,86.8,86.95,98.0
2025-12-22,17:20:00,86.92,87.01,86.91,86.97,75.0
2025-12-22,17:25:00,86.98,87.02,86.94,86.95,35.0
2025-12-22,17:30:00,86.94,87.02,86.88,87.02,70.0
2025-12-22,17:35:00,87.02,87.28,87.02,87.13,156.0
2025-12-22,17:40:00,87.13,87.32,87.13,87.23,171.0
2025-12-22,17:45:00,87.24,87.36,87.2,87.36,134.0
2025-12-22,17:50:00,87.35,87.48,87.3,87.43,201.0
2025-12-22,17:55:00,87.43,87.45,87.35,87.45,63.0
2025-12-22,18:00:00,87.44,87.57,87.44,87.5,327.0
2025-12-22,18:05:00,87.5,87.51,87.4,87.5,82.0
2025-12-22,18:10:00,87.49,87.57,87.47,87.57,126.0
2025-12-22,18:15:00,87.55,87.6,87.48,87.57,135.0
2025-12-22,18:20:00,87.59,87.71,87.57,87.68,172.0
2025-12-22,18:25:00,87.69,87.72,87.64,87.69,81.0
2025-12-22,18:30:00,87.68,87.7,87.53,87.59,94.0
2025-12-22,18:35:00,87.61,87.71,87.59,87.71,46.0
2025-12-22,18:40:00,87.72,87.85,87.72,87.77,286.0
2025-12-22,18:45:00,87.79,87.86,87.76,87.86,145.0
2025-12-22,18:50:00,87.86,87.95,87.83,87.85,294.0
2025-12-22,18:55:00,87.84,87.94,87.82,87.89,178.0
2025-12-22,19:00:00,87.93,87.95,87.82,87.87,91.0
2025-12-22,19:05:00,87.87,87.88,87.79,87.82,30.0
2025-12-22,19:10:00,87.83,87.85,87.72,87.75,56.0
2025-12-22,19:15:00,87.76,87.81,87.68,87.72,46.0
2025-12-22,19:20:00,87.71,87.71,87.64,87.67,63.0
2025-12-22,19:25:00,87.67,87.82,87.67,87.8,98.0
2025-12-22,19:30:00,87.79,87.79,87.72,87.73,40.0
2025-12-22,19:35:00,87.69,87.79,87.69,87.75,50.0
2025-12-22,19:40:00,87.76,87.83,87.6,87.67,139.0
2025-12-22,19:45:00,87.64,87.64,87.55,87.56,113.0
2025-12-22,19:50:00,87.58,87.58,87.45,87.57,106.0
2025-12-22,19:55:00,87.56,87.57,87.49,87.53,98.0
2025-12-22,20:00:00,87.54,87.55,87.49,87.49,161.0
2025-12-22,20:05:00,87.5,87.5,87.36,87.39,125.0
2025-12-22,20:10:00,87.41,87.48,87.38,87.45,145.0
2025-12-22,20:15:00,87.44,87.48,87.42,87.42,41.0
2025-12-22,20:20:00,87.4,87.49,87.4,87.47,92.0
2025-12-22,20:25:00,87.44,87.44,87.27,87.28,155.0
2025-12-22,20:30:00,87.28,87.35,87.18,87.35,323.0
2025-12-22,20:35:00,87.35,87.35,87.32,87.32,44.0
2025-12-22,20:40:00,87.33,87.51,87.33,87.49,75.0
2025-12-22,20:45:00,87.52,87.52,87.41,87.43,63.0
2025-12-22,20:50:00,87.43,87.5,87.42,87.44,90.0
2025-12-22,20:55:00,87.47,87.51,87.42,87.45,57.0
2025-12-22,21:00:00,87.42,87.45,87.41,87.45,65.0
2025-12-22,21:05:00,87.45,87.51,87.42,87.5,89.0
2025-12-22,21:10:00,87.48,87.52,87.25,87.27,235.0
2025-12-22,21:15:00,87.28,87.34,87.26,87.3,63.0
2025-12-22,21:20:00,87.3,87.43,87.26,87.4,89.0
2025-12-22,21:25:00,87.4,87.44,87.35,87.44,103.0
2025-12-22,21:30:00,87.4,87.55,87.4,87.45,172.0
2025-12-22,21:35:00,87.45,87.45,87.36,87.37,62.0
2025-12-22,21:40:00,87.34,87.44,87.33,87.43,64.0
2025-12-22,21:45:00,87.43,87.48,87.39,87.48,72.0
2025-12-22,21:50:00,87.47,87.53,87.45,87.48,50.0
2025-12-22,21:55:00,87.45,87.46,87.28,87.35,114.0
2025-12-22,22:00:00,87.36,87.39,87.3,87.39,40.0
2025-12-22,22:05:00,87.41,87.52,87.4,87.48,104.0
2025-12-22,22:10:00,87.43,87.44,87.31,87.37,69.0
2025-12-22,22:15:00,87.33,87.33,87.16,87.17,140.0
2025-12-22,22:20:00,87.16,87.19,87.05,87.19,184.0
2025-12-22,22:25:00,87.21,87.23,87.14,87.23,94.0
2025-12-22,22:30:00,87.2,87.27,87.07,87.09,209.0
2025-12-22,22:35:00,87.1,87.21,87.1,87.21,93.0
2025-12-22,22:40:00,87.22,87.23,87.15,87.15,76.0
2025-12-22,22:45:00,87.16,87.16,87.05,87.12,93.0
2025-12-22,22:50:00,87.1,87.14,87.04,87.14,102.0
2025-12-22,22:55:00,87.14,87.15,87.0,87.02,198.0
2025-12-22,23:00:00,87.03,87.06,87.01,87.02,130.0
2025-12-22,23:05:00,87.03,87.16,87.03,87.13,57.0
2025-12-22,23:10:00,87.12,87.16,87.07,87.15,132.0
2025-12-22,23:15:00,87.14,87.28,87.11,87.25,142.0
2025-12-22,23:20:00,87.24,87.28,87.14,87.14,90.0
2025-12-22,23:25:00,87.13,87.2,87.13,87.18,87.0
2025-12-22,23:30:00,87.17,87.18,87.12,87.15,177.0
2025-12-22,23:35:00,87.14,87.26,87.08,87.26,134.0
2025-12-22,23:40:00,87.27,87.28,87.18,87.24,136.0
2025-12-22,23:45:00,87.21,87.3,87.2,87.28,206.0
2025-12-22,23:50:00,87.26,87.26,87.19,87.24,128.0
2025-12-22,23:55:00,87.24,87.34,87.14,87.21,241.0
2025-12-23,00:00:00,87.22,87.5,87.21,87.5,320.0
2025-12-23,00:05:00,87.5,87.52,87.36,87.44,304.0
2025-12-23,00:10:00,87.43,87.57,87.43,87.55,272.0
2025-12-23,00:15:00,87.53,87.59,87.47,87.54,121.0
2025-12-23,00:20:00,87.54,87.67,87.54,87.66,180.0
2025-12-23,00:25:00,87.68,87.74,87.64,87.7,178.0
2025-12-23,00:30:00,87.73,87.73,87.69,87.72,104.0
2025-12-23,00:35:00,87.73,87.79,87.68,87.76,122.0
2025-12-23,00:40:00,87.74,87.82,87.72,87.82,87.0
2025-12-23,00:45:00,87.82,87.84,87.77,87.8,88.0
2025-12-23,00:50:00,87.82,87.82,87.71,87.75,168.0
2025-12-23,00:55:00,87.72,87.86,87.7,87.75,392.0
2025-12-23,15:00:00,87.48,87.84,87.48,87.77,99.0
2025-12-23,15:05:00,87.78,87.86,87.78,87.81,66.0
2025-12-23,15:10:00,87.85,87.86,87.83,87.85,28.0
2025-12-23,15:15:00,87.84,87.94,87.84,87.85,106.0
2025-12-23,15:20:00,87.87,87.89,87.81,87.84,33.0
2025-12-23,15:25:00,87.85,87.88,87.85,87.85,10.0
2025-12-23,15:30:00,87.86,87.89,87.8,87.89,41.0
2025-12-23,15:35:00,87.88,87.88,87.77,87.77,12.0
2025-12-23,15:40:00,87.77,87.81,87.76,87.77,40.0
2025-12-23,15:45:00,87.78,87.82,87.73,87.82,27.0
2025-12-23,15:50:00,87.81,87.84,87.7,87.7,32.0
2025-12-23,15:55:00,87.72,87.77,87.72,87.77,28.0
2025-12-23,16:00:00,87.73,87.84,87.7,87.82,50.0
2025-12-23,16:05:00,87.79,87.84,87.79,87.82,35.0
2025-12-23,16:10:00,87.83,87.94,87.81,87.91,100.0
2025-12-23,16:15:00,87.91,88.07,87.91,88.03,569.0
2025-12-23,16:20:00,88.02,88.07,88.0,88.02,33.0
2025-12-23,16:25:00,87.99,88.03,87.84,87.85,90.0
2025-12-23,16:30:00,87.85,87.85,87.67,87.67,82.0
2025-12-23,16:35:00,87.68,87.78,87.64,87.74,117.0
2025-12-23,16:40:00,87.72,87.74,87.62,87.65,62.0
2025-12-23,16:45:00,87.69,87.7,87.62,87.65,83.0
2025-12-23,16:50:00,87.65,87.77,87.63,87.73,69.0
2025-12-23,16:55:00,87.71,87.72,87.66,87.71,53.0
2025-12-23,17:00:00,87.71,87.71,87.66,87.69,65.0
2025-12-23,17:05:00,87.7,87.75,87.68,87.75,29.0
2025-12-23,17:10:00,87.75,87.82,87.75,87.79,128.0
2025-12-23,17:15:00,87.76,87.78,87.71,87.76,74.0
2025-12-23,17:20:00,87.74,87.75,87.7,87.74,38.0
2025-12-23,17:25:00,87.77,87.85,87.77,87.81,62.0
2025-12-23,17:30:00,87.8,88.01,87.8,87.95,272.0
2025-12-23,17:35:00,87.93,87.99,87.9,87.9,87.0
2025-12-23,17:40:00,87.9,87.93,87.88,87.9,44.0
2025-12-23,17:45:00,87.9,88.01,87.9,88.0,120.0
2025-12-23,17:50:00,88.01,88.1,87.96,88.05,384.0
2025-12-23,17:55:00,88.07,88.11,87.9,87.9,201.0
2025-12-23,18:00:00,87.9,87.9,87.77,87.77,78.0
2025-12-23,18:05:00,87.75,87.86,87.75,87.84,68.0
2025-12-23,18:10:00,87.84,87.94,87.84,87.91,47.0
2025-12-23,18:15:00,87.92,88.0,87.88,87.95,100.0
2025-12-23,18:20:00,87.92,87.98,87.91,87.92,51.0
2025-12-23,18:25:00,87.95,87.95,87.87,87.87,25.0
2025-12-23,18:30:00,87.84,87.96,87.79,87.9,126.0
2025-12-23,18:35:00,87.89,87.9,87.84,87.86,58.0
2025-12-23,18:40:00,87.86,87.88,87.85,87.85,26.0
2025-12-23,18:45:00,87.84,87.87,87.74,87.76,122.0
2025-12-23,18:50:00,87.76,87.76,87.67,87.72,172.0
2025-12-23,18:55:00,87.73,87.75,87.69,87.71,83.0
2025-12-23,19:00:00,87.73,87.8,87.73,87.78,70.0
2025-12-23,19:05:00,87.75,87.8,87.75,87.8,86.0
2025-12-23,19:10:00,87.8,87.8,87.74,87.74,75.0
2025-12-23,19:15:00,87.71,87.79,87.69,87.78,78.0
2025-12-23,19:20:00,87.82,87.88,87.82,87.88,93.0
2025-12-23,19:25:00,87.89,87.89,87.72,87.74,33.0
2025-12-23,19:30:00,87.75,87.8,87.74,87.77,73.0
2025-12-23,19:35:00,87.78,87.83,87.71,87.76,72.0
2025-12-23,19:40:00,87.75,87.8,87.75,87.8,61.0
2025-12-23,19:45:00,87.82,87.82,87.78,87.8,22.0
2025-12-23,19:50:00,87.82,87.96,87.82,87.93,106.0
2025-12-23,19:55:00,87.93,88.09,87.92,88.05,226.0
2025-12-23,20:00:00,88.05,88.15,88.05,88.12,212.0
2025-12-23,20:05:00,88.14,88.28,88.1,88.24,341.0
2025-12-23,20:10:00,88.24,88.33,88.23,88.29,265.0
2025-12-23,20:15:00,88.29,88.3,88.2,88.28,225.0
2025-12-23,20:20:00,88.28,88.3,88.22,88.27,168.0
2025-12-23,20:25:00,88.26,88.32,88.25,88.3,64.0
2025-12-23,20:30:00,88.3,88.34,88.3,88.31,140.0
2025-12-23,20:35:00,88.3,88.3,88.2,88.29,379.0
2025-12-23,20:40:00,88.31,88.33,88.28,88.28,88.0
2025-12-23,20:45:00,88.28,88.34,88.28,88.31,91.0
2025-12-23,20:50:00,88.32,88.32,88.23,88.26,50.0
2025-12-23,20:55:00,88.29,88.37,88.29,88.36,77.0
2025-12-23,21:00:00,88.36,88.39,88.31,88.38,107.0
2025-12-23,21:05:00,88.39,88.39,88.33,88.33,146.0
2025-12-23,21:10:00,88.33,88.35,88.29,88.33,56.0
2025-12-23,21:15:00,88.31,88.34,88.3,88.31,46.0
2025-12-23,21:20:00,88.33,88.38,88.28,88.35,158.0
2025-12-23,21:25:00,88.35,88.39,88.35,88.39,112.0
2025-12-23,21:30:00,88.37,88.41,88.35,88.37,166.0
2025-12-23,21:35:00,88.37,88.37,88.21,88.23,76.0
2025-12-23,21:40:00,88.24,88.39,88.24,88.38,158.0
2025-12-23,21:45:00,88.39,88.58,88.39,88.41,643.0
2025-12-23,21:50:00,88.43,88.5,88.42,88.45,113.0
2025-12-23,21:55:00,88.47,88.53,88.46,88.48,79.0
2025-12-23,22:00:00,88.5,88.57,88.49,88.57,223.0
2025-12-23,22:05:00,88.57,88.75,88.53,88.6,500.0
2025-12-23,22:10:00,88.61,88.63,88.5,88.51,277.0
2025-12-23,22:15:00,88.5,88.57,88.47,88.49,160.0
2025-12-23,22:20:00,88.5,88.53,88.47,88.47,111.0
2025-12-23,22:25:00,88.48,88.54,88.47,88.54,71.0
2025-12-23,22:30:00,88.55,88.65,88.55,88.6,180.0
2025-12-23,22:35:00,88.6,88.7,88.59,88.7,125.0
2025-12-23,22:40:00,88.68,88.7,88.61,88.7,176.0
2025-12-23,22:45:00,88.7,88.84,88.7,88.82,280.0
2025-12-23,22:50:00,88.82,88.88,88.76,88.81,277.0
2025-12-23,22:55:00,88.81,88.81,88.71,88.71,99.0
2025-12-23,23:00:00,88.72,88.79,88.69,88.75,169.0
2025-12-23,23:05:00,88.76,88.82,88.61,88.69,348.0
2025-12-23,23:10:00,88.73,88.77,88.67,88.67,173.0
2025-12-23,23:15:00,88.67,88.71,88.62,88.65,115.0
2025-12-23,23:20:00,88.65,88.68,88.61,88.62,106.0
2025-12-23,23:25:00,88.61,88.74,88.6,88.71,123.0
2025-12-23,23:30:00,88.71,88.78,88.65,88.69,130.0
2025-12-23,23:35:00,88.71,88.71,88.65,88.67,63.0
2025-12-23,23:40:00,88.68,88.73,88.65,88.68,130.0
2025-12-23,23:45:00,88.69,88.73,88.61,88.63,208.0
2025-12-23,23:50:00,88.64,88.65,88.54,88.58,134.0
2025-12-23,23:55:00,88.58,88.61,88.52,88.52,116.0
2025-12-24,00:00:00,88.52,88.58,88.52,88.52,150.0
2025-12-24,00:05:00,88.54,88.57,88.47,88.53,219.0
2025-12-24,00:10:00,88.54,88.57,88.51,88.52,189.0
2025-12-24,00:15:00,88.53,88.56,88.39,88.51,415.0
2025-12-24,00:20:00,88.51,88.53,88.47,88.5,100.0
2025-12-24,00:25:00,88.5,88.55,88.48,88.48,111.0
2025-12-24,00:30:00,88.48,88.49,88.32,88.32,159.0
2025-12-24,00:35:00,88.35,88.36,88.27,88.32,159.0
2025-12-24,00:40:00,88.32,88.33,88.24,88.26,114.0
2025-12-24,00:45:00,88.28,88.28,88.24,88.27,44.0
2025-12-24,00:50:00,88.27,88.3,88.26,88.28,111.0
2025-12-24,00:55:00,88.28,88.33,88.26,88.33,205.0
2025-12-24,15:00:00,88.54,88.59,88.34,88.41,131.0
2025-12-24,15:05:00,88.39,88.44,88.39,88.39,80.0
2025-12-24,15:10:00,88.32,88.37,88.3,88.35,48.0
2025-12-24,15:15:00,88.36,88.38,88.29,88.34,29.0
2025-12-24,15:20:00,88.3,88.33,88.26,88.33,34.0
2025-12-24,15:25:00,88.32,88.4,88.31,88.38,21.0
2025-12-24,15:30:00,88.4,88.44,88.35,88.41,37.0
2025-12-24,15:35:00,88.41,88.41,88.34,88.34,14.0
2025-12-24,15:40:00,88.29,88.33,88.26,88.3,59.0
2025-12-24,15:45:00,88.29,88.32,88.23,88.3,46.0
2025-12-24,15:50:00,88.29,88.35,88.24,88.35,52.0
2025-12-24,15:55:00,88.33,88.33,88.27,88.28,69.0
2025-12-24,16:00:00,88.27,88.31,88.23,88.24,120.0
2025-12-24,16:05:00,88.23,88.31,88.23,88.31,99.0
2025-12-24,16:10:00,88.31,88.34,88.18,88.25,110.0
2025-12-24,16:15:00,88.27,88.31,88.25,88.25,50.0
2025-12-24,16:20:00,88.24,88.27,88.16,88.17,150.0
2025-12-24,16:25:00,88.18,88.19,88.13,88.18,33.0
2025-12-24,16:30:00,88.19,88.31,88.18,88.2,53.0
2025-12-24,16:35:00,88.19,88.25,88.18,88.23,44.0
2025-12-24,16:40:00,88.22,88.25,88.2,88.25,92.0
2025-12-24,16:45:00,88.27,88.31,88.27,88.27,22.0
2025-12-24,16:50:00,88.27,88.3,88.27,88.29,65.0
2025-12-24,16:55:00,88.3,88.32,88.25,88.28,64.0
2025-12-24,17:00:00,88.26,88.26,88.13,88.17,145.0
2025-12-24,17:05:00,88.16,88.16,88.05,88.05,99.0
2025-12-24,17:10:00,88.05,88.11,88.05,88.11,33.0
2025-12-24,17:15:00,88.1,88.11,88.03,88.07,69.0
2025-12-24,17:20:00,88.09,88.15,88.09,88.15,16.0
2025-12-24,17:25:00,88.16,88.18,88.16,88.17,21.0
2025-12-24,17:30:00,88.15,88.17,88.09,88.13,54.0
2025-12-24,17:35:00,88.12,88.15,88.09,88.15,52.0
2025-12-24,17:40:00,88.16,88.17,88.13,88.15,23.0
2025-12-24,17:45:00,88.14,88.24,88.14,88.17,41.0
2025-12-24,17:50:00,88.19,88.21,88.19,88.21,14.0
2025-12-24,17:55:00,88.21,88.23,88.17,88.17,70.0
2025-12-24,18:00:00,88.17,88.17,88.02,88.03,68.0
2025-12-24,18:05:00,88.03,88.11,88.0,88.11,101.0
2025-12-24,18:10:00,88.09,88.09,88.05,88.09,74.0
2025-12-24,18:15:00,88.1,88.15,88.07,88.11,57.0
2025-12-24,18:20:00,88.12,88.12,88.0,88.05,106.0
2025-12-24,18:25:00,88.06,88.09,88.04,88.08,18.0
2025-12-24,18:30:00,88.08,88.08,87.96,88.05,78.0
2025-12-24,18:35:00,88.04,88.04,88.0,88.0,35.0
2025-12-24,18:40:00,88.03,88.23,88.01,88.21,184.0
2025-12-24,18:45:00,88.21,88.29,88.19,88.23,147.0
2025-12-24,18:50:00,88.25,88.29,88.22,88.26,89.0
2025-12-24,18:55:00,88.24,88.29,88.23,88.25,50.0
2025-12-24,19:00:00,88.26,88.26,88.03,88.06,95.0
2025-12-24,19:05:00,88.08,88.14,88.08,88.1,15.0
2025-12-24,19:10:00,88.13,88.15,88.1,88.15,49.0
2025-12-24,19:15:00,88.17,88.21,88.16,88.2,18.0
2025-12-24,19:20:00,88.22,88.23,88.17,88.18,41.0
2025-12-24,19:25:00,88.19,88.2,88.17,88.2,15.0
2025-12-24,19:30:00,88.21,88.21,88.15,88.16,24.0
2025-12-24,19:35:00,88.16,88.16,88.13,88.14,8.0
2025-12-24,19:40:00,88.15,88.15,87.98,87.98,34.0
2025-12-24,19:45:00,88.0,88.04,87.91,87.93,43.0
2025-12-24,19:50:00,87.94,87.97,87.91,87.91,51.0
2025-12-24,19:55:00,87.91,88.0,87.91,88.0,34.0
2025-12-24,20:00:00,87.98,88.1,87.92,88.09,93.0
2025-12-24,20:05:00,88.08,88.17,88.08,88.17,52.0
2025-12-24,20:10:00,88.18,88.2,88.11,88.18,73.0
2025-12-24,20:15:00,88.17,88.17,88.14,88.17,28.0
2025-12-24,20:20:00,88.18,88.26,88.18,88.25,51.0
2025-12-24,20:25:00,88.23,88.23,88.12,88.18,57.0
2025-12-24,20:30:00,88.16,88.16,88.09,88.11,58.0
2025-12-24,20:35:00,88.12,88.12,88.05,88.08,107.0
2025-12-24,20:40:00,88.08,88.09,87.99,88.01,44.0
2025-12-24,20:45:00,88.0,88.03,87.99,88.0,22.0
2025-12-24,20:50:00,88.01,88.02,87.95,87.99,47.0
2025-12-24,20:55:00,87.99,88.06,87.98,88.06,72.0
2025-12-29,15:00:00,88.07,88.47,88.07,88.1,296.0
2025-12-29,15:05:00,88.13,88.26,88.03,88.18,91.0
2025-12-29,15:10:00,88.16,88.34,88.14,88.28,81.0
2025-12-29,15:15:00,88.28,88.33,88.25,88.29,12.0
2025-12-29,15:20:00,88.26,88.42,88.23,88.35,60.0
2025-12-29,15:25:00,88.37,88.37,88.33,88.35,14.0
2025-12-29,15:30:00,88.33,88.36,88.29,88.34,33.0
2025-12-29,15:35:00,88.36,88.4,88.33,88.39,77.0
2025-12-29,15:40:00,88.39,88.39,88.25,88.28,54.0
2025-12-29,15:45:00,88.27,88.27,88.12,88.2,48.0
2025-12-29,15:50:00,88.18,88.23,88.17,88.22,17.0
2025-12-29,15:55:00,88.25,88.3,88.24,88.26,37.0
2025-12-29,16:00:00,88.26,88.34,88.21,88.33,140.0
2025-12-29,16:05:00,88.34,88.42,88.1,88.17,339.0
2025-12-29,16:10:00,88.16,88.2,88.09,88.09,105.0
2025-12-29,16:15:00,88.07,88.2,88.05,88.09,79.0
2025-12-29,16:20:00,88.09,88.09,87.95,87.98,83.0
2025-12-29,16:25:00,87.96,87.96,87.88,87.9,160.0
2025-12-29,16:30:00,87.9,87.9,87.77,87.79,166.0
2025-12-29,16:35:00,87.78,87.8,87.73,87.74,148.0
2025-12-29,16:40:00,87.75,87.77,87.6,87.65,185.0
2025-12-29,16:45:00,87.63,87.67,87.53,87.53,229.0
2025-12-29,16:50:00,87.53,87.54,87.47,87.52,337.0
2025-12-29,16:55:00,87.52,87.64,87.45,87.62,103.0
2025-12-29,17:00:00,87.65,87.65,87.5,87.59,169.0
2025-12-29,17:05:00,87.59,87.66,87.59,87.64,167.0
2025-12-29,17:10:00,87.65,87.68,87.61,87.64,111.0
2025-12-29,17:15:00,87.63,87.63,87.56,87.58,108.0
2025-12-29,17:20:00,87.58,87.65,87.54,87.6,148.0
2025-12-29,17:25:00,87.6,87.65,87.59,87.59,119.0
2025-12-29,17:30:00,87.6,87.63,87.47,87.48,211.0
2025-12-29,17:35:00,87.47,87.53,87.45,87.49,156.0
2025-12-29,17:40:00,87.49,87.5,87.45,87.49,114.0
2025-12-29,17:45:00,87.49,87.51,87.45,87.47,69.0
2025-12-29,17:50:00,87.48,87.49,87.38,87.38,157.0
2025-12-29,17:55:00,87.38,87.54,87.37,87.54,127.0
2025-12-29,18:00:00,87.53,87.53,87.42,87.42,72.0
2025-12-29,18:05:00,87.42,87.6,87.42,87.6,97.0
2025-12-29,18:10:00,87.6,87.63,87.53,87.56,144.0
2025-12-29,18:15:00,87.54,87.6,87.5,87.56,70.0
2025-12-29,18:20:00,87.56,87.71,87.55,87.68,223.0
2025-12-29,18:25:00,87.67,87.74,87.67,87.73,43.0
2025-12-29,18:30:00,87.74,87.79,87.64,87.78,323.0
2025-12-29,18:35:00,87.78,87.82,87.75,87.77,165.0
2025-12-29,18:40:00,87.78,87.8,87.74,87.78,77.0
2025-12-29,18:45:00,87.78,87.85,87.78,87.8,83.0
2025-12-29,18:50:00,87.78,87.84,87.72,87.73,128.0
2025-12-29,18:55:00,87.72,87.72,87.6,87.64,90.0
2025-12-29,19:00:00,87.63,87.66,87.57,87.62,155.0
2025-12-29,19:05:00,87.62,87.65,87.55,87.65,151.0
2025-12-29,19:10:00,87.64,87.7,87.62,87.68,40.0
2025-12-29,19:15:00,87.7,87.75,87.66,87.68,71.0
2025-12-29,19:20:00,87.7,87.74,87.7,87.72,41.0
2025-12-29,19:25:00,87.73,87.73,87.64,87.65,76.0
2025-12-29,19:30:00,87.66,87.7,87.64,87.67,62.0
2025-12-29,19:35:00,87.7,87.7,87.67,87.68,15.0
2025-12-29,19:40:00,87.68,87.73,87.67,87.71,36.0
2025-12-29,19:45:00,87.69,87.75,87.68,87.74,62.0
2025-12-29,19:50:00,87.73,87.75,87.71,87.73,28.0
2025-12-29,19:55:00,87.73,87.78,87.71,87.75,35.0
2025-12-29,20:00:00,87.73,87.76,87.7,87.76,29.0
2025-12-29,20:05:00,87.77,87.89,87.76,87.83,103.0
2025-12-29,20:10:00,87.85,87.89,87.85,87.89,68.0
2025-12-29,20:15:00,87.87,87.95,87.86,87.9,200.0
2025-12-29,20:20:00,87.89,87.92,87.88,87.91,50.0
2025-12-29,20:25:00,87.95,88.0,87.89,87.96,268.0
2025-12-29,20:30:00,87.96,87.96,87.91,87.91,69.0
2025-12-29,20:35:00,87.93,87.93,87.88,87.92,89.0
2025-12-29,20:40:00,87.91,87.96,87.86,87.94,45.0
2025-12-29,20:45:00,87.94,87.94,87.9,87.92,47.0
2025-12-29,20:50:00,87.96,87.96,87.84,87.87,100.0
2025-12-29,20:55:00,87.9,87.97,87.9,87.94,58.0
2025-12-29,21:00:00,87.93,87.97,87.9,87.93,92.0
2025-12-29,21:05:00,87.94,87.98,87.93,87.95,93.0
2025-12-29,21:10:00,87.94,88.05,87.94,87.99,219.0
2025-12-29,21:15:00,88.0,88.05,87.99,88.03,118.0
2025-12-29,21:20:00,88.04,88.09,88.04,88.07,57.0
2025-12-29,21:25:00,88.06,88.07,88.05,88.06,52.0
2025-12-29,21:30:00,88.05,88.06,87.96,87.97,137.0
2025-12-29,21:35:00,87.98,88.03,87.95,88.03,106.0
2025-12-29,21:40:00,88.02,88.02,87.94,87.99,64.0
2025-12-29,21:45:00,88.0,88.0,87.86,87.89,80.0
2025-12-29,21:50:00,87.89,87.98,87.85,87.91,124.0
2025-12-29,21:55:00,87.92,88.05,87.92,88.02,113.0
2025-12-29,22:00:00,88.01,88.01,87.93,87.94,73.0
2025-12-29,22:05:00,87.91,87.95,87.83,87.95,114.0
2025-12-29,22:10:00,87.95,88.05,87.94,88.03,104.0
2025-12-29,22:15:00,88.04,88.18,88.04,88.15,289.0
2025-12-29,22:20:00,88.14,88.18,88.12,88.16,65.0
2025-12-29,22:25:00,88.17,88.18,88.15,88.16,63.0
2025-12-29,22:30:00,88.15,88.2,88.12,88.16,196.0
2025-12-29,22:35:00,88.15,88.24,88.15,88.21,96.0
2025-12-29,22:40:00,88.2,88.24,88.05,88.08,133.0
2025-12-29,22:45:00,88.08,88.12,88.0,88.02,145.0
2025-12-29,22:50:00,88.02,88.02,87.88,87.89,137.0
2025-12-29,22:55:00,87.89,87.9,87.8,87.8,146.0
2025-12-29,23:00:00,87.79,87.79,87.68,87.71,136.0
2025-12-29,23:05:00,87.71,87.71,87.56,87.61,237.0
2025-12-29,23:10:00,87.63,87.81,87.63,87.81,117.0
2025-12-29,23:15:00,87.82,87.83,87.73,87.76,91.0
2025-12-29,23:20:00,87.76,87.76,87.65,87.71,115.0
2025-12-29,23:25:00,87.7,87.85,87.64,87.68,98.0
2025-12-29,23:30:00,87.68,87.71,87.63,87.63,76.0
2025-12-29,23:35:00,87.63,87.63,87.5,87.51,264.0
2025-12-29,23:40:00,87.53,87.55,87.45,87.5,215.0
2025-12-29,23:45:00,87.48,87.48,87.4,87.41,112.0
2025-12-29,23:50:00,87.42,87.5,87.35,87.39,214.0
2025-12-29,23:55:00,87.37,87.49,87.37,87.48,102.0
2025-12-30,00:00:00,87.49,87.5,87.39,87.42,178.0
2025-12-30,00:05:00,87.43,87.51,87.42,87.49,145.0
2025-12-30,00:10:00,87.48,87.55,87.34,87.4,242.0
2025-12-30,00:15:00,87.4,87.5,87.4,87.5,121.0
2025-12-30,00:20:00,87.51,87.51,87.42,87.45,64.0
2025-12-30,00:25:00,87.42,87.42,87.32,87.39,141.0
2025-12-30,00:30:00,87.39,87.4,87.36,87.37,48.0
2025-12-30,00:35:00,87.36,87.36,87.28,87.35,223.0
2025-12-30,00:40:00,87.35,87.37,87.31,87.37,124.0
2025-12-30,00:45:00,87.33,87.33,87.25,87.31,125.0
2025-12-30,00:50:00,87.31,87.35,87.28,87.31,113.0
2025-12-30,00:55:00,87.31,87.35,87.29,87.3,94.0
2025-12-30,15:00:00,87.25,87.3,87.11,87.27,213.0
2025-12-30,15:05:00,87.25,87.25,87.17,87.17,41.0
2025-12-30,15:10:00,87.2,87.2,87.11,87.16,83.0
2025-12-30,15:15:00,87.15,87.23,87.15,87.21,66.0
2025-12-30,15:20:00,87.22,87.25,87.19,87.19,18.0
2025-12-30,15:25:00,87.17,87.2,87.16,87.2,37.0
2025-12-30,15:30:00,87.21,87.21,87.19,87.2,21.0
2025-12-30,15:35:00,87.2,87.37,87.2,87.35,75.0
2025-12-30,15:40:00,87.35,87.6,87.34,87.6,369.0
2025-12-30,15:45:00,87.59,87.6,87.53,87.53,47.0
2025-12-30,15:50:00,87.55,87.55,87.47,87.54,48.0
2025-12-30,15:55:00,87.51,87.54,87.48,87.53,37.0
2025-12-30,16:00:00,87.52,87.58,87.51,87.57,106.0
2025-12-30,16:05:00,87.56,87.57,87.51,87.57,42.0
2025-12-30,16:10:00,87.53,87.53,87.47,87.47,86.0
2025-12-30,16:15:00,87.48,87.5,87.41,87.42,42.0
2025-12-30,16:20:00,87.41,87.42,87.31,87.4,104.0
2025-12-30,16:25:00,87.38,87.54,87.36,87.54,21.0
2025-12-30,16:30:00,87.53,87.54,87.44,87.44,155.0
2025-12-30,16:35:00,87.42,87.44,87.27,87.28,98.0
2025-12-30,16:40:00,87.26,87.32,87.25,87.3,115.0
2025-12-30,16:45:00,87.28,87.29,87.27,87.27,16.0
2025-12-30,16:50:00,87.28,87.35,87.25,87.33,96.0
2025-12-30,16:55:00,87.31,87.47,87.31,87.44,40.0
2025-12-30,17:00:00,87.43,87.46,87.36,87.37,120.0
2025-12-30,17:05:00,87.37,87.44,87.37,87.4,38.0
2025-12-30,17:10:00,87.4,87.4,87.32,87.36,112.0
2025-12-30,17:15:00,87.35,87.46,87.33,87.46,66.0
2025-12-30,17:20:00,87.44,87.44,87.28,87.29,60.0
2025-12-30,17:25:00,87.3,87.33,87.2,87.22,146.0
2025-12-30,17:30:00,87.24,87.25,87.15,87.16,131.0
2025-12-30,17:35:00,87.16,87.17,87.13,87.15,136.0
2025-12-30,17:40:00,87.14,87.29,87.14,87.23,73.0
2025-12-30,17:45:00,87.23,87.25,87.13,87.19,152.0
2025-12-30,17:50:00,87.22,87.39,87.22,87.39,115.0
2025-12-30,17:55:00,87.39,87.43,87.28,87.29,105.0
2025-12-30,18:00:00,87.28,87.28,87.22,87.25,79.0
2025-12-30,18:05:00,87.25,87.29,87.22,87.22,63.0
2025-12-30,18:10:00,87.23,87.24,87.15,87.17,126.0
2025-12-30,18:15:00,87.15,87.17,87.11,87.12,219.0
2025-12-30,18:20:00,87.12,87.26,87.11,87.26,133.0
2025-12-30,18:25:00,87.25,87.32,87.24,87.29,125.0
2025-12-30,18:30:00,87.3,87.31,87.26,87.29,71.0
2025-12-30,18:35:00,87.24,87.24,87.17,87.17,61.0
2025-12-30,18:40:00,87.16,87.19,87.11,87.15,137.0
2025-12-30,18:45:00,87.15,87.2,87.15,87.16,43.0
2025-12-30,18:50:00,87.17,87.19,87.12,87.13,65.0
2025-12-30,18:55:00,87.13,87.14,87.11,87.13,82.0
2025-12-30,19:00:00,87.12,87.14,87.11,87.11,87.0
2025-12-30,19:05:00,87.12,87.13,87.11,87.12,35.0
2025-12-30,19:10:00,87.13,87.16,87.12,87.15,41.0
2025-12-30,19:15:00,87.17,87.3,87.17,87.18,109.0
2025-12-30,19:20:00,87.18,87.22,87.14,87.16,112.0
2025-12-30,19:25:00,87.15,87.16,87.1,87.16,83.0
2025-12-30,19:30:00,87.14,87.22,87.13,87.22,83.0
2025-12-30,19:35:00,87.2,87.25,87.16,87.16,50.0
2025-12-30,19:40:00,87.15,87.17,87.1,87.14,62.0
2025-12-30,19:45:00,87.14,87.14,87.08,87.12,167.0
2025-12-30,19:50:00,87.12,87.19,87.12,87.19,59.0
2025-12-30,19:55:00,87.18,87.21,87.18,87.18,22.0
2025-12-30,20:00:00,87.19,87.23,87.16,87.16,92.0
2025-12-30,20:05:00,87.17,87.18,87.15,87.18,57.0
2025-12-30,20:10:00,87.18,87.25,87.15,87.25,64.0
2025-12-30,20:15:00,87.23,87.23,87.17,87.19,75.0
2025-12-30,20:20:00,87.19,87.2,87.15,87.2,54.0
2025-12-30,20:25:00,87.2,87.21,87.19,87.21,39.0
2025-12-30,20:30:00,87.23,87.24,87.2,87.21,28.0
2025-12-30,20:35:00,87.2,87.24,87.2,87.24,21.0
2025-12-30,20:40:00,87.22,87.3,87.22,87.27,56.0
2025-12-30,20:45:00,87.29,87.32,87.25,87.27,81.0
2025-12-30,20:50:00,87.28,87.31,87.25,87.31,33.0
2025-12-30,20:55:00,87.32,87.35,87.27,87.35,45.0
2025-12-30,21:00:00,87.34,87.36,87.3,87.33,57.0
2025-12-30,21:05:00,87.31,87.31,87.27,87.29,81.0
2025-12-30,21:10:00,87.29,87.41,87.29,87.37,106.0
2025-12-30,21:15:00,87.35,87.35,87.29,87.31,88.0
2025-12-30,21:20:00,87.3,87.3,87.25,87.26,59.0
2025-12-30,21:25:00,87.26,87.33,87.25,87.3,46.0
2025-12-30,21:30:00,87.31,87.35,87.29,87.3,73.0
2025-12-30,21:35:00,87.3,87.3,87.15,87.15,79.0
2025-12-30,21:40:00,87.15,87.15,87.1,87.13,65.0
2025-12-30,21:45:00,87.14,87.14,87.09,87.09,75.0
2025-12-30,21:50:00,87.1,87.1,87.04,87.04,123.0
2025-12-30,21:55:00,87.04,87.07,87.02,87.07,138.0
2025-12-30,22:00:00,87.08,87.1,87.0,87.0,237.0
2025-12-30,22:05:00,87.0,87.03,86.98,87.02,238.0
2025-12-30,22:10:00,87.03,87.03,86.98,87.01,42.0
2025-12-30,22:15:00,87.01,87.01,86.96,86.96,57.0
2025-12-30,22:20:00,86.96,86.97,86.92,86.95,148.0
2025-12-30,22:25:00,86.95,86.98,86.95,86.98,27.0
2025-12-30,22:30:00,86.98,87.0,86.95,86.96,98.0
2025-12-30,22:35:00,86.97,87.03,86.97,87.01,97.0
2025-12-30,22:40:00,87.01,87.06,86.98,87.02,120.0
2025-12-30,22:45:00,87.03,87.03,86.96,86.97,84.0
2025-12-30,22:50:00,86.97,86.99,86.95,86.97,71.0
2025-12-30,22:55:00,86.97,87.04,86.97,87.04,52.0
2025-12-30,23:00:00,87.04,87.04,86.97,86.99,63.0
2025-12-30,23:05:00,86.99,87.01,86.97,87.01,74.0
2025-12-30,23:10:00,86.99,87.04,86.95,87.04,109.0
2025-12-30,23:15:00,87.04,87.24,87.02,87.2,155.0
2025-12-30,23:20:00,87.22,87.31,87.22,87.29,125.0
2025-12-30,23:25:00,87.3,87.31,87.2,87.22,102.0
2025-12-30,23:30:00,87.21,87.29,87.2,87.26,91.0
2025-12-30,23:35:00,87.26,87.34,87.26,87.34,110.0
2025-12-30,23:40:00,87.34,87.35,87.23,87.26,57.0
2025-12-30,23:45:00,87.27,87.3,87.26,87.29,35.0
2025-12-30,23:50:00,87.29,87.33,87.26,87.3,112.0
2025-12-30,23:55:00,87.3,87.3,87.15,87.2,183.0
2025-12-31,00:00:00,87.21,87.25,87.18,87.23,111.0
2025-12-31,00:05:00,87.24,87.27,87.2,87.24,204.0
2025-12-31,00:10:00,87.25,87.32,87.23,87.3,320.0
2025-12-31,00:15:00,87.3,87.32,87.26,87.26,135.0
2025-12-31,00:20:00,87.26,87.28,87.23,87.26,72.0
2025-12-31,00:25:00,87.24,87.26,87.22,87.22,74.0
2025-12-31,00:30:00,87.21,87.22,87.18,87.22,61.0
2025-12-31,00:35:00,87.24,87.24,87.09,87.15,71.0
2025-12-31,00:40:00,87.15,87.19,87.15,87.18,38.0
2025-12-31,00:45:00,87.19,87.19,87.14,87.18,83.0
2025-12-31,00:50:00,87.17,87.18,87.06,87.09,64.0
2025-12-31,00:55:00,87.08,87.14,87.07,87.13,73.0
2025-12-31,15:00:00,86.99,87.27,86.99,87.14,87.0
2025-12-31,15:05:00,87.11,87.13,87.11,87.11,12.0
2025-12-31,15:10:00,87.12,87.14,87.09,87.11,13.0
2025-12-31,15:15:00,87.13,87.13,87.1,87.1,8.0
2025-12-31,15:20:00,87.09,87.13,87.06,87.12,19.0
2025-12-31,15:25:00,87.12,87.14,87.05,87.05,60.0
2025-12-31,15:30:00,87.04,87.05,86.98,87.03,111.0
2025-12-31,15:35:00,87.03,87.03,86.96,86.99,54.0
2025-12-31,15:40:00,87.0,87.05,86.98,87.03,34.0
2025-12-31,15:45:00,87.0,87.03,86.97,86.97,38.0
2025-12-31,15:50:00,86.95,86.96,86.9,86.95,44.0
2025-12-31,15:55:00,86.94,87.04,86.92,87.01,62.0
2025-12-31,16:00:00,87.01,87.01,86.91,86.97,90.0
2025-12-31,16:05:00,86.95,86.95,86.87,86.93,126.0
2025-12-31,16:10:00,86.93,86.95,86.87,86.89,34.0
2025-12-31,16:15:00,86.86,86.96,86.83,86.91,55.0
2025-12-31,16:20:00,86.91,87.02,86.91,87.0,84.0
2025-12-31,16:25:00,87.0,87.1,86.97,87.05,45.0
2025-12-31,16:30:00,87.06,87.07,86.98,86.98,46.0
2025-12-31,16:35:00,86.99,86.99,86.87,86.92,94.0
2025-12-31,16:40:00,86.92,86.96,86.91,86.95,33.0
2025-12-31,16:45:00,86.95,86.98,86.9,86.96,48.0
2025-12-31,16:50:00,86.97,87.35,86.97,87.16,99.0
2025-12-31,16:55:00,87.16,87.21,87.14,87.16,82.0
2025-12-31,17:00:00,87.16,87.26,87.15,87.22,93.0
2025-12-31,17:05:00,87.24,87.3,87.24,87.24,54.0
2025-12-31,17:10:00,87.22,87.33,87.21,87.3,68.0
2025-12-31,17:15:00,87.32,87.44,87.32,87.44,89.0
2025-12-31,17:20:00,87.43,87.47,87.4,87.44,82.0
2025-12-31,17:25:00,87.42,87.44,87.4,87.43,46.0
2025-12-31,17:30:00,87.44,87.44,87.37,87.4,48.0
2025-12-31,17:35:00,87.4,87.4,87.3,87.34,61.0
2025-12-31,17:40:00,87.33,87.33,87.25,87.26,24.0
2025-12-31,17:45:00,87.22,87.33,87.22,87.3,37.0
2025-12-31,17:50:00,87.3,87.35,87.29,87.34,54.0
2025-12-31,17:55:00,87.33,87.37,87.33,87.37,62.0
2025-12-31,18:00:00,87.39,87.39,87.27,87.3,77.0
2025-12-31,18:05:00,87.29,87.33,87.25,87.29,69.0
2025-12-31,18:10:00,87.29,87.3,87.25,87.28,30.0
2025-12-31,18:15:00,87.28,87.39,87.28,87.37,52.0
2025-12-31,18:20:00,87.38,87.39,87.3,87.32,41.0
2025-12-31,18:25:00,87.25,87.25,87.17,87.2,36.0
2025-12-31,18:30:00,87.22,87.22,87.1,87.15,87.0
2025-12-31,18:35:00,87.16,87.24,87.16,87.24,86.0
2025-12-31,18:40:00,87.22,87.23,87.13,87.22,66.0
2025-12-31,18:45:00,87.22,87.22,87.11,87.12,54.0
2025-12-31,18:50:00,87.13,87.18,87.1,87.18,98.0
2025-12-31,18:55:00,87.18,87.3,87.18,87.27,83.0
2025-12-31,19:00:00,87.28,87.29,87.21,87.21,55.0
2025-12-31,19:05:00,87.22,87.33,87.22,87.31,76.0
2025-12-31,19:10:00,87.3,87.38,87.29,87.34,105.0
2025-12-31,19:15:00,87.35,87.4,87.35,87.36,78.0
2025-12-31,19:20:00,87.36,87.37,87.31,87.33,28.0
2025-12-31,19:25:00,87.34,87.34,87.28,87.3,60.0
2025-12-31,19:30:00,87.31,87.36,87.3,87.35,80.0
2025-12-31,19:35:00,87.35,87.38,87.33,87.35,39.0
2025-12-31,19:40:00,87.37,87.37,87.26,87.26,52.0
2025-12-31,19:45:00,87.26,87.3,87.26,87.27,65.0
2025-12-31,19:50:00,87.28,87.3,87.27,87.3,27.0
2025-12-31,19:55:00,87.29,87.29,87.26,87.27,143.0
2025-12-31,20:00:00,87.27,87.29,87.24,87.28,101.0
2025-12-31,20:05:00,87.28,87.37,87.28,87.35,33.0
2025-12-31,20:10:00,87.35,87.36,87.31,87.33,26.0
2025-12-31,20:15:00,87.32,87.33,87.26,87.27,49.0
2025-12-31,20:20:00,87.26,87.33,87.26,87.33,95.0
2025-12-31,20:25:00,87.31,87.32,87.28,87.28,10.0
2025-12-31,20:30:00,87.28,87.28,87.26,87.26,129.0
2025-12-31,20:35:00,87.26,87.32,87.26,87.32,83.0
2025-12-31,20:40:00,87.34,87.44,87.34,87.44,52.0
2025-12-31,20:45:00,87.43,87.5,87.43,87.48,176.0
2025-12-31,20:50:00,87.49,87.52,87.36,87.4,171.0
2025-12-31,20:55:00,87.39,87.39,87.22,87.26,190.0
2026-01-02,15:00:00,87.55,87.75,87.47,87.72,302.0
2026-01-02,15:05:00,87.72,87.75,87.7,87.74,136.0
2026-01-02,15:10:00,87.71,87.77,87.7,87.73,73.0
2026-01-02,15:15:00,87.73,87.79,87.71,87.78,69.0
2026-01-02,15:20:00,87.77,87.81,87.73,87.75,53.0
2026-01-02,15:25:00,87.76,87.9,87.76,87.9,111.0
2026-01-02,15:30:00,87.9,88.14,87.87,88.1,444.0
2026-01-02,15:35:00,88.09,88.13,88.06,88.11,93.0
2026-01-02,15:40:00,88.14,88.14,88.07,88.12,176.0
2026-01-02,15:45:00,88.1,88.15,88.07,88.08,97.0
2026-01-02,15:50:00,88.07,88.07,87.99,88.05,84.0
2026-01-02,15:55:00,88.06,88.11,88.02,88.11,75.0
2026-01-02,16:00:00,88.11,88.53,88.11,88.53,742.0
2026-01-02,16:05:00,88.54,88.65,88.5,88.64,214.0
2026-01-02,16:10:00,88.63,88.74,88.61,88.72,202.0
2026-01-02,16:15:00,88.71,88.85,88.71,88.84,211.0
2026-01-02,16:20:00,88.83,88.87,88.75,88.8,308.0
2026-01-02,16:25:00,88.82,88.88,88.82,88.84,184.0
2026-01-02,16:30:00,88.84,88.85,88.73,88.78,376.0
2026-01-02,16:35:00,88.79,88.79,88.76,88.77,196.0
2026-01-02,16:40:00,88.77,88.78,88.73,88.77,218.0
2026-01-02,16:45:00,88.78,88.8,88.69,88.78,206.0
2026-01-02,16:50:00,88.78,88.8,88.65,88.67,157.0
2026-01-02,16:55:00,88.7,88.79,88.69,88.76,111.0
2026-01-02,17:00:00,88.76,88.76,88.54,88.58,178.0
2026-01-02,17:05:00,88.59,88.77,88.58,88.77,302.0
2026-01-02,17:10:00,88.77,88.84,88.75,88.82,253.0
2026-01-02,17:15:00,88.82,88.82,88.65,88.7,104.0
2026-01-02,17:20:00,88.71,88.8,88.68,88.77,145.0
2026-01-02,17:25:00,88.77,88.78,88.69,88.71,116.0
2026-01-02,17:30:00,88.71,88.84,88.66,88.82,231.0
2026-01-02,17:35:00,88.82,88.85,88.77,88.77,119.0
2026-01-02,17:40:00,88.77,88.79,88.7,88.7,127.0
2026-01-02,17:45:00,88.69,88.73,88.67,88.7,313.0
2026-01-02,17:50:00,88.7,88.79,88.64,88.78,233.0
2026-01-02,17:55:00,88.8,88.81,88.7,88.8,171.0
2026-01-02,18:00:00,88.78,88.78,88.69,88.69,70.0
2026-01-02,18:05:00,88.71,88.71,88.62,88.66,55.0
2026-01-02,18:10:00,88.67,88.71,88.62,88.63,69.0
2026-01-02,18:15:00,88.65,88.66,88.58,88.62,46.0
2026-01-02,18:20:00,88.62,88.64,88.55,88.6,75.0
2026-01-02,18:25:00,88.62,88.62,88.55,88.59,33.0
2026-01-02,18:30:00,88.61,88.61,88.33,88.35,355.0
2026-01-02,18:35:00,88.36,88.4,88.34,88.37,149.0
2026-01-02,18:40:00,88.38,88.38,88.27,88.32,262.0
2026-01-02,18:45:00,88.31,88.31,88.24,88.26,185.0
2026-01-02,18:50:00,88.25,88.42,88.24,88.34,269.0
2026-01-02,18:55:00,88.33,88.33,88.2,88.25,152.0
2026-01-02,19:00:00,88.25,88.3,88.22,88.28,69.0
2026-01-02,19:05:00,88.27,88.4,88.23,88.38,123.0
2026-01-02,19:10:00,88.39,88.46,88.36,88.38,185.0
2026-01-02,19:15:00,88.4,88.75,88.4,88.58,434.0
2026-01-02,19:20:00,88.56,88.58,88.49,88.51,76.0
2026-01-02,19:25:00,88.52,88.52,88.44,88.45,53.0
2026-01-02,19:30:00,88.45,88.45,88.39,88.44,85.0
2026-01-02,19:35:00,88.43,88.5,88.43,88.49,99.0
2026-01-02,19:40:00,88.49,88.5,88.46,88.47,35.0
2026-01-02,19:45:00,88.47,88.49,88.39,88.4,61.0
2026-01-02,19:50:00,88.4,88.4,88.37,88.38,22.0
2026-01-02,19:55:00,88.38,88.45,88.35,88.45,93.0
2026-01-02,20:00:00,88.45,88.47,88.37,88.44,36.0
2026-01-02,20:05:00,88.43,88.44,88.42,88.42,8.0
2026-01-02,20:10:00,88.42,88.51,88.42,88.51,16.0
2026-01-02,20:15:00,88.5,88.51,88.49,88.49,8.0
2026-01-02,20:20:00,88.47,88.48,88.47,88.47,12.0
2026-01-02,20:25:00,88.47,88.5,88.46,88.46,16.0
2026-01-02,20:30:00,88.4,88.43,88.34,88.43,60.0
2026-01-02,20:35:00,88.45,88.48,88.43,88.44,13.0
2026-01-02,20:40:00,88.44,88.48,88.42,88.48,11.0
2026-01-02,20:45:00,88.48,88.6,88.48,88.6,50.0
2026-01-02,20:50:00,88.61,88.69,88.61,88.69,64.0
2026-01-02,20:55:00,88.69,88.77,88.69,88.75,135.0
2026-01-02,21:00:00,88.73,88.82,88.73,88.78,85.0
2026-01-02,21:05:00,88.77,88.78,88.74,88.77,44.0
2026-01-02,21:10:00,88.76,88.78,88.72,88.74,27.0
2026-01-02,21:15:00,88.78,88.78,88.74,88.77,70.0
2026-01-02,21:20:00,88.77,88.88,88.75,88.86,283.0
2026-01-02,21:25:00,88.87,88.88,88.78,88.81,53.0
2026-01-02,21:30:00,88.8,88.85,88.8,88.84,52.0
2026-01-02,21:35:00,88.83,88.83,88.7,88.7,94.0
2026-01-02,21:40:00,88.7,88.73,88.7,88.72,27.0
2026-01-02,21:45:00,88.71,88.74,88.65,88.68,48.0
2026-01-02,21:50:00,88.67,88.74,88.66,88.67,48.0
2026-01-02,21:55:00,88.68,88.76,88.68,88.76,50.0
2026-01-02,22:00:00,88.79,88.85,88.76,88.85,136.0
2026-01-02,22:05:00,88.85,88.85,88.81,88.81,132.0
2026-01-02,22:10:00,88.84,88.85,88.83,88.85,51.0
2026-01-02,22:15:00,88.82,88.82,88.75,88.8,65.0
2026-01-02,22:20:00,88.82,88.85,88.8,88.81,102.0
2026-01-02,22:25:00,88.8,88.8,88.7,88.71,50.0
2026-01-02,22:30:00,88.68,88.7,88.57,88.68,72.0
2026-01-02,22:35:00,88.68,88.7,88.65,88.7,9.0
2026-01-02,22:40:00,88.65,88.74,88.63,88.73,40.0
2026-01-02,22:45:00,88.77,88.8,88.75,88.78,65.0
2026-01-02,22:50:00,88.8,88.8,88.65,88.65,171.0
2026-01-02,22:55:00,88.66,88.66,88.6,88.6,92.0
2026-01-02,23:00:00,88.64,88.66,88.56,88.57,57.0
2026-01-02,23:05:00,88.55,88.56,88.52,88.53,130.0
2026-01-02,23:10:00,88.51,88.52,88.33,88.38,150.0
2026-01-02,23:15:00,88.37,88.43,88.35,88.43,95.0
2026-01-02,23:20:00,88.43,88.45,88.31,88.33,128.0
2026-01-02,23:25:00,88.32,88.32,88.22,88.26,108.0
2026-01-02,23:30:00,88.25,88.32,88.22,88.32,156.0
2026-01-02,23:35:00,88.32,88.33,88.25,88.3,95.0
2026-01-02,23:40:00,88.29,88.4,88.28,88.36,83.0
2026-01-02,23:45:00,88.36,88.49,88.34,88.42,103.0
2026-01-02,23:50:00,88.39,88.4,88.22,88.29,209.0
2026-01-02,23:55:00,88.3,88.31,88.27,88.29,53.0
2026-01-03,00:00:00,88.3,88.37,88.27,88.33,64.0
2026-01-03,00:05:00,88.33,88.37,88.31,88.37,80.0
2026-01-03,00:10:00,88.35,88.35,88.27,88.3,141.0
2026-01-03,00:15:00,88.31,88.4,88.31,88.35,50.0
2026-01-03,00:20:00,88.36,88.37,88.34,88.36,75.0
2026-01-03,00:25:00,88.35,88.43,88.33,88.4,59.0
2026-01-03,00:30:00,88.42,88.46,88.39,88.42,101.0
2026-01-03,00:35:00,88.42,88.5,88.41,88.46,83.0
2026-01-03,00:40:00,88.46,88.47,88.34,88.36,92.0
2026-01-03,00:45:00,88.35,88.36,88.22,88.22,243.0
2026-01-03,00:50:00,88.23,88.33,88.23,88.31,33.0
2026-01-03,00:55:00,88.31,88.31,88.26,88.3,148.0
2026-01-05,15:00:00,88.09,88.1,87.79,88.05,646.0
2026-01-05,15:05:00,88.05,88.1,87.9,87.93,268.0
2026-01-05,15:10:00,87.93,87.95,87.76,87.76,276.0
2026-01-05,15:15:00,87.77,87.81,87.64,87.7,209.0
2026-01-05,15:20:00,87.72,87.89,87.72,87.88,171.0
2026-01-05,15:25:00,87.87,87.87,87.8,87.81,59.0
2026-01-05,15:30:00,87.8,87.81,87.74,87.76,165.0
2026-01-05,15:35:00,87.75,87.77,87.75,87.77,168.0
2026-01-05,15:40:00,87.75,88.17,87.75,87.93,307.0
2026-01-05,15:45:00,87.89,87.91,87.81,87.81,47.0
2026-01-05,15:50:00,87.83,87.89,87.83,87.89,76.0
2026-01-05,15:55:00,87.9,87.92,87.81,87.81,74.0
2026-01-05,16:00:00,87.82,87.91,87.79,87.8,176.0
2026-01-05,16:05:00,87.75,87.79,87.73,87.73,129.0
2026-01-05,16:10:00,87.74,87.85,87.73,87.85,193.0
2026-01-05,16:15:00,87.85,87.86,87.74,87.76,129.0
2026-01-05,16:20:00,87.75,87.79,87.68,87.79,159.0
2026-01-05,16:25:00,87.79,87.79,87.62,87.63,134.0
2026-01-05,16:30:00,87.62,87.66,87.54,87.62,274.0
2026-01-05,16:35:00,87.63,87.7,87.59,87.66,151.0
2026-01-05,16:40:00,87.67,87.68,87.55,87.62,81.0
2026-01-05,16:45:00,87.62,87.64,87.45,87.55,370.0
2026-01-05,16:50:00,87.5,87.55,87.47,87.55,178.0
2026-01-05,16:55:00,87.59,87.73,87.59,87.68,151.0
2026-01-05,17:00:00,87.67,87.69,87.54,87.62,131.0
2026-01-05,17:05:00,87.6,87.66,87.59,87.66,36.0
2026-01-05,17:10:00,87.67,87.93,87.61,87.84,247.0
2026-01-05,17:15:00,87.86,87.95,87.8,87.82,194.0
2026-01-05,17:20:00,87.8,87.88,87.77,87.87,180.0
2026-01-05,17:25:00,87.89,88.05,87.89,87.94,328.0
2026-01-05,17:30:00,87.96,88.0,87.88,87.98,186.0
2026-01-05,17:35:00,87.96,87.99,87.89,87.9,93.0
2026-01-05,17:40:00,87.9,88.0,87.9,87.98,71.0
2026-01-05,17:45:00,87.97,88.03,87.96,88.03,262.0
2026-01-05,17:50:00,88.0,88.07,88.0,88.01,64.0
2026-01-05,17:55:00,88.01,88.06,87.94,88.05,125.0
2026-01-05,18:00:00,88.05,88.12,88.02,88.11,123.0
2026-01-05,18:05:00,88.11,88.17,88.04,88.1,139.0
2026-01-05,18:10:00,88.11,88.17,88.1,88.17,103.0
2026-01-05,18:15:00,88.17,88.22,88.17,88.19,110.0
2026-01-05,18:20:00,88.21,88.44,88.21,88.31,355.0
2026-01-05,18:25:00,88.31,88.39,88.13,88.31,346.0
2026-01-05,18:30:00,88.35,88.39,88.23,88.28,179.0
2026-01-05,18:35:00,88.3,88.31,88.21,88.29,114.0
2026-01-05,18:40:00,88.27,88.27,88.04,88.09,154.0
2026-01-05,18:45:00,88.09,88.15,88.06,88.12,113.0
2026-01-05,18:50:00,88.17,88.42,88.17,88.31,235.0
2026-01-05,18:55:00,88.37,88.53,88.37,88.5,198.0
2026-01-05,19:00:00,88.48,88.63,88.46,88.53,213.0
2026-01-05,19:05:00,88.59,88.69,88.57,88.63,172.0
2026-01-05,19:10:00,88.63,88.63,88.47,88.55,117.0
2026-01-05,19:15:00,88.56,88.58,88.48,88.58,100.0
2026-01-05,19:20:00,88.59,88.62,88.56,88.57,70.0
2026-01-05,19:25:00,88.6,88.6,88.54,88.54,72.0
2026-01-05,19:30:00,88.57,88.6,88.48,88.51,159.0
2026-01-05,19:35:00,88.52,88.53,88.5,88.5,70.0
2026-01-05,19:40:00,88.51,88.6,88.51,88.54,145.0
2026-01-05,19:45:00,88.56,88.6,88.54,88.57,122.0
2026-01-05,19:50:00,88.58,88.59,88.54,88.59,42.0
2026-01-05,19:55:00,88.6,88.6,88.48,88.55,92.0
2026-01-05,20:00:00,88.56,88.6,88.53,88.59,61.0
2026-01-05,20:05:00,88.6,88.78,88.46,88.46,259.0
2026-01-05,20:10:00,88.47,88.58,88.47,88.56,95.0
2026-01-05,20:15:00,88.57,88.57,88.48,88.48,88.0
2026-01-05,20:20:00,88.49,88.6,88.49,88.51,208.0
2026-01-05,20:25:00,88.53,88.54,88.43,88.46,89.0
2026-01-05,20:30:00,88.49,88.51,88.39,88.39,92.0
2026-01-05,20:35:00,88.43,88.46,88.38,88.38,58.0
2026-01-05,20:40:00,88.41,88.42,88.37,88.4,25.0
2026-01-05,20:45:00,88.4,88.46,88.4,88.46,92.0
2026-01-05,20:50:00,88.46,88.46,88.41,88.42,75.0
2026-01-05,20:55:00,88.42,88.44,88.25,88.28,210.0
2026-01-05,21:00:00,88.28,88.3,88.11,88.12,441.0
2026-01-05,21:05:00,88.12,88.22,88.1,88.18,208.0
2026-01-05,21:10:00,88.15,88.23,88.04,88.05,169.0
2026-01-05,21:15:00,88.05,88.1,87.87,87.95,491.0
2026-01-05,21:20:00,87.94,87.97,87.86,87.96,220.0
2026-01-05,21:25:00,87.96,87.98,87.86,87.89,145.0
2026-01-05,21:30:00,87.89,87.93,87.75,87.79,335.0
2026-01-05,21:35:00,87.79,87.79,87.69,87.75,318.0
2026-01-05,21:40:00,87.75,87.8,87.73,87.76,232.0
2026-01-05,21:45:00,87.76,87.8,87.73,87.78,128.0
2026-01-05,21:50:00,87.79,87.8,87.72,87.72,106.0
2026-01-05,21:55:00,87.73,87.75,87.61,87.61,507.0
2026-01-05,22:00:00,87.62,87.73,87.61,87.72,286.0
2026-01-05,22:05:00,87.72,87.74,87.55,87.57,274.0
2026-01-05,22:10:00,87.55,87.58,87.28,87.29,745.0
2026-01-05,22:15:00,87.27,87.28,87.06,87.13,753.0
2026-01-05,22:20:00,87.15,87.15,87.1,87.15,329.0
2026-01-05,22:25:00,87.14,87.15,87.07,87.15,221.0
2026-01-05,22:30:00,87.14,87.26,87.14,87.16,239.0
2026-01-05,22:35:00,87.17,87.34,87.16,87.31,191.0
2026-01-05,22:40:00,87.3,87.38,87.3,87.31,147.0
2026-01-05,22:45:00,87.32,87.43,87.28,87.34,204.0
2026-01-05,22:50:00,87.34,87.42,87.33,87.4,224.0
2026-01-05,22:55:00,87.38,87.42,87.34,87.4,130.0
2026-01-05,23:00:00,87.39,87.41,87.36,87.39,162.0
2026-01-05,23:05:00,87.38,87.4,87.32,87.34,234.0
2026-01-05,23:10:00,87.36,87.4,87.36,87.37,110.0
2026-01-05,23:15:00,87.38,87.4,87.33,87.35,119.0
2026-01-05,23:20:00,87.35,87.49,87.33,87.48,291.0
2026-01-05,23:25:00,87.49,87.5,87.39,87.39,173.0
2026-01-05,23:30:00,87.41,87.42,87.26,87.27,249.0
2026-01-05,23:35:00,87.27,87.3,87.2,87.21,267.0
2026-01-05,23:40:00,87.21,87.27,87.16,87.25,245.0
2026-01-05,23:45:00,87.27,87.3,87.26,87.27,104.0
2026-01-05,23:50:00,87.27,87.3,87.26,87.28,159.0
2026-01-05,23:55:00,87.28,87.3,87.25,87.3,108.0
2026-01-06,00:00:00,87.3,87.34,87.27,87.29,303.0
2026-01-06,00:05:00,87.29,87.3,87.22,87.24,324.0
2026-01-06,00:10:00,87.24,87.27,87.16,87.19,341.0
2026-01-06,00:15:00,87.18,87.2,87.17,87.17,225.0
2026-01-06,00:20:00,87.17,87.24,87.15,87.17,349.0
2026-01-06,00:25:00,87.16,87.25,87.16,87.24,119.0
2026-01-06,00:30:00,87.26,87.3,87.25,87.26,116.0
2026-01-06,00:35:00,87.27,87.3,87.25,87.3,94.0
2026-01-06,00:40:00,87.29,87.3,87.22,87.23,197.0
2026-01-06,00:45:00,87.23,87.24,87.19,87.21,200.0
2026-01-06,00:50:00,87.21,87.24,87.18,87.21,178.0
2026-01-06,00:55:00,87.21,87.22,87.05,87.14,508.0
2026-01-06,15:00:00,87.51,87.59,87.34,87.37,435.0
2026-01-06,15:05:00,87.4,87.4,87.3,87.37,182.0
2026-01-06,15:10:00,87.37,87.37,87.28,87.31,56.0
2026-01-06,15:15:00,87.33,87.34,87.3,87.34,50.0
2026-01-06,15:20:00,87.34,87.43,87.3,87.43,116.0
2026-01-06,15:25:00,87.42,87.55,87.42,87.53,378.0
2026-01-06,15:30:00,87.52,87.52,87.35,87.36,132.0
2026-01-06,15:35:00,87.34,87.34,87.24,87.33,157.0
2026-01-06,15:40:00,87.32,87.44,87.31,87.43,76.0
2026-01-06,15:45:00,87.44,87.47,87.39,87.4,78.0
2026-01-06,15:50:00,87.38,87.38,87.22,87.22,77.0
2026-01-06,15:55:00,87.22,87.27,87.17,87.25,147.0
2026-01-06,16:00:00,87.25,87.25,87.13,87.22,66.0
2026-01-06,16:05:00,87.21,87.3,87.21,87.29,94.0
2026-01-06,16:10:00,87.29,87.29,87.18,87.18,40.0
2026-01-06,16:15:00,87.19,87.28,87.17,87.28,143.0
2026-01-06,16:20:00,87.29,87.5,87.29,87.48,297.0
2026-01-06,16:25:00,87.48,87.5,87.43,87.44,101.0
2026-01-06,16:30:00,87.43,87.43,87.3,87.33,105.0
2026-01-06,16:35:00,87.33,87.37,87.27,87.32,215.0
2026-01-06,16:40:00,87.32,87.47,87.32,87.39,158.0
2026-01-06,16:45:00,87.4,87.47,87.38,87.47,126.0
2026-01-06,16:50:00,87.5,87.78,87.5,87.68,508.0
2026-01-06,16:55:00,87.7,87.7,87.58,87.7,212.0
2026-01-06,17:00:00,87.67,87.8,87.6,87.61,362.0
2026-01-06,17:05:00,87.64,87.64,87.45,87.47,225.0
2026-01-06,17:10:00,87.47,87.49,87.45,87.49,128.0
2026-01-06,17:15:00,87.48,87.58,87.48,87.49,223.0
2026-01-06,17:20:00,87.5,87.55,87.4,87.51,132.0
2026-01-06,17:25:00,87.47,87.47,87.4,87.46,28.0
2026-01-06,17:30:00,87.51,87.58,87.46,87.58,126.0
2026-01-06,17:35:00,87.58,87.64,87.58,87.62,69.0
2026-01-06,17:40:00,87.65,87.69,87.61,87.63,49.0
2026-01-06,17:45:00,87.63,87.73,87.61,87.7,140.0
2026-01-06,17:50:00,87.71,87.89,87.71,87.79,255.0
2026-01-06,17:55:00,87.79,87.85,87.69,87.77,56.0
2026-01-06,18:00:00,87.78,87.84,87.73,87.84,120.0
2026-01-06,18:05:00,87.85,87.9,87.82,87.85,150.0
2026-01-06,18:10:00,87.86,87.95,87.81,87.84,147.0
2026-01-06,18:15:00,87.85,87.95,87.85,87.85,85.0
2026-01-06,18:20:00,87.88,87.88,87.77,87.8,192.0
2026-01-06,18:25:00,87.8,87.85,87.79,87.83,62.0
2026-01-06,18:30:00,87.85,87.85,87.75,87.76,121.0
2026-01-06,18:35:00,87.78,87.84,87.7,87.72,145.0
2026-01-06,18:40:00,87.71,87.79,87.67,87.79,105.0
2026-01-06,18:45:00,87.78,87.82,87.76,87.77,145.0
2026-01-06,18:50:00,87.77,87.77,87.65,87.67,117.0
2026-01-06,18:55:00,87.67,87.68,87.66,87.68,57.0
2026-01-06,19:00:00,87.68,87.68,87.55,87.63,233.0
2026-01-06,19:05:00,87.63,87.63,87.55,87.58,91.0
2026-01-06,19:10:00,87.58,87.58,87.52,87.52,104.0
2026-01-06,19:15:00,87.52,87.55,87.47,87.47,109.0
2026-01-06,19:20:00,87.47,87.5,87.45,87.47,116.0
2026-01-06,19:25:00,87.46,87.5,87.46,87.49,84.0
2026-01-06,19:30:00,87.5,87.54,87.47,87.54,92.0
2026-01-06,19:35:00,87.56,87.58,87.54,87.55,48.0
2026-01-06,19:40:00,87.54,87.54,87.48,87.48,79.0
2026-01-06,19:45:00,87.48,87.48,87.3,87.31,233.0
2026-01-06,19:50:00,87.32,87.46,87.29,87.44,138.0
2026-01-06,19:55:00,87.42,87.53,87.41,87.48,98.0
2026-01-06,20:00:00,87.5,87.58,87.46,87.57,95.0
2026-01-06,20:05:00,87.54,87.6,87.52,87.57,117.0
2026-01-06,20:10:00,87.58,87.6,87.53,87.58,78.0
2026-01-06,20:15:00,87.57,87.58,87.5,87.51,54.0
2026-01-06,20:20:00,87.52,87.59,87.48,87.58,102.0
2026-01-06,20:25:00,87.58,87.6,87.54,87.59,70.0
2026-01-06,20:30:00,87.6,87.65,87.59,87.64,133.0
2026-01-06,20:35:00,87.63,87.63,87.42,87.47,156.0
2026-01-06,20:40:00,87.46,87.46,87.41,87.43,57.0
2026-01-06,20:45:00,87.44,87.48,87.43,87.47,27.0
2026-01-06,20:50:00,87.45,87.46,87.41,87.46,51.0
2026-01-06,20:55:00,87.44,87.46,87.41,87.45,54.0
2026-01-06,21:00:00,87.44,87.45,87.41,87.42,90.0
2026-01-06,21:05:00,87.41,87.6,87.41,87.6,122.0
2026-01-06,21:10:00,87.59,87.75,87.58,87.67,295.0
2026-01-06,21:15:00,87.69,87.85,87.69,87.7,351.0
2026-01-06,21:20:00,87.68,87.8,87.66,87.77,196.0
2026-01-06,21:25:00,87.79,87.82,87.67,87.67,238.0
2026-01-06,21:30:00,87.67,87.72,87.58,87.69,89.0
2026-01-06,21:35:00,87.71,87.88,87.71,87.78,282.0
2026-01-06,21:40:00,87.76,87.76,87.6,87.63,119.0
2026-01-06,21:45:00,87.63,87.65,87.51,87.52,178.0
2026-01-06,21:50:00,87.53,87.64,87.53,87.64,136.0
2026-01-06,21:55:00,87.64,87.76,87.63,87.76,140.0
2026-01-06,22:00:00,87.74,87.78,87.7,87.74,114.0
2026-01-06,22:05:00,87.74,87.84,87.71,87.8,212.0
2026-01-06,22:10:00,87.8,87.81,87.7,87.72,114.0
2026-01-06,22:15:00,87.73,87.99,87.73,87.95,500.0
2026-01-06,22:20:00,87.95,88.0,87.84,87.98,734.0
2026-01-06,22:25:00,87.99,87.99,87.87,87.97,174.0
2026-01-06,22:30:00,87.96,87.97,87.9,87.93,126.0
2026-01-06,22:35:00,87.94,87.95,87.81,87.86,157.0
2026-01-06,22:40:00,87.87,87.93,87.87,87.9,105.0
2026-01-06,22:45:00,87.91,87.95,87.89,87.93,155.0
2026-01-06,22:50:00,87.93,87.93,87.83,87.89,127.0
2026-01-06,22:55:00,87.91,87.93,87.86,87.9,103.0
2026-01-06,23:00:00,87.89,87.92,87.87,87.89,87.0
2026-01-06,23:05:00,87.89,87.89,87.77,87.84,153.0
2026-01-06,23:10:00,87.84,87.86,87.75,87.79,350.0
2026-01-06,23:15:00,87.79,87.89,87.76,87.89,165.0
2026-01-06,23:20:00,87.9,87.91,87.84,87.87,190.0
2026-01-06,23:25:00,87.87,88.02,87.87,87.97,490.0
2026-01-06,23:30:00,87.96,88.11,87.94,88.08,506.0
2026-01-06,23:35:00,88.06,88.15,88.04,88.13,265.0
2026-01-06,23:40:00,88.12,88.13,88.05,88.09,238.0
2026-01-06,23:45:00,88.09,88.14,88.06,88.07,113.0
2026-01-06,23:50:00,88.1,88.12,87.99,87.99,143.0
2026-01-06,23:55:00,88.0,88.05,87.99,88.02,139.0
2026-01-07,00:00:00,88.0,88.05,87.99,88.0,167.0
2026-01-07,00:05:00,88.04,88.13,88.02,88.13,188.0
2026-01-07,00:10:00,88.14,88.15,88.08,88.11,246.0
2026-01-07,00:15:00,88.09,88.09,88.0,88.01,87.0
2026-01-07,00:20:00,88.02,88.05,88.0,88.03,130.0
2026-01-07,00:25:00,88.04,88.05,88.0,88.03,86.0
2026-01-07,00:30:00,88.03,88.06,88.0,88.0,83.0
2026-01-07,00:35:00,88.04,88.04,88.0,88.02,81.0
2026-01-07,00:40:00,88.04,88.06,87.99,88.0,118.0
2026-01-07,00:45:00,88.0,88.0,87.93,87.99,125.0
2026-01-07,00:50:00,87.99,88.1,87.89,87.89,218.0
2026-01-07,00:55:00,87.91,88.02,87.87,87.98,189.0
2026-01-07,15:00:00,88.2,88.35,88.1,88.24,240.0
2026-01-07,15:05:00,88.23,88.35,88.23,88.35,122.0
2026-01-07,15:10:00,88.34,88.4,88.33,88.4,82.0
2026-01-07,15:15:00,88.4,88.49,88.37,88.4,98.0
2026-01-07,15:20:00,88.39,88.5,88.35,88.45,113.0
2026-01-07,15:25:00,88.44,88.44,88.35,88.39,56.0
2026-01-07,15:30:00,88.38,88.41,88.37,88.38,89.0
2026-01-07,15:35:00,88.39,88.5,88.38,88.46,326.0
2026-01-07,15:40:00,88.46,88.48,88.4,88.41,88.0
2026-01-07,15:45:00,88.4,88.47,88.4,88.44,130.0
2026-01-07,15:50:00,88.44,88.46,88.33,88.36,158.0
2026-01-07,15:55:00,88.35,88.36,88.31,88.36,101.0
2026-01-07,16:00:00,88.36,88.36,88.26,88.28,144.0
2026-01-07,16:05:00,88.26,88.26,88.19,88.2,165.0
2026-01-07,16:10:00,88.21,88.25,88.16,88.25,240.0
2026-01-07,16:15:00,88.25,88.33,88.25,88.28,87.0
2026-01-07,16:20:00,88.3,88.32,88.26,88.29,62.0
2026-01-07,16:25:00,88.29,88.29,88.11,88.11,98.0
2026-01-07,16:30:00,88.13,88.24,88.13,88.2,89.0
2026-01-07,16:35:00,88.19,88.19,88.11,88.13,177.0
2026-01-07,16:40:00,88.13,88.16,88.12,88.12,88.0
2026-01-07,16:45:00,88.12,88.16,88.11,88.12,207.0
2026-01-07,16:50:00,88.12,88.18,88.11,88.18,102.0
2026-01-07,16:55:00,88.18,88.2,88.14,88.18,91.0
2026-01-07,17:00:00,88.18,88.33,88.15,88.27,133.0
2026-01-07,17:05:00,88.26,88.35,88.26,88.32,121.0
2026-01-07,17:10:00,88.33,88.35,88.31,88.35,90.0
2026-01-07,17:15:00,88.35,88.38,88.3,88.36,178.0
2026-01-07,17:20:00,88.38,88.46,88.34,88.44,304.0
2026-01-07,17:25:00,88.45,88.49,88.31,88.33,259.0
2026-01-07,17:30:00,88.32,88.46,88.28,88.45,121.0
2026-01-07,17:35:00,88.45,88.55,88.39,88.41,298.0
2026-01-07,17:40:00,88.42,88.42,88.28,88.29,104.0
2026-01-07,17:45:00,88.27,88.3,88.22,88.28,168.0
2026-01-07,17:50:00,88.3,88.32,88.22,88.31,129.0
2026-01-07,17:55:00,88.3,88.31,88.24,88.29,107.0
2026-01-07,18:00:00,88.28,88.38,88.28,88.37,171.0
2026-01-07,18:05:00,88.36,88.48,88.33,88.47,251.0
2026-01-07,18:10:00,88.47,88.75,88.37,88.52,739.0
2026-01-07,18:15:00,88.52,88.59,88.45,88.46,216.0
2026-01-07,18:20:00,88.46,88.62,88.44,88.54,276.0
2026-01-07,18:25:00,88.55,88.66,88.54,88.63,207.0
2026-01-07,18:30:00,88.63,88.66,88.54,88.61,232.0
2026-01-07,18:35:00,88.63,88.64,88.58,88.59,161.0
2026-01-07,18:40:00,88.61,88.75,88.61,88.71,197.0
2026-01-07,18:45:00,88.72,88.72,88.63,88.66,182.0
2026-01-07,18:50:00,88.65,88.7,88.65,88.68,85.0
2026-01-07,18:55:00,88.7,88.75,88.67,88.67,372.0
2026-01-07,19:00:00,88.68,88.69,88.58,88.64,317.0
2026-01-07,19:05:00,88.65,88.72,88.59,88.59,117.0
2026-01-07,19:10:00,88.58,88.6,88.49,88.49,326.0
2026-01-07,19:15:00,88.5,88.59,88.5,88.57,119.0
2026-01-07,19:20:00,88.58,88.63,88.56,88.63,44.0
2026-01-07,19:25:00,88.64,88.64,88.56,88.58,106.0
2026-01-07,19:30:00,88.58,88.6,88.56,88.57,35.0
2026-01-07,19:35:00,88.57,88.6,88.5,88.55,83.0
2026-01-07,19:40:00,88.56,88.56,88.51,88.54,39.0
2026-01-07,19:45:00,88.54,88.55,88.51,88.54,67.0
2026-01-07,19:50:00,88.53,88.56,88.49,88.55,60.0
2026-01-07,19:55:00,88.55,88.6,88.5,88.56,97.0
2026-01-07,20:00:00,88.55,88.55,88.49,88.54,62.0
2026-01-07,20:05:00,88.53,88.56,88.51,88.54,41.0
2026-01-07,20:10:00,88.54,88.55,88.5,88.54,48.0
2026-01-07,20:15:00,88.55,88.55,88.35,88.36,241.0
2026-01-07,20:20:00,88.35,88.4,88.35,88.38,101.0
2026-01-07,20:25:00,88.39,88.39,88.33,88.36,84.0
2026-01-07,20:30:00,88.36,88.38,88.32,88.37,147.0
2026-01-07,20:35:00,88.37,88.39,88.27,88.3,160.0
2026-01-07,20:40:00,88.29,88.45,88.29,88.38,135.0
2026-01-07,20:45:00,88.37,88.38,88.33,88.36,49.0
2026-01-07,20:50:00,88.35,88.35,88.28,88.28,78.0
2026-01-07,20:55:00,88.29,88.31,88.27,88.27,96.0
2026-01-07,21:00:00,88.3,88.3,88.06,88.1,682.0
2026-01-07,21:05:00,88.12,88.12,87.95,87.97,504.0
2026-01-07,21:10:00,87.95,88.13,87.95,88.07,182.0
2026-01-07,21:15:00,88.09,88.11,88.0,88.01,214.0
2026-01-07,21:20:00,88.01,88.04,87.87,87.88,365.0
2026-01-07,21:25:00,87.88,87.9,87.84,87.85,142.0
2026-01-07,21:30:00,87.86,87.93,87.84,87.91,168.0
2026-01-07,21:35:00,87.9,87.95,87.87,87.93,140.0
2026-01-07,21:40:00,87.93,87.94,87.88,87.9,114.0
2026-01-07,21:45:00,87.91,88.0,87.85,87.98,186.0
2026-01-07,21:50:00,87.99,88.0,87.89,87.93,154.0
2026-01-07,21:55:00,87.92,87.98,87.86,87.98,176.0
2026-01-07,22:00:00,87.98,87.98,87.92,87.95,102.0
2026-01-07,22:05:00,87.93,88.05,87.93,88.03,161.0
2026-01-07,22:10:00,88.05,88.15,88.04,88.14,227.0
2026-01-07,22:15:00,88.13,88.18,88.06,88.09,187.0
2026-01-07,22:20:00,88.09,88.1,87.97,88.06,129.0
2026-01-07,22:25:00,88.05,88.14,88.04,88.08,103.0
2026-01-07,22:30:00,88.07,88.13,88.05,88.06,92.0
2026-01-07,22:35:00,88.05,88.14,88.03,88.05,89.0
2026-01-07,22:40:00,88.05,88.15,88.01,88.03,115.0
2026-01-07,22:45:00,88.04,88.06,88.02,88.04,97.0
2026-01-07,22:50:00,88.03,88.1,88.03,88.06,108.0
2026-01-07,22:55:00,88.07,88.18,88.07,88.13,168.0
2026-01-07,23:00:00,88.12,88.13,88.03,88.03,230.0
2026-01-07,23:05:00,88.03,88.07,88.03,88.04,202.0
2026-01-07,23:10:00,88.04,88.06,87.93,87.97,172.0
2026-01-07,23:15:00,87.97,88.09,87.94,88.02,119.0
2026-01-07,23:20:00,88.03,88.04,87.94,87.95,56.0
2026-01-07,23:25:00,87.95,87.99,87.94,87.97,66.0
2026-01-07,23:30:00,87.96,88.01,87.96,87.99,89.0
2026-01-07,23:35:00,87.98,87.98,87.86,87.9,163.0
2026-01-07,23:40:00,87.95,88.0,87.94,88.0,69.0
2026-01-07,23:45:00,87.97,88.15,87.96,88.11,145.0
2026-01-07,23:50:00,88.11,88.2,88.06,88.09,114.0
2026-01-07,23:55:00,88.09,88.11,87.99,88.01,77.0
2026-01-08,00:00:00,88.03,88.19,88.01,88.12,119.0
2026-01-08,00:05:00,88.11,88.18,88.09,88.12,178.0
2026-01-08,00:10:00,88.12,88.16,88.1,88.1,219.0
2026-01-08,00:15:00,88.09,88.09,87.94,87.97,207.0
2026-01-08,00:20:00,87.96,88.0,87.9,87.91,85.0
2026-01-08,00:25:00,87.91,87.96,87.88,87.95,110.0
2026-01-08,00:30:00,87.93,87.95,87.82,87.85,175.0
2026-01-08,00:35:00,87.85,87.89,87.81,87.85,140.0
2026-01-08,00:40:00,87.86,87.9,87.81,87.9,192.0
2026-01-08,00:45:00,87.89,88.02,87.87,87.94,146.0
2026-01-08,00:50:00,87.93,87.95,87.81,87.84,81.0
2026-01-08,00:55:00,87.83,87.83,87.76,87.81,268.0
