date,time,open,high,low,close,volume
2024-01-02,07:00,80.5,81.25,79.17,79.29,1146
2024-01-02,08:00,79.23,79.4,76.97,77.65,3750
2024-01-02,09:00,77.65,77.9,77.26,77.54,1407
2024-01-02,10:00,77.56,77.61,75.46,76.28,3877
2024-01-02,11:00,76.3,76.7,76.19,76.37,1638
2024-01-02,12:00,76.37,76.91,76.32,76.87,1252
2024-01-02,13:00,76.86,76.86,76.37,76.64,1228
2024-01-02,14:00,76.6,76.62,74.59,75.14,2606
2024-01-02,15:00,75.18,75.78,75.13,75.73,1620
2024-01-02,16:00,75.74,76.5,75.72,76.17,2207
2024-01-03,07:00,76.17,77.14,76.01,77.06,1436
2024-01-03,08:00,77.07,77.68,77.07,77.56,2093
2024-01-03,09:00,77.52,77.6,77,77.55,1140
2024-01-03,10:00,77.57,77.6,76.78,77.13,890
2024-01-03,11:00,77.14,77.62,77.14,77.3,913
2024-01-03,12:00,77.32,77.36,76.81,77.19,821
2024-01-03,13:00,77.19,77.5,76.6,76.9,889
2024-01-03,14:00,76.9,77.45,76.9,77.33,756
2024-01-03,15:00,77.29,77.8,77.24,77.44,1445
2024-01-03,16:00,77.49,77.67,77.16,77.49,1554
2024-01-04,07:00,77.49,78.29,77.41,77.83,1094
2024-01-04,08:00,77.87,78.01,77.34,77.74,898
2024-01-04,09:00,77.75,78.19,77.35,78.05,1197
2024-01-04,10:00,78.1,78.29,77.3,77.52,1610
2024-01-04,11:00,77.52,77.81,77.22,77.45,934
2024-01-04,12:00,77.44,77.61,77.15,77.38,738
2024-01-04,13:00,77.35,77.35,76.71,76.79,1498
2024-01-04,14:00,76.79,76.84,74.83,75.42,3768
2024-01-04,15:00,75.47,75.97,75.37,75.83,1467
2024-01-04,16:00,75.8,76.04,75.44,75.87,1823
2024-01-05,07:00,75.85,76,75.21,75.76,878
2024-01-05,08:00,75.78,76.71,75.78,76.35,2145
2024-01-05,09:00,76.38,76.7,76.11,76.32,929
2024-01-05,10:00,76.32,76.6,75.99,76.27,937
2024-01-05,11:00,76.28,76.65,76.16,76.4,898
2024-01-05,12:00,76.44,76.6,76.23,76.23,731
2024-01-05,13:00,76.2,76.77,76.1,76.31,1054
2024-01-05,14:00,76.31,76.66,76.14,76.62,982
2024-01-05,15:00,76.62,76.67,76.07,76.43,851
2024-01-05,16:00,76.49,76.5,75.82,76.14,1395
2024-01-08,07:00,75.99,76.2,75.4,75.6,1041
2024-01-08,08:00,75.58,75.83,74.75,74.96,2048
2024-01-08,09:00,74.92,75.2,73.85,74.07,2792
2024-01-08,10:00,74.08,74.22,73.28,73.78,2344
2024-01-08,11:00,73.8,73.9,73.37,73.64,1170
2024-01-08,12:00,73.62,73.69,73.37,73.39,1653
2024-01-08,13:00,73.39,73.75,73.37,73.48,1148
2024-01-08,14:00,73.47,73.7,72.8,73.2,2238
2024-01-08,15:00,73.23,73.38,72.52,72.54,1778
2024-01-08,16:00,72.54,72.6,71.93,72.05,3077
2024-01-09,07:00,71.99,72.17,71.12,71.49,2131
2024-01-09,08:00,71.49,72.44,71.21,72.07,1544
2024-01-09,09:00,72.05,72.19,71.74,72.09,1174
2024-01-09,10:00,72.09,72.28,71.88,71.96,1434
2024-01-09,11:00,71.95,72.2,71.9,72.16,966
2024-01-09,12:00,72.13,72.85,72.05,72.72,1707
2024-01-09,13:00,72.67,72.67,71.67,71.9,1747
2024-01-09,14:00,71.88,72.09,71.77,71.77,2225
2024-01-09,15:00,71.77,72.4,71.6,71.91,2111
2024-01-09,16:00,71.95,72.33,71.83,72.06,1822
2024-01-10,07:00,71.82,72.8,71.82,72.45,1097
2024-01-10,08:00,72.53,72.53,70.95,71.19,2351
2024-01-10,09:00,71.15,71.21,70.37,70.58,4069
2024-01-10,10:00,70.62,70.88,70.5,70.87,1501
2024-01-10,11:00,70.87,70.93,70.73,70.75,1277
2024-01-10,12:00,70.74,70.81,70.25,70.26,1586
2024-01-10,13:00,70.25,70.44,69.25,69.76,3991
2024-01-10,14:00,69.76,70.37,69.52,70.07,2241
2024-01-10,15:00,70.1,70.13,69.58,69.67,1177
2024-01-10,16:00,69.67,70.14,69.67,70.01,2156
2024-01-11,07:00,70.08,70.31,69.14,69.37,1456
2024-01-11,08:00,69.37,69.6,68.62,69.55,3104
2024-01-11,09:00,69.54,69.6,69.05,69.6,1872
2024-01-11,10:00,69.58,69.76,69.4,69.43,1544
2024-01-11,11:00,69.46,69.5,68.54,68.55,2995
2024-01-11,12:00,68.52,68.52,67.76,67.98,3239
2024-01-11,13:00,67.93,68.5,67.93,68.45,1955
2024-01-11,14:00,68.45,68.5,67.18,67.39,2934
2024-01-11,15:00,67.42,67.82,66.98,67.75,2969
2024-01-11,16:00,67.71,68.06,67.67,67.9,1931
2024-01-12,07:00,68.05,69.45,67.8,68.07,1759
2024-01-12,08:00,68.07,68.25,67.49,68.17,1823
2024-01-12,09:00,68.15,68.36,67.69,68.26,1436
2024-01-12,10:00,68.26,68.3,67.93,68.3,2061
2024-01-12,11:00,68.27,68.44,68.07,68.1,1616
2024-01-12,12:00,68.1,68.1,66.71,66.92,3229
2024-01-12,13:00,66.86,66.95,66.07,66.32,3213
2024-01-12,14:00,66.31,66.31,64.73,64.81,5491
2024-01-12,15:00,64.86,66,64.8,65.79,2513
2024-01-12,16:00,65.8,66.05,65.59,65.81,1641
2024-01-15,07:00,66,66.03,64.61,64.65,1861
2024-01-15,08:00,64.69,65.49,64.69,65.12,1918
2024-01-15,09:00,65.12,65.95,64.71,65.85,2552
2024-01-15,10:00,65.89,65.92,65.31,65.58,1772
2024-01-15,11:00,65.61,65.85,65.54,65.77,797
2024-01-15,12:00,65.75,65.89,64.72,65.13,2363
2024-01-15,13:00,65.15,65.69,65.1,65.57,1728
2024-01-15,14:00,65.61,66.75,65.44,66.35,2435
2024-01-15,15:00,66.4,67.52,66.14,67.1,3417
2024-01-15,16:00,67.08,67.37,66.85,66.9,2577
2024-01-16,07:00,66.98,67.4,65.9,66.22,1678
2024-01-16,08:00,66.21,66.42,65.6,65.79,2298
2024-01-16,09:00,65.76,65.84,65.2,65.4,2427
2024-01-16,10:00,65.41,65.74,65.1,65.47,2418
2024-01-16,11:00,65.45,66.3,65.02,66.23,2337
2024-01-16,12:00,66.19,66.3,65.85,66.28,1358
2024-01-16,13:00,66.28,66.84,66.28,66.71,2181
2024-01-16,14:00,66.71,67.14,65.64,66,2719
2024-01-16,15:00,66.01,66.04,65.37,65.37,2025
2024-01-16,16:00,65.4,65.7,65.37,65.49,2083
2024-01-17,07:00,65.39,66.12,64.89,65.9,1456
2024-01-17,08:00,65.86,65.88,64.53,65.12,2688
2024-01-17,09:00,65.14,65.63,64.95,65.3,2483
2024-01-17,10:00,65.24,65.76,64.77,65.17,2991
2024-01-17,11:00,65.13,65.35,65.04,65.22,826
2024-01-17,12:00,65.2,65.25,63.9,64.06,3696
2024-01-17,13:00,64.06,64.35,63.55,63.78,2963
2024-01-17,14:00,63.82,63.93,63.14,63.31,2963
2024-01-17,15:00,63.31,63.6,62.86,62.9,2972
2024-01-17,16:00,62.94,63.62,62.94,63.31,1903
2024-01-18,07:00,63.11,63.88,63.09,63.6,902
2024-01-18,08:00,63.59,64.13,63.12,63.73,1920
2024-01-18,09:00,63.69,63.97,63.21,63.66,1924
2024-01-18,10:00,63.66,63.87,62.46,63.2,2843
2024-01-18,11:00,63.15,63.75,63.01,63.33,1204
2024-01-18,12:00,63.35,63.75,62.98,63.4,1046
2024-01-18,13:00,63.4,63.4,62.76,63.12,1806
2024-01-18,14:00,63.15,63.57,62.75,62.99,1869
2024-01-18,15:00,62.98,63.19,62.52,63.15,1337
2024-01-18,16:00,63.19,63.5,62.96,63.28,1882
2024-01-19,07:00,63.37,63.88,63.34,63.49,730
2024-01-19,08:00,63.48,63.48,63,63.03,1494
2024-01-19,09:00,63.03,63.4,62.93,63.29,1529
2024-01-19,10:00,63.27,64.35,63.27,63.57,2794
2024-01-19,11:00,63.58,63.85,63.55,63.69,1106
2024-01-19,12:00,63.69,63.91,63.52,63.56,1238
2024-01-19,13:00,63.57,63.73,63.42,63.58,1294
2024-01-19,14:00,63.58,63.93,63.51,63.82,1228
2024-01-19,15:00,63.84,63.86,63.52,63.61,1393
2024-01-19,16:00,63.6,63.79,63.35,63.42,1403
2024-01-22,07:00,63.15,63.15,61.4,62.01,2945
2024-01-22,08:00,62.01,62.41,61.96,62.03,1908
2024-01-22,09:00,62.03,62.27,61.79,62.1,1971
2024-01-22,10:00,62.04,62.04,61.42,61.76,2035
2024-01-22,11:00,61.77,61.85,61.57,61.64,661
2024-01-22,12:00,61.65,61.84,61.2,61.22,1702
2024-01-22,13:00,61.25,61.5,60.86,61.04,2577
2024-01-22,14:00,61.05,61.59,61.02,61.3,2037
2024-01-22,15:00,61.3,61.9,61.29,61.78,1539
2024-01-22,16:00,61.79,62.82,61.73,62.41,2728
2024-01-23,07:00,62.11,62.71,61.83,62.19,1359
2024-01-23,08:00,62.21,63.8,61.98,63.57,3383
2024-01-23,09:00,63.62,63.73,62.67,62.9,2823
2024-01-23,10:00,62.9,63.26,62.52,62.59,1478
2024-01-23,11:00,62.61,62.86,62.15,62.18,953
2024-01-23,12:00,62.15,62.36,61.73,61.86,1350
2024-01-23,13:00,61.86,62.76,61.6,62.59,1670
2024-01-23,14:00,62.56,63.4,62.13,63.4,2097
2024-01-23,15:00,63.36,63.5,62.59,62.59,1639
2024-01-23,16:00,62.61,63.45,62.61,63.27,2279
2024-01-24,07:00,63.36,64.8,63.11,64.74,1820
2024-01-24,08:00,64.69,65,64.25,64.98,2690
2024-01-24,09:00,65,65.36,64.4,64.71,2832
2024-01-24,10:00,64.78,64.97,64.4,64.84,1681
2024-01-24,11:00,64.85,64.87,64.03,64.4,1748
2024-01-24,12:00,64.39,64.8,64,64.54,1360
2024-01-24,13:00,64.58,65.48,64.41,65.1,2724
2024-01-24,14:00,65.12,65.45,64.4,64.8,2968
2024-01-24,15:00,64.77,65.42,64.55,65.3,1920
2024-01-24,16:00,65.35,66.11,65.35,65.8,4107
2024-01-25,07:00,66.15,66.43,64.9,65.82,2048
2024-01-25,08:00,65.82,65.91,64.8,64.98,1960
2024-01-25,09:00,64.94,65.09,64.11,64.37,3221
2024-01-25,10:00,64.37,64.75,64.3,64.39,2102
2024-01-25,11:00,64.39,64.67,63.17,63.4,3526
2024-01-25,12:00,63.38,63.77,63.12,63.2,2190
2024-01-25,13:00,63.19,63.61,62.88,63.33,2513
2024-01-25,14:00,63.37,63.67,63.03,63.48,1979
2024-01-25,15:00,63.46,64.09,63.31,63.64,1655
2024-01-25,16:00,63.65,63.65,62.96,63.41,2520
2024-01-26,07:00,63.15,63.28,62,62.53,1866
2024-01-26,08:00,62.57,63.06,62.43,62.94,1633
2024-01-26,09:00,62.93,63.53,62.7,63.32,1899
2024-01-26,10:00,63.28,64.44,63.28,63.8,2788
2024-01-26,11:00,63.76,63.76,63.18,63.51,1240
2024-01-26,12:00,63.52,63.69,63.1,63.15,1134
2024-01-26,13:00,63.16,63.51,63.1,63.3,1427
2024-01-26,14:00,63.33,63.42,62.77,62.97,1797
2024-01-26,15:00,63,65.15,62.92,63.77,5447
2024-01-26,16:00,63.78,63.9,63,63.1,1796
2024-01-29,07:00,63.6,63.9,63.11,63.16,1670
2024-01-29,08:00,63.15,63.68,63.15,63.66,1212
2024-01-29,09:00,63.64,64.13,63.15,63.39,2503
2024-01-29,10:00,63.37,63.56,62.75,63.42,3404
2024-01-29,11:00,63.4,63.58,63.21,63.27,1291
2024-01-29,12:00,63.27,63.55,63.03,63.15,1199
2024-01-29,13:00,63.15,63.63,63.08,63.61,1455
2024-01-29,14:00,63.63,63.72,63.04,63.14,1490
2024-01-29,15:00,63.16,63.21,61.79,62.05,3876
2024-01-29,16:00,62.04,62.1,61.57,61.77,3052
2024-01-30,07:00,61.71,61.92,61.47,61.61,1495
2024-01-30,08:00,61.62,62,61.23,61.79,2306
2024-01-30,09:00,61.77,62.22,61.65,62.07,2017
2024-01-30,10:00,62.06,62.06,61.5,61.57,2269
2024-01-30,11:00,61.57,62.48,61.42,62.33,1589
2024-01-30,12:00,62.33,62.76,62.05,62.51,1631
2024-01-30,13:00,62.5,62.7,62.23,62.62,1678
2024-01-30,14:00,62.62,62.85,62.45,62.53,1448
2024-01-30,15:00,62.55,63.34,62.52,63.2,2752
2024-01-30,16:00,63.21,64.02,63.2,64.02,4114
2024-01-31,07:00,63.98,64.65,63.56,64.65,1922
2024-01-31,08:00,64.65,65.15,64.21,64.25,2790
2024-01-31,09:00,64.21,64.4,64.1,64.38,2043
2024-01-31,10:00,64.35,64.5,63.56,63.89,2526
2024-01-31,11:00,63.85,64.2,63.7,63.75,1233
2024-01-31,12:00,63.75,63.75,63.13,63.32,1798
2024-01-31,13:00,63.32,63.53,62.94,63.53,1916
2024-01-31,14:00,63.5,64.15,63.49,64.12,1699
2024-01-31,15:00,64.12,64.5,63.69,63.83,2035
2024-01-31,16:00,63.85,64.44,63.85,64.4,2453
2024-02-01,07:00,64.16,64.88,63.8,64.27,1347
2024-02-01,08:00,64.31,64.57,63.64,63.9,1876
2024-02-01,09:00,63.9,64.15,63.61,63.93,1795
2024-02-01,10:00,64,64.07,62.75,62.9,4219
2024-02-01,11:00,62.87,62.89,62.13,62.32,2545
2024-02-01,12:00,62.31,62.74,62.27,62.57,1654
2024-02-01,13:00,62.55,62.73,62.25,62.6,1400
2024-02-01,14:00,62.64,63.23,62.46,62.64,2089
2024-02-01,15:00,62.67,63.06,62.51,62.68,1416
2024-02-01,16:00,62.66,62.66,62.08,62.32,2509
2024-02-02,07:00,61.97,62.81,61.9,62.68,1191
2024-02-02,08:00,62.68,63.15,62.44,63.08,1635
2024-02-02,09:00,63.01,63.44,62.75,63.19,1727
2024-02-02,10:00,63.19,63.38,62.75,63.25,1709
2024-02-02,11:00,63.27,63.86,63.27,63.67,1782
2024-02-02,12:00,63.65,63.79,63.21,63.5,1798
2024-02-02,13:00,63.48,64.12,63.39,63.54,1865
2024-02-02,14:00,63.55,63.96,63.52,63.9,1088
2024-02-02,15:00,63.89,64.38,63.43,63.45,1924
2024-02-02,16:00,63.42,63.64,63.2,63.5,2050
2024-02-05,07:00,63.8,64.45,63.4,63.71,1465
2024-02-05,08:00,63.69,64.2,63.4,63.53,1620
2024-02-05,09:00,63.55,63.57,62.77,62.9,2957
2024-02-05,10:00,62.85,63.19,62.52,62.57,2137
2024-02-05,11:00,62.58,62.78,62.5,62.61,1248
2024-02-05,12:00,62.6,62.61,62.23,62.37,1477
2024-02-05,13:00,62.38,63.17,62.07,63.1,2037
2024-02-05,14:00,63.14,63.21,62.52,62.53,1406
2024-02-05,15:00,62.52,62.71,62.15,62.38,1747
2024-02-05,16:00,62.37,62.91,62.15,62.59,2188
2024-02-06,07:00,62.79,62.79,62.14,62.45,1228
2024-02-06,08:00,62.43,62.6,62,62.53,2125
2024-02-06,09:00,62.54,62.56,62.07,62.45,2064
2024-02-06,10:00,62.46,63.39,62.4,62.87,2813
2024-02-06,11:00,62.82,63.27,62.8,63.08,958
2024-02-06,12:00,63.06,63.5,62.99,63.41,1372
2024-02-06,13:00,63.4,63.71,63.36,63.38,2206
2024-02-06,14:00,63.39,63.8,63.19,63.61,1898
2024-02-06,15:00,63.6,63.97,63.58,63.74,1610
2024-02-06,16:00,63.74,63.83,63.37,63.49,1876
2024-02-07,07:00,63.35,63.5,62.72,62.94,1567
2024-02-07,08:00,62.93,63.43,62.81,63.11,1759
2024-02-07,09:00,63.12,63.3,62.82,63.22,1824
2024-02-07,10:00,63.24,63.31,63.03,63.2,1109
2024-02-07,11:00,63.17,63.4,63.04,63.38,876
2024-02-07,12:00,63.37,63.7,63.06,63.13,1917
2024-02-07,13:00,63.14,63.16,62.31,62.67,3688
2024-02-07,14:00,62.67,62.68,62.39,62.41,1405
2024-02-07,15:00,62.42,62.65,62.27,62.37,1361
2024-02-07,16:00,62.37,62.55,62.24,62.32,1844
2024-02-08,07:00,62.5,62.5,61.8,61.88,2193
2024-02-08,08:00,61.86,62.14,61.56,61.62,2748
2024-02-08,09:00,61.62,62.1,61.56,62.05,1858
2024-02-08,10:00,62.05,62.14,61.56,61.6,1992
2024-02-08,11:00,61.61,61.72,60.26,60.98,7891
2024-02-08,12:00,60.98,61.21,60.55,61.08,1791
2024-02-08,13:00,61.06,61.2,60.7,60.85,1743
2024-02-08,14:00,60.82,61.47,60.74,60.8,1926
2024-02-08,15:00,60.8,60.88,60.52,60.8,1709
2024-02-08,16:00,60.79,60.9,60.68,60.71,1608
2024-02-09,07:00,60.68,60.68,60,60.39,2059
2024-02-09,08:00,60.41,60.5,59.35,59.58,4605
2024-02-09,09:00,59.56,59.75,59.44,59.62,1790
2024-02-09,10:00,59.63,59.65,59.26,59.48,2545
2024-02-09,11:00,59.48,59.79,59.41,59.57,2076
2024-02-09,12:00,59.55,59.55,58.82,58.91,2086
2024-02-09,13:00,58.91,59.11,58.29,58.3,3750
2024-02-09,14:00,58.3,58.7,58.2,58.54,2629
2024-02-09,15:00,58.48,58.75,58.27,58.58,1524
2024-02-09,16:00,58.56,58.98,58.52,58.8,2326
2024-02-12,07:00,58.64,58.81,57.85,58.4,1937
2024-02-12,08:00,58.41,58.69,57.95,58.15,2000
2024-02-12,09:00,58.13,58.25,57.87,58.06,2461
2024-02-12,10:00,58.05,58.25,57.86,58.19,1692
2024-02-12,11:00,58.17,58.29,57.9,57.94,874
2024-02-12,12:00,57.92,58.02,57.25,57.41,2827
2024-02-12,13:00,57.41,57.83,57.34,57.69,2017
2024-02-12,14:00,57.7,57.73,57.02,57.09,2500
2024-02-12,15:00,57.13,57.28,56.59,56.92,3945
2024-02-12,16:00,56.91,57.25,56.69,57.2,2932
2024-02-13,07:00,57.2,58,57.03,57.45,1820
2024-02-13,08:00,57.49,57.69,57.05,57.12,1930
2024-02-13,09:00,57.12,57.12,56.04,56.06,4682
2024-02-13,10:00,56.07,56.94,56.03,56.56,2869
2024-02-13,11:00,56.55,56.8,56.15,56.36,1016
2024-02-13,12:00,56.35,56.76,56.28,56.34,1009
2024-02-13,13:00,56.35,56.63,56.02,56.06,2140
2024-02-13,14:00,56.1,56.28,55.89,56,2245
2024-02-13,15:00,56.01,56.4,55.61,56.17,2599
2024-02-13,16:00,56.2,56.75,56.1,56.65,2417
2024-02-14,07:00,56.65,56.65,55.55,56.07,1848
2024-02-14,08:00,56.1,56.12,55.41,55.53,2195
2024-02-14,09:00,55.53,55.97,55.43,55.83,2352
2024-02-14,10:00,55.83,56.31,55.64,55.95,2400
2024-02-14,11:00,55.95,56.9,55.93,56.74,2070
2024-02-14,12:00,56.73,57.58,56.65,56.95,3671
2024-02-14,13:00,56.92,57.18,56.27,56.57,2428
2024-02-14,14:00,56.57,56.57,55.9,56.12,1921
2024-02-14,15:00,56.12,56.3,55.91,56.17,1327
2024-02-14,16:00,56.16,56.89,56.16,56.44,2436
2024-02-15,07:00,56.44,56.58,56.13,56.3,660
2024-02-15,08:00,56.26,57.23,56.2,56.95,2911
2024-02-15,09:00,56.94,56.97,56.29,56.58,1826
2024-02-15,10:00,56.54,57.8,56.54,57.65,2889
2024-02-15,11:00,57.64,58.6,57.54,58.15,3087
2024-02-15,12:00,58.19,58.2,57.82,58.16,2044
2024-02-15,13:00,58.14,58.74,57.92,58.48,3010
2024-02-15,14:00,58.46,59.05,58.46,58.77,4870
2024-02-15,15:00,58.77,58.77,57.67,58.05,3451
2024-02-15,16:00,58.04,58.34,57.81,57.95,2422
2024-02-16,07:00,57.86,58.21,57.38,58.01,1321
2024-02-16,08:00,58.02,58.21,57.4,57.42,1512
2024-02-16,09:00,57.42,57.63,56.83,57.21,2642
2024-02-16,10:00,57.24,57.25,56.45,56.58,2768
2024-02-16,11:00,56.58,56.95,56.34,56.43,1685
2024-02-16,12:00,56.42,56.77,56.27,56.3,1559
2024-02-16,13:00,56.3,56.65,56.3,56.58,1571
2024-02-16,14:00,56.6,56.95,56.44,56.52,1516
2024-02-16,15:00,56.51,57,56.51,56.94,1791
2024-02-16,16:00,56.96,57.26,56.82,57.11,2254
2024-02-19,07:00,57.11,57.11,55.74,55.87,1373
2024-02-19,08:00,55.91,56.11,55.1,55.1,2775
2024-02-19,09:00,55.1,55.45,55.04,55.12,1993
2024-02-19,10:00,55.09,55.09,54.17,54.25,4254
2024-02-19,11:00,54.27,54.45,53.9,53.99,2968
2024-02-19,12:00,53.97,54.47,53.8,53.94,2683
2024-02-19,13:00,53.9,54.1,53.37,53.75,3166
2024-02-19,14:00,53.76,53.88,53.32,53.33,2512
2024-02-19,15:00,53.33,53.9,53.25,53.7,2528
2024-02-19,16:00,53.71,53.74,52.9,53.14,3695
2024-02-20,07:00,53.5,53.92,53.05,53.8,1761
2024-02-20,08:00,53.78,54.25,53.25,53.49,3306
2024-02-20,09:00,53.5,53.7,53.3,53.48,2245
2024-02-20,10:00,53.52,54.55,53.5,53.92,2612
2024-02-20,11:00,53.92,54.11,53.68,53.76,1133
2024-02-20,12:00,53.73,53.9,52.26,52.26,3179
2024-02-20,13:00,52.25,52.91,51.72,52.9,4546
2024-02-20,14:00,52.9,54.7,52.76,54.61,4464
2024-02-20,15:00,54.6,55.07,54.19,54.5,3558
2024-02-20,16:00,54.47,54.49,54.03,54.21,2334
2024-02-21,07:00,54.05,54.98,54.05,54.33,1260
2024-02-21,08:00,54.28,54.41,53.32,53.96,2128
2024-02-21,09:00,53.91,54.2,53.42,53.6,1716
2024-02-21,10:00,53.64,53.85,53.27,53.45,1711
2024-02-21,11:00,53.47,53.85,53.37,53.45,1235
2024-02-21,12:00,53.43,53.95,53.4,53.69,1029
2024-02-21,13:00,53.71,54.8,53.69,54.63,2840
2024-02-21,14:00,54.6,54.68,53.9,54.13,2382
2024-02-21,15:00,54.16,54.6,54.04,54.5,1623
2024-02-21,16:00,54.52,54.74,54.43,54.51,1806
2024-02-22,07:00,54.31,54.48,53.55,54.15,1643
2024-02-22,08:00,54.14,54.49,53.83,53.91,1875
2024-02-22,09:00,53.9,53.9,53.27,53.28,2832
2024-02-22,10:00,53.29,53.36,52.64,52.93,3500
2024-02-22,11:00,52.92,53.45,52.71,53.38,1398
2024-02-22,12:00,53.36,53.46,52.92,52.92,1458
2024-02-22,13:00,52.92,53.12,52.55,52.8,2306
2024-02-22,14:00,52.81,53,52.56,52.6,1705
2024-02-22,15:00,52.63,53.08,52.37,53.06,2243
2024-02-22,16:00,53.07,53.1,52.45,52.59,2578
2024-02-23,07:00,52.8,53.01,52.12,52.39,1413
2024-02-23,08:00,52.38,52.63,51.96,52.16,1620
2024-02-23,09:00,52.15,52.3,51.35,51.46,3403
2024-02-23,10:00,51.46,51.9,51.1,51.58,3594
2024-02-23,11:00,51.61,51.72,51.49,51.55,1962
2024-02-23,12:00,51.53,51.6,51.08,51.5,3127
2024-02-23,13:00,51.5,51.62,51.3,51.6,1823
2024-02-23,14:00,51.61,52.26,51.42,52.2,2468
2024-02-23,15:00,52.2,52.48,51.88,52.18,2469
2024-02-23,16:00,52.19,52.71,52.15,52.51,3013
2024-02-26,07:00,52.16,52.66,51.55,52.04,2027
2024-02-26,08:00,52.08,52.23,51.55,52.04,1299
2024-02-26,09:00,52.01,52.47,51.77,52.31,2308
2024-02-26,10:00,52.28,53.9,52.25,53.25,3981
2024-02-26,11:00,53.24,53.55,53.06,53.37,932
2024-02-26,12:00,53.37,53.45,52.86,53.18,1612
2024-02-26,13:00,53.19,54.33,53.18,53.9,2901
2024-02-26,14:00,53.91,54.12,53.3,54,2530
2024-02-26,15:00,54.01,54.55,53.85,53.93,2979
2024-02-26,16:00,53.96,54.13,53.64,53.83,2603
2024-02-27,07:00,53.76,53.87,53.15,53.2,1486
2024-02-27,08:00,53.2,53.48,52.9,53.3,1893
2024-02-27,09:00,53.29,53.5,53.05,53.11,2318
2024-02-27,10:00,53.12,53.16,52.75,52.9,3364
2024-02-27,11:00,52.89,53.04,52.45,52.95,2553
2024-02-27,12:00,52.95,53.45,52.53,53.25,2380
2024-02-27,13:00,53.28,54.37,53.28,54.31,3761
2024-02-27,14:00,54.35,55.1,54.22,54.9,4641
2024-02-27,15:00,54.9,56.22,54.76,55.46,3874
2024-02-27,16:00,55.43,56.26,55.34,55.96,3348
2024-02-28,07:00,56.2,57.22,55.91,56.14,2821
2024-02-28,08:00,56.18,56.6,55.62,56.18,2958
2024-02-28,09:00,56.17,56.18,55.45,55.81,2734
2024-02-28,10:00,55.85,57.58,55.85,57.4,5982
2024-02-28,11:00,57.37,57.68,56.91,57.64,2318
2024-02-28,12:00,57.62,57.7,57.19,57.19,1794
2024-02-28,13:00,57.22,58.23,57.05,57.99,5053
2024-02-28,14:00,57.98,58.8,57.75,58.7,3854
2024-02-28,15:00,58.7,58.88,58,58.06,4051
2024-02-28,16:00,58.08,58.13,57.1,57.21,4844
2024-02-29,07:00,57.53,57.66,56.75,57.15,2047
2024-02-29,08:00,57.13,57.39,56.75,57.26,2474
2024-02-29,09:00,57.26,57.83,57,57.04,2319
2024-02-29,10:00,57.04,57.11,55.75,56.07,5040
2024-02-29,11:00,56.03,56.1,55.35,55.59,2308
2024-02-29,12:00,55.56,55.88,55.25,55.4,2200
2024-02-29,13:00,55.38,56.44,55.31,56.34,2741
2024-02-29,14:00,56.38,56.53,55.65,55.92,2450
2024-02-29,15:00,55.89,56.23,55.58,56.15,1781
2024-02-29,16:00,56.15,56.63,55.86,56.44,2313
2024-03-01,07:00,56.03,56.63,56.03,56.47,1292
2024-03-01,08:00,56.48,56.85,55.05,55.16,4484
2024-03-01,09:00,55.18,55.65,55.05,55.63,2925
2024-03-01,10:00,55.64,55.89,55.3,55.71,2124
2024-03-01,11:00,55.71,56.4,55.71,56.03,1677
2024-03-01,12:00,56.03,56.37,56,56.2,1699
2024-03-01,13:00,56.23,56.37,55.9,56.21,1482
2024-03-01,14:00,56.19,56.72,56.01,56.21,2117
2024-03-01,15:00,56.2,56.35,55.72,56.17,1695
2024-03-01,16:00,56.17,56.59,56.11,56.31,2283
2024-03-04,07:00,56.35,56.6,54.29,54.41,2293
2024-03-04,08:00,54.47,54.78,53.82,53.84,3480
2024-03-04,09:00,53.83,54.38,53.75,54.07,2810
2024-03-04,10:00,54.04,54.05,53.42,53.89,3917
2024-03-04,11:00,53.89,54.65,53.87,54.44,2376
2024-03-04,12:00,54.42,54.66,54.2,54.39,1164
2024-03-04,13:00,54.39,55.37,54.39,55.32,3375
2024-03-04,14:00,55.34,57.35,55.12,56.73,4638
2024-03-04,15:00,56.73,57.8,56.46,57.04,3873
2024-03-04,16:00,57.04,57.36,56.87,57.28,2841
2024-03-05,07:00,57.28,58.8,56.7,58.7,3577
2024-03-05,08:00,58.69,59.64,58.36,59.05,5018
2024-03-05,09:00,59.01,60.27,58.9,59.95,5465
2024-03-05,10:00,59.92,61.39,59.85,60.3,9102
2024-03-05,11:00,60.29,60.79,60.01,60.57,3652
2024-03-05,12:00,60.6,60.9,59.5,59.82,3363
2024-03-05,13:00,59.82,60.77,59.77,60.46,3781
2024-03-05,14:00,60.45,60.99,59.92,60.78,3675
2024-03-05,15:00,60.77,61.03,60.3,60.97,4097
2024-03-05,16:00,60.96,60.96,59.92,60,5333
2024-03-06,07:00,60.25,60.66,58.05,58.56,4609
2024-03-06,08:00,58.52,60.11,58.37,60.1,3322
2024-03-06,09:00,60.1,61.87,59.99,61.57,6910
2024-03-06,10:00,61.58,62.8,61.58,62.03,5698
2024-03-06,11:00,62.07,62.53,61.9,62.37,2576
2024-03-06,12:00,62.37,62.37,61.67,61.89,2694
2024-03-06,13:00,61.9,62.14,61.22,61.76,3659
2024-03-06,14:00,61.74,61.82,59.07,59.3,5862
2024-03-06,15:00,59.3,60.05,59,59.2,3390
2024-03-06,16:00,59.19,59.68,58.6,58.79,3967
2024-03-07,07:00,58.79,59.3,58.15,58.17,2615
2024-03-07,08:00,58.16,58.84,57.4,58.65,4094
2024-03-07,09:00,58.67,59.8,58.65,59.34,3479
2024-03-07,10:00,59.35,60.3,58.67,59.62,5443
2024-03-07,11:00,59.63,60.85,59.2,60.84,3483
2024-03-07,12:00,60.83,61.09,60.57,60.85,3038
2024-03-07,13:00,60.85,61.02,60.34,60.49,2186
2024-03-07,14:00,60.51,60.62,59.25,59.73,4520
2024-03-07,15:00,59.75,59.81,58.75,59.08,2830
2024-03-07,16:00,59.03,59.69,58.91,59.44,2188
2024-03-08,07:00,59,59.55,58.45,58.89,1846
2024-03-08,08:00,58.88,59.91,58.62,59.9,2228
2024-03-08,09:00,59.9,60.24,59.2,59.29,2478
2024-03-08,10:00,59.3,59.55,59.02,59.42,1647
2024-03-08,11:00,59.38,59.54,58.6,58.77,1910
2024-03-08,12:00,58.74,58.97,58.35,58.45,2024
2024-03-08,13:00,58.47,58.86,58.31,58.37,1604
2024-03-08,14:00,58.39,58.4,57.85,58.08,2539
2024-03-08,15:00,58.08,58.25,57.8,58.07,1488
2024-03-08,16:00,58.09,58.77,58.09,58.5,2522
2024-03-11,07:00,58,58.22,57.25,58.1,2043
2024-03-11,08:00,58.1,58.39,56.82,56.93,3150
2024-03-11,09:00,56.88,57.05,56.51,56.6,3289
2024-03-11,10:00,56.6,57.25,56.35,56.86,3781
2024-03-11,11:00,56.82,57.09,56.26,56.4,1598
2024-03-11,12:00,56.38,56.59,55.85,55.9,3053
2024-03-11,13:00,55.88,56.4,55.8,56.06,2513
2024-03-11,14:00,56.05,56.29,55.77,56.14,1863
2024-03-11,15:00,56.12,56.56,56.02,56.45,2384
2024-03-11,16:00,56.5,56.5,56.05,56.13,1918
2024-03-12,07:00,56.26,56.45,55.37,55.53,2412
2024-03-12,08:00,55.54,55.89,55.21,55.36,2603
2024-03-12,09:00,55.3,55.69,55.28,55.59,2448
2024-03-12,10:00,55.65,56.79,55.62,56.17,4632
2024-03-12,11:00,56.17,56.3,55.59,55.64,1787
2024-03-12,12:00,55.6,55.9,55.55,55.84,1558
2024-03-12,13:00,55.83,56.18,55.75,55.93,1814
2024-03-12,14:00,55.91,56.5,55.57,56.18,2596
2024-03-12,15:00,56.19,56.85,56.15,56.5,2280
2024-03-12,16:00,56.48,57.08,56.37,57,3012
2024-03-13,07:00,56.86,57.76,56.3,57.43,2071
2024-03-13,08:00,57.45,57.92,57,57.2,2175
2024-03-13,09:00,57.2,57.23,56.5,56.64,2438
2024-03-13,10:00,56.63,56.91,56.15,56.39,2832
2024-03-13,11:00,56.4,56.64,56.16,56.56,1828
2024-03-13,12:00,56.57,56.83,55.69,55.88,3087
2024-03-13,13:00,55.86,56.15,55.64,55.83,2439
2024-03-13,14:00,55.81,56.34,55.53,56.1,2246
2024-03-13,15:00,56.12,56.4,55.86,56,1679
2024-03-13,16:00,56,56.14,55.71,55.87,1808
2024-03-14,07:00,55.94,55.94,55.02,55.9,1620
2024-03-14,08:00,55.92,56.15,55.7,56.04,2007
2024-03-14,09:00,56.06,56.19,55.55,55.87,2647
2024-03-14,10:00,55.85,56.49,55.75,55.91,2786
2024-03-14,11:00,55.93,56.24,55.87,56.18,929
2024-03-14,12:00,56.14,56.56,55.85,56.12,1767
2024-03-14,13:00,56.12,56.74,56.04,56.42,1676
2024-03-14,14:00,56.46,57.83,56.44,57.58,4838
2024-03-14,15:00,57.6,58.85,57.5,58.55,6181
2024-03-14,16:00,58.57,59.36,58.12,58.8,4862
2024-03-15,07:00,58.8,59.35,58.4,59,1883
2024-03-15,08:00,59.04,59.45,58.28,58.71,2251
2024-03-15,09:00,58.66,58.93,58.14,58.89,2316
2024-03-15,10:00,58.91,59.95,58.91,59.8,4047
2024-03-15,11:00,59.78,60.25,59.65,60.02,2428
2024-03-15,12:00,60.03,60.07,59.55,59.68,2130
2024-03-15,13:00,59.67,59.88,59.17,59.44,2334
2024-03-15,14:00,59.42,59.73,58.58,58.58,2878
2024-03-15,15:00,58.58,59.35,58.35,59.24,2714
2024-03-15,16:00,59.27,59.71,59.22,59.38,2462
2024-03-18,07:00,59.45,61.3,59.45,60.92,2827
2024-03-18,08:00,60.92,62.34,60.75,61.77,6103
2024-03-18,09:00,61.77,62,61.3,61.37,2665
2024-03-18,10:00,61.35,61.92,61.31,61.74,2277
2024-03-18,11:00,61.7,61.85,60.85,61.39,1969
2024-03-18,12:00,61.4,62.08,61.26,61.98,2384
2024-03-18,13:00,62,62.2,61.4,61.47,2866
2024-03-18,14:00,61.5,61.9,61.19,61.35,3423
2024-03-18,15:00,61.35,61.58,60.52,61.46,3840
2024-03-18,16:00,61.45,61.61,60.95,61.42,2863
2024-03-19,07:00,61.41,62.79,61.22,62.71,3255
2024-03-19,08:00,62.73,62.89,61.38,61.48,3832
2024-03-19,09:00,61.5,61.67,60.88,61.21,2973
2024-03-19,10:00,61.21,61.39,60.16,60.24,2310
2024-03-19,11:00,60.2,61.04,60.17,60.68,2090
2024-03-19,12:00,60.66,60.92,60.35,60.4,1327
2024-03-19,13:00,60.39,60.46,59.5,59.7,2696
2024-03-19,14:00,59.7,60.36,59.65,59.94,1549
2024-03-19,15:00,59.93,61.1,59.8,60.94,2561
2024-03-19,16:00,60.98,61.46,60.72,61.31,2714
2024-03-20,07:00,61.3,61.46,60.1,60.95,1435
2024-03-20,08:00,60.95,61.06,59.97,60.2,1846
2024-03-20,09:00,60.2,60.55,60.08,60.23,1507
2024-03-20,10:00,60.23,61,59.97,60.58,2152
2024-03-20,11:00,60.59,61.12,60.41,60.56,1375
2024-03-20,12:00,60.47,60.95,60.2,60.78,2031
2024-03-20,13:00,60.77,60.94,60.01,60.46,1914
2024-03-20,14:00,60.49,60.94,60.35,60.76,2391
2024-03-20,15:00,60.75,61.3,60.75,60.87,2728
2024-03-20,16:00,60.86,60.86,59.98,60.01,3692
2024-03-21,07:00,60.18,60.18,59.2,59.27,2046
2024-03-21,08:00,59.27,59.94,59.07,59.73,2277
2024-03-21,09:00,59.73,60.3,59.63,59.95,2032
2024-03-21,10:00,59.95,60.07,59.42,59.54,2309
2024-03-21,11:00,59.54,59.54,58.8,58.99,2932
2024-03-21,12:00,58.97,59.39,58.97,59.27,1442
2024-03-21,13:00,59.27,59.85,59.22,59.75,1954
2024-03-21,14:00,59.77,59.94,59.36,59.52,1950
2024-03-21,15:00,59.5,59.6,58.85,59.24,2553
2024-03-21,16:00,59.23,59.48,58.96,59.37,2343
2024-03-22,07:00,59.15,59.5,58.8,59.27,701
2024-03-22,08:00,59.3,59.85,59.14,59.66,1522
2024-03-22,09:00,59.7,60.13,59.56,60,1994
2024-03-22,10:00,60.01,61.03,59.79,60.97,4044
2024-03-22,11:00,60.97,61.03,60.39,60.65,1989
2024-03-22,12:00,60.66,61.62,60.51,61.16,2711
2024-03-22,13:00,61.19,61.9,61.19,61.65,3488
2024-03-22,14:00,61.67,62.06,61.43,61.75,2215
2024-03-22,15:00,61.73,61.92,61.16,61.39,1995
2024-03-22,16:00,61.4,61.64,61.16,61.5,2496
2024-03-25,07:00,61.69,64.2,61.68,64.01,4244
2024-03-25,08:00,64.01,64.41,63.59,63.86,3804
2024-03-25,09:00,63.83,64.25,63.27,64.03,3145
2024-03-25,10:00,64.04,64.17,63.35,63.57,1952
2024-03-25,11:00,63.56,65.49,63.55,65.06,4979
2024-03-25,12:00,65.04,65.07,64.47,64.48,2097
2024-03-25,13:00,64.5,64.82,64.46,64.81,2347
2024-03-25,14:00,64.79,64.95,64.26,64.34,3197
2024-03-25,15:00,64.34,65.15,64.31,65.05,2989
2024-03-25,16:00,65.07,65.12,64.69,64.84,3264
2024-03-26,07:00,64.64,64.78,63.68,64.44,2574
2024-03-26,08:00,64.49,65.35,63.96,65.32,4183
2024-03-26,09:00,65.37,65.78,65.09,65.47,4585
2024-03-26,10:00,65.46,65.51,64.36,65,3515
2024-03-26,11:00,64.97,65.04,64.05,64.2,1609
2024-03-26,12:00,64.18,64.4,63.27,63.39,2878
2024-03-26,13:00,63.38,63.51,62.55,63.01,4501
2024-03-26,14:00,63.02,63.2,62.76,62.83,2823
2024-03-26,15:00,62.82,62.83,62.2,62.47,3116
2024-03-26,16:00,62.51,63.04,62.16,63,2288
2024-03-27,07:00,62.5,63.31,62.48,63.24,1161
2024-03-27,08:00,63.24,63.27,62.21,62.29,1898
2024-03-27,09:00,62.29,62.55,61.6,61.72,3353
2024-03-27,10:00,61.74,62.33,61.64,61.96,2772
2024-03-27,11:00,61.96,62.42,61.77,61.8,1232
2024-03-27,12:00,61.8,61.95,61.04,61.31,3172
2024-03-27,13:00,61.31,61.84,61.3,61.8,1828
2024-03-27,14:00,61.86,62.18,61.68,61.83,1776
2024-03-27,15:00,61.85,62.45,61.75,62.17,1702
2024-03-27,16:00,62.17,62.95,62.14,62.61,2380
2024-03-28,07:00,62.5,62.5,61.75,61.96,959
2024-03-28,08:00,61.97,62.89,61.97,62.12,2157
2024-03-28,09:00,62.14,62.18,61.59,61.78,1877
2024-03-28,10:00,61.76,61.98,61.32,61.5,2480
2024-03-28,11:00,61.5,62.35,61.46,62.23,1777
2024-03-28,12:00,62.25,62.74,62.04,62.04,1838
2024-03-28,13:00,62.07,62.27,61.81,61.91,1133
2024-03-28,14:00,61.91,62.26,61.81,61.97,1440
2024-03-28,15:00,62,62.08,61.58,61.82,1333
2024-03-28,16:00,61.81,62.18,61.65,61.93,1805
2024-04-02,06:00,61.48,61.5,60.57,60.75,1844
2024-04-02,07:00,60.75,60.95,59.45,59.59,4116
2024-04-02,08:00,59.58,59.79,59.35,59.5,2075
2024-04-02,09:00,59.53,59.59,58.97,59.36,3674
2024-04-02,10:00,59.35,59.62,59.18,59.62,1422
2024-04-02,11:00,59.58,60.12,59.53,59.62,2210
2024-04-02,12:00,59.59,60.09,59.18,59.21,2460
2024-04-02,13:00,59.2,59.3,58.56,58.67,4560
2024-04-02,14:00,58.65,59.1,58.65,58.86,1911
2024-04-02,15:00,58.86,59.15,58.59,58.9,2318
2024-04-03,06:00,59.29,59.49,58.31,58.62,1703
2024-04-03,07:00,58.66,59.12,58.38,59.11,2103
2024-04-03,08:00,59.12,59.21,58.75,58.99,1508
2024-04-03,09:00,58.95,59.1,58.45,59.01,1882
2024-04-03,10:00,59.03,59.15,58.65,58.66,1469
2024-04-03,11:00,58.66,58.97,58.4,58.93,1479
2024-04-03,12:00,58.97,58.99,57.85,57.94,2918
2024-04-03,13:00,57.92,57.95,56.9,57.25,4477
2024-04-03,14:00,57.28,57.67,57.04,57.17,2244
2024-04-03,15:00,57.18,57.77,57.15,57.55,2432
2024-04-04,06:00,57.09,57.8,57.09,57.48,1497
2024-04-04,07:00,57.46,58.43,57.46,58.16,2603
2024-04-04,08:00,58.15,58.33,57.72,57.95,2405
2024-04-04,09:00,58.01,58.2,57.63,57.84,1737
2024-04-04,10:00,57.86,58.07,57.71,57.97,1198
2024-04-04,11:00,57.98,58.75,57.9,58.29,2508
2024-04-04,12:00,58.29,58.72,58.21,58.4,1707
2024-04-04,13:00,58.39,59.24,58.38,58.63,3736
2024-04-04,14:00,58.59,58.81,58.45,58.61,2010
2024-04-04,15:00,58.63,58.68,58.35,58.39,2098
2024-04-05,06:00,58.36,59.25,58.36,58.74,1690
2024-04-05,07:00,58.72,58.91,58.36,58.41,1606
2024-04-05,08:00,58.41,58.69,58.25,58.59,1836
2024-04-05,09:00,58.59,58.95,58.45,58.65,1621
2024-04-05,10:00,58.67,59.05,58.5,59.05,1691
2024-04-05,11:00,59.08,59.1,58.55,58.66,1025
2024-04-05,12:00,58.7,59.2,58.7,59.08,1802
2024-04-05,13:00,59.1,60.62,59,60.62,5480
2024-04-05,14:00,60.63,61.08,60.27,60.95,4173
2024-04-05,15:00,60.94,61.15,60.47,61.01,2662
2024-04-08,06:00,60.9,61,59.69,60.08,1876
2024-04-08,07:00,60.08,60.4,59.72,60.35,2121
2024-04-08,08:00,60.33,60.7,59.97,60.1,2261
2024-04-08,09:00,60.1,61.45,60.07,61.34,2561
2024-04-08,10:00,61.32,61.8,61.2,61.29,1701
2024-04-08,11:00,61.32,61.78,60.65,61.7,2209
2024-04-08,12:00,61.71,62.6,61.65,62.41,4060
2024-04-08,13:00,62.43,63.8,62.41,63.03,6277
2024-04-08,14:00,63.04,63.57,62.82,63.47,3151
2024-04-08,15:00,63.48,63.74,63.12,63.39,3575
2024-04-09,06:00,63.39,63.95,63.05,63.31,1635
2024-04-09,07:00,63.3,63.42,62.65,62.95,2660
2024-04-09,08:00,62.94,63.31,62.5,63.2,2211
2024-04-09,09:00,63.14,64.3,63.08,63.76,3180
2024-04-09,10:00,63.74,64.45,63.7,64.24,2836
2024-04-09,11:00,64.22,64.62,64.13,64.53,2316
2024-04-09,12:00,64.51,64.64,63.61,64.35,2444
2024-04-09,13:00,64.34,64.62,63.84,64.13,3297
2024-04-09,14:00,64.12,64.57,63.9,64.25,2943
2024-04-09,15:00,64.25,64.4,63.81,63.96,3280
2024-04-10,06:00,63.82,64.98,63.82,64.56,1443
2024-04-10,07:00,64.56,65.1,64.4,64.41,2643
2024-04-10,08:00,64.4,64.74,63.84,64.2,2218
2024-04-10,09:00,64.16,64.84,63.09,63.23,4698
2024-04-10,10:00,63.21,63.37,62.76,62.76,2415
2024-04-10,11:00,62.76,62.99,62.29,62.86,2630
2024-04-10,12:00,62.84,63.2,62.58,62.81,1610
2024-04-10,13:00,62.85,63.79,62.8,63.18,3406
2024-04-10,14:00,63.16,63.35,62.8,63.01,1514
2024-04-10,15:00,63,63.14,62.71,62.85,1814
2024-04-11,06:00,63.25,64.5,62.8,64.13,1946
2024-04-11,07:00,64.12,65.4,64,65.1,5220
2024-04-11,08:00,65.12,65.8,64.85,65.17,5192
2024-04-11,09:00,65.17,65.7,64.6,64.89,3243
2024-04-11,10:00,64.91,65.28,64.76,64.76,1815
2024-04-11,11:00,64.76,65.33,64.75,65.26,1501
2024-04-11,12:00,65.24,66.92,65.13,66.56,6053
2024-04-11,13:00,66.57,67.7,66.54,67.05,7044
2024-04-11,14:00,67.04,68.25,67.04,68.1,4894
2024-04-11,15:00,68.1,68.95,67.83,68.83,6871
2024-04-12,06:00,68.6,69.36,68.06,68.48,2715
2024-04-12,07:00,68.51,71.75,68.51,70.8,7550
2024-04-12,08:00,70.8,71.65,69.99,70.25,5078
2024-04-12,09:00,70.24,70.81,69.49,70.55,2547
2024-04-12,10:00,70.56,71.32,70.56,70.81,3038
2024-04-12,11:00,70.8,71.2,69.73,69.81,4183
2024-04-12,12:00,69.81,70.3,69.18,70.17,4537
2024-04-12,13:00,70.17,71.46,69.89,70.53,5350
2024-04-12,14:00,70.51,71.75,70.2,71.49,3320
2024-04-12,15:00,71.49,71.87,71.19,71.64,4446
2024-04-15,06:00,71.6,71.64,69.1,69.73,5081
2024-04-15,07:00,69.76,70.67,69.56,69.6,3260
2024-04-15,08:00,69.58,70.69,69.36,70.11,2877
2024-04-15,09:00,70.16,70.62,69.87,70.28,2078
2024-04-15,10:00,70.3,70.4,69.44,70.16,2459
2024-04-15,11:00,70.17,70.3,69.9,70.06,1324
2024-04-15,12:00,70.08,70.92,69.93,70.41,2083
2024-04-15,13:00,70.45,71.37,70.42,70.65,2751
2024-04-15,14:00,70.67,71.26,70,70.94,3034
2024-04-15,15:00,71.01,71.13,70.06,70.16,3067
2024-04-16,06:00,70.25,71.35,69.75,71.24,2265
2024-04-16,07:00,71.25,71.51,70.6,71.05,2408
2024-04-16,08:00,71.08,73.74,71,73.1,7430
2024-04-16,09:00,73.1,73.98,72.6,73.21,4280
2024-04-16,10:00,73.19,73.75,72.78,73.39,2178
2024-04-16,11:00,73.4,74.1,73.28,74.07,2677
2024-04-16,12:00,74.04,74.9,73.56,73.85,4183
2024-04-16,13:00,73.86,74.11,73.22,73.7,3978
2024-04-16,14:00,73.67,74.43,73.4,74.3,2362
2024-04-16,15:00,74.24,74.39,73.45,74.25,2996
2024-04-17,06:00,74.13,74.5,72.88,72.88,2574
2024-04-17,07:00,72.88,73.35,72.25,72.5,4556
2024-04-17,08:00,72.45,72.45,71.15,72,6414
2024-04-17,09:00,71.97,72.57,71.6,72.1,2671
2024-04-17,10:00,72.08,72.31,71.54,71.8,1741
2024-04-17,11:00,71.78,71.83,69.75,70.15,4980
2024-04-17,12:00,70.11,70.25,69.23,69.78,4368
2024-04-17,13:00,69.81,70.17,69.3,69.52,3055
2024-04-17,14:00,69.55,70.48,69.52,69.81,2637
2024-04-17,15:00,69.81,70.44,69.61,70.33,2976
2024-04-18,06:00,69.9,69.9,68.15,68.78,3146
2024-04-18,07:00,68.73,69.46,68.72,69.46,2623
2024-04-18,08:00,69.45,70.29,68.71,69.42,3386
2024-04-18,09:00,69.41,71.01,69.02,69.9,5322
2024-04-18,10:00,69.94,70.96,69.7,70.55,1469
2024-04-18,11:00,70.58,70.77,70.11,70.42,1601
2024-04-18,12:00,70.42,71.83,70.15,71.7,3327
2024-04-18,13:00,71.7,71.99,70.72,71,3401
2024-04-18,14:00,70.98,72.29,70.92,71.76,2785
2024-04-18,15:00,71.76,72.14,71.37,71.55,2559
2024-04-19,06:00,72.51,73.3,71.95,72.1,2777
2024-04-19,07:00,72.1,72.27,70.7,70.82,2962
2024-04-19,08:00,70.89,71.02,69.71,69.86,2650
2024-04-19,09:00,69.89,70.34,69.52,70.2,2464
2024-04-19,10:00,70.23,70.45,69.81,70.13,1169
2024-04-19,11:00,70.11,70.88,70,70.32,2313
2024-04-19,12:00,70.34,70.37,69.26,69.62,3084
2024-04-19,13:00,69.65,70.31,69.29,70.06,2458
2024-04-19,14:00,70.11,70.2,69.05,69.45,1896
2024-04-19,15:00,69.4,69.43,68.1,68.52,4361
2024-04-22,06:00,68.09,68.19,66.55,67.56,3172
2024-04-22,07:00,67.58,67.85,67.06,67.4,2539
2024-04-22,08:00,67.39,67.48,66.81,66.92,2876
2024-04-22,09:00,66.92,67.16,66.44,67.08,2490
2024-04-22,10:00,67.04,67.7,67.02,67.32,1638
2024-04-22,11:00,67.32,67.62,66.68,66.79,1517
2024-04-22,12:00,66.76,67,66.1,66.38,2346
2024-04-22,13:00,66.29,66.57,66.01,66.32,2015
2024-04-22,14:00,66.4,67.03,66.27,66.78,1917
2024-04-22,15:00,66.79,66.9,66.2,66.4,2035
2024-04-23,06:00,66.24,67,65.75,65.77,1936
2024-04-23,07:00,65.8,66.67,65.8,66.45,1794
2024-04-23,08:00,66.46,66.88,66.01,66.48,2437
2024-04-23,09:00,66.52,67.24,66.2,66.74,3302
2024-04-23,10:00,66.74,66.89,66.19,66.3,856
2024-04-23,11:00,66.27,66.47,65.39,65.53,2555
2024-04-23,12:00,65.54,65.75,65.34,65.55,1712
2024-04-23,13:00,65.52,66.22,65.37,66,2446
2024-04-23,14:00,66.03,66.24,65.64,65.87,1440
2024-04-23,15:00,65.87,66.38,65.57,66.38,2026
2024-04-24,06:00,66.25,67.18,65.96,66.85,1729
2024-04-24,07:00,66.85,67.16,66.37,66.63,1769
2024-04-24,08:00,66.65,67.47,66.61,66.99,2211
2024-04-24,09:00,66.96,67.15,65.75,65.79,3745
2024-04-24,10:00,65.86,66.09,65.4,65.66,1519
2024-04-24,11:00,65.68,65.68,64.75,65.11,3178
2024-04-24,12:00,65.14,65.48,64.91,65.21,1715
2024-04-24,13:00,65.2,65.76,65.03,65.51,1589
2024-04-24,14:00,65.51,66.22,65.4,66.11,1958
2024-04-24,15:00,66.1,66.91,66.04,66.85,2510
2024-04-25,06:00,67,67.78,66.8,67.32,2239
2024-04-25,07:00,67.33,67.51,66.54,67.04,2260
2024-04-25,08:00,67.03,67.33,66.57,66.97,2698
2024-04-25,09:00,66.99,67.49,66.58,67.06,1620
2024-04-25,10:00,67.01,67.52,66.99,67.21,1117
2024-04-25,11:00,67.24,68.37,67.14,68.23,3387
2024-04-25,12:00,68.18,69.88,68.08,69.84,3880
2024-04-25,13:00,69.89,69.97,68.51,68.71,3485
2024-04-25,14:00,68.72,69.44,68.25,68.56,2588
2024-04-25,15:00,68.53,68.6,68.19,68.41,2422
2024-04-26,06:00,68.21,68.75,67.65,68.56,1554
2024-04-26,07:00,68.56,69.2,68.18,68.24,1457
2024-04-26,08:00,68.3,68.4,67.45,67.61,1701
2024-04-26,09:00,67.66,67.98,67.22,67.9,1570
2024-04-26,10:00,67.89,67.92,67.33,67.44,1396
2024-04-26,11:00,67.39,68.2,67.39,68.03,1617
2024-04-26,12:00,68.01,68.37,67.6,67.7,2122
2024-04-26,13:00,67.68,68.05,66.78,67.1,2923
2024-04-26,14:00,67.1,67.39,66.62,66.63,1844
2024-04-26,15:00,66.65,67.53,66.57,67.51,1658
2024-04-29,06:00,67,67.36,66.1,66.27,1485
2024-04-29,07:00,66.27,66.6,65.53,65.7,2582
2024-04-29,08:00,65.74,65.86,65.25,65.36,2080
2024-04-29,09:00,65.4,65.56,65.1,65.13,2804
2024-04-29,10:00,65.15,65.49,65.12,65.23,847
2024-04-29,11:00,65.21,65.89,65.21,65.34,1284
2024-04-29,12:00,65.33,65.69,65.21,65.21,1488
2024-04-29,13:00,65.24,65.39,65.01,65.23,1818
2024-04-29,14:00,65.19,65.6,65.19,65.38,1039
2024-04-29,15:00,65.37,65.91,65.32,65.8,1910
2024-04-30,06:00,65.95,66.26,65.38,65.52,1101
2024-04-30,07:00,65.5,66.8,65.5,66.6,2573
2024-04-30,08:00,66.6,67.43,66.33,67.35,3258
2024-04-30,09:00,67.42,67.8,67.1,67.3,2794
2024-04-30,10:00,67.28,68.48,67.23,68.33,1844
2024-04-30,11:00,68.34,68.35,67.47,67.56,2488
2024-04-30,12:00,67.57,68.4,67.38,68.35,1898
2024-04-30,13:00,68.34,69.3,68.15,68.57,3505
2024-04-30,14:00,68.6,68.79,68.31,68.57,1727
2024-04-30,15:00,68.52,69.6,68.39,69.2,3554
2024-05-01,06:00,69.19,69.26,68.24,68.47,1742
2024-05-01,07:00,68.45,68.7,67.5,67.6,1766
2024-05-01,08:00,67.6,67.88,67.47,67.68,799
2024-05-01,09:00,67.67,68.18,67.67,68,713
2024-05-01,10:00,67.96,68.25,67.59,67.7,729
2024-05-01,11:00,67.68,67.79,67.36,67.51,928
2024-05-01,12:00,67.5,67.84,67.48,67.57,1217
2024-05-01,13:00,67.6,68.05,67.41,67.55,1351
2024-05-01,14:00,67.48,67.75,67.35,67.61,1259
2024-05-01,15:00,67.59,68.03,67.54,67.91,1618
2024-05-02,06:00,67.88,68.35,67.21,68.24,1610
2024-05-02,07:00,68.18,69.51,68.11,69.08,4614
2024-05-02,08:00,69.09,70.18,68.88,69.87,5064
2024-05-02,09:00,69.82,70.99,69.6,70.66,4164
2024-05-02,10:00,70.64,71.49,70.59,71.35,3498
2024-05-02,11:00,71.34,72.76,71.24,71.79,5534
2024-05-02,12:00,71.77,71.81,71.2,71.57,3265
2024-05-02,13:00,71.57,72.26,71.28,72.15,2166
2024-05-02,14:00,72.14,73.19,72.02,72.35,4468
2024-05-02,15:00,72.35,73,72.17,72.69,2598
2024-05-03,06:00,72.53,73.14,71.66,72.76,1680
2024-05-03,07:00,72.7,73.98,72.55,73.4,3642
2024-05-03,08:00,73.4,73.46,72.45,73.26,2204
2024-05-03,09:00,73.22,73.39,72.59,73.28,2020
2024-05-03,10:00,73.29,74.25,73.18,74.16,2178
2024-05-03,11:00,74.14,74.56,73.67,73.86,2856
2024-05-03,12:00,73.88,74.04,72.71,72.75,2873
2024-05-03,13:00,72.74,73.33,72.59,72.82,1716
2024-05-03,14:00,72.79,72.79,71.37,72.07,3525
2024-05-03,15:00,72.05,72.15,71.45,71.84,1911
2024-05-06,06:00,71.74,72.65,71.48,72.61,1339
2024-05-06,07:00,72.58,73.92,72.29,72.61,2622
2024-05-06,08:00,72.54,73.04,71.88,72.09,2053
2024-05-06,09:00,72.04,73.8,72.02,73.42,2146
2024-05-06,10:00,73.42,74.34,73.39,74.1,1913
2024-05-06,11:00,74.15,74.49,73.51,73.88,1471
2024-05-06,12:00,73.85,73.95,73.08,73.15,1370
2024-05-06,13:00,73.15,73.63,72.6,72.99,1698
2024-05-06,14:00,72.99,73.49,72.6,73.11,1285
2024-05-06,15:00,73.17,73.78,73,73.67,1351
2024-05-07,06:00,73.25,73.73,72.83,73.63,1173
2024-05-07,07:00,73.68,74.3,73.3,73.65,2927
2024-05-07,08:00,73.69,73.72,71.14,71.5,6472
2024-05-07,09:00,71.49,71.6,70.5,71.5,3918
2024-05-07,10:00,71.5,71.9,70.88,70.99,2898
2024-05-07,11:00,70.94,71.88,70.9,71.7,1798
2024-05-07,12:00,71.7,72.28,71.48,71.85,2377
2024-05-07,13:00,71.86,71.91,71.17,71.26,2180
2024-05-07,14:00,71.26,71.67,70.72,70.9,3006
2024-05-07,15:00,70.88,71.11,70.58,70.85,2721
2024-05-08,06:00,70.89,71.06,70.42,70.53,1417
2024-05-08,07:00,70.58,70.95,69.58,69.65,2971
2024-05-08,08:00,69.65,70.87,69.64,70.81,2328
2024-05-08,09:00,70.87,71.6,70.87,71.39,2230
2024-05-08,10:00,71.26,71.39,70.66,71,1727
2024-05-08,11:00,70.97,71.73,70.79,71.58,1718
2024-05-08,12:00,71.6,72.25,71.34,72.13,2893
2024-05-08,13:00,72.15,72.8,71.9,72.25,2634
2024-05-08,14:00,72.24,72.47,71.4,71.93,2024
2024-05-08,15:00,71.91,71.99,71.55,71.92,1580
2024-05-09,06:00,71.39,72.18,71.39,71.6,739
2024-05-09,07:00,71.56,72.48,71.13,72.33,1281
2024-05-09,08:00,72.33,72.85,72,72.6,1082
2024-05-09,09:00,72.63,73.41,72.43,73.15,1474
2024-05-09,10:00,73.19,73.5,73,73.14,903
2024-05-09,11:00,73.1,73.37,72.81,73.33,949
2024-05-09,12:00,73.33,73.65,73.22,73.38,1632
2024-05-09,13:00,73.41,73.9,72.99,73.82,2258
2024-05-09,14:00,73.83,74.08,73,73.15,2245
2024-05-09,15:00,73.18,73.8,73.11,73.62,1547
2024-05-10,06:00,73.5,74.22,73.12,74,1249
2024-05-10,07:00,74.02,74.5,73.91,74.46,1769
2024-05-10,08:00,74.43,75.5,74.23,74.93,4151
2024-05-10,09:00,74.91,74.95,73.38,73.73,2421
2024-05-10,10:00,73.73,73.77,72.99,73.06,1940
2024-05-10,11:00,73.02,73.06,72.07,72.96,2442
2024-05-10,12:00,72.91,73.17,72.48,72.86,1406
2024-05-10,13:00,72.82,72.92,71.88,72.4,1727
2024-05-10,14:00,72.4,72.47,71.27,71.49,2493
2024-05-10,15:00,71.49,72.1,71.38,71.59,1820
2024-05-13,06:00,71.33,71.49,70.51,70.75,1544
2024-05-13,07:00,70.8,71.22,70.11,70.31,2170
2024-05-13,08:00,70.34,70.95,69.85,70.04,3506
2024-05-13,09:00,70.05,70.39,69.81,70.01,2018
2024-05-13,10:00,69.97,70.71,69.89,70.65,1455
2024-05-13,11:00,70.6,70.73,69.85,69.86,1491
2024-05-13,12:00,69.88,69.96,69.51,69.85,2217
2024-05-13,13:00,69.85,69.9,68.7,69.02,3757
2024-05-13,14:00,69.01,69.69,68.87,69.67,2598
2024-05-13,15:00,69.65,70.2,69.62,70.07,2826
2024-05-14,06:00,70.02,70.66,69.73,69.93,1012
2024-05-14,07:00,69.89,69.92,69.02,69.4,1616
2024-05-14,08:00,69.4,69.69,69.15,69.48,1365
2024-05-14,09:00,69.48,70.84,69.37,70.69,2756
2024-05-14,10:00,70.69,71.32,70.4,70.5,1602
2024-05-14,11:00,70.5,71.32,70.5,71.04,1167
2024-05-14,12:00,71.01,71.29,70.55,71.1,1003
2024-05-14,13:00,71.07,71.32,70.86,71.3,977
2024-05-14,14:00,71.3,71.32,70.35,70.51,1925
2024-05-14,15:00,70.46,70.51,70.01,70.1,1750
2024-05-15,06:00,70.2,70.88,69.97,70.7,813
2024-05-15,07:00,70.69,71.43,70.6,71.1,3063
2024-05-15,08:00,71.1,71.85,70.9,70.97,2287
2024-05-15,09:00,70.92,71.08,70.46,70.7,1625
2024-05-15,10:00,70.74,70.8,70.3,70.49,1399
2024-05-15,11:00,70.46,70.67,70.18,70.2,1195
2024-05-15,12:00,70.21,70.56,69.5,69.6,3017
2024-05-15,13:00,69.52,69.91,69.5,69.65,2423
2024-05-15,14:00,69.63,69.95,69.39,69.45,1582
2024-05-15,15:00,69.48,69.69,69.09,69.19,3293
2024-05-16,06:00,69.09,69.4,68.88,69.37,704
2024-05-16,07:00,69.4,69.87,69.28,69.79,1236
2024-05-16,08:00,69.83,70.27,69.54,70.1,2273
2024-05-16,09:00,70.08,70.45,69.82,70.1,1879
2024-05-16,10:00,70.09,70.5,70.03,70.4,953
2024-05-16,11:00,70.43,71.28,70.27,70.96,2358
2024-05-16,12:00,70.97,71.05,70.41,70.47,1416
2024-05-16,13:00,70.45,71.03,70.41,70.55,1511
2024-05-16,14:00,70.55,70.71,69.8,69.9,1847
2024-05-16,15:00,69.92,71.03,69.92,70.79,2613
2024-05-17,06:00,70.5,71.09,70,70.85,1152
2024-05-17,07:00,70.85,71.18,70.56,70.7,1493
2024-05-17,08:00,70.7,71.32,70.5,70.84,2313
2024-05-17,09:00,70.84,71.55,70.84,71.22,2604
2024-05-17,10:00,71.2,71.2,70.02,70.1,2771
2024-05-17,11:00,70.1,70.45,69.95,70.25,1289
2024-05-17,12:00,70.2,70.3,69.81,69.94,1574
2024-05-17,13:00,69.87,70.42,69.58,70.27,2229
2024-05-17,14:00,70.3,70.74,70.11,70.61,1293
2024-05-17,15:00,70.6,70.92,70.11,70.52,1720
2024-05-20,06:00,71,72.7,71,72.62,2351
2024-05-20,07:00,72.63,73.53,72.33,72.59,3848
2024-05-20,08:00,72.55,73.77,72.36,73.1,3376
2024-05-20,09:00,73.09,73.35,72.3,72.89,2144
2024-05-20,10:00,72.86,73.15,72.7,72.88,1093
2024-05-20,11:00,72.84,72.89,72.4,72.45,839
2024-05-20,12:00,72.48,73.84,72.3,73.34,3198
2024-05-20,13:00,73.36,74.83,73.25,74.61,4760
2024-05-20,14:00,74.66,74.9,74.37,74.49,2826
2024-05-20,15:00,74.43,74.69,73.86,74.24,3092
2024-05-21,06:00,74.18,74.77,73.54,73.66,1553
2024-05-21,07:00,73.7,74.2,73.2,73.97,2107
2024-05-21,08:00,74,74,73.16,73.4,1939
2024-05-21,09:00,73.4,73.85,73.1,73.1,1965
2024-05-21,10:00,73.12,73.99,73.05,73.84,1375
2024-05-21,11:00,73.88,75.01,73.88,74.87,2153
2024-05-21,12:00,74.92,76.33,74.46,76.18,5737
2024-05-21,13:00,76.13,76.47,75.65,76.33,3908
2024-05-21,14:00,76.36,76.64,75.76,76.52,3315
2024-05-21,15:00,76.51,76.52,75.68,76.2,2670
2024-05-22,06:00,75.98,77.17,75.73,77.13,1666
2024-05-22,07:00,77.15,77.5,76.17,76.32,3606
2024-05-22,08:00,76.34,76.81,75.54,76.75,3001
2024-05-22,09:00,76.73,76.78,75.5,76.55,3109
2024-05-22,10:00,76.58,77.12,76.31,76.6,1664
2024-05-22,11:00,76.66,77.35,76.01,76.21,2480
2024-05-22,12:00,76.21,77.14,76.16,76.28,2666
2024-05-22,13:00,76.22,76.69,75.75,76.51,2344
2024-05-22,14:00,76.49,76.88,75.92,76.11,1877
2024-05-22,15:00,76.07,76.75,75.94,76.67,2525
2024-05-23,06:00,76.4,76.9,75.75,76.04,2050
2024-05-23,07:00,76.06,76.89,75.8,76.75,1809
2024-05-23,08:00,76.73,77.43,76.5,77.19,3001
2024-05-23,09:00,77.19,77.8,76.86,77.7,4150
2024-05-23,10:00,77.7,77.89,77.03,77.55,2024
2024-05-23,11:00,77.59,77.96,77.25,77.7,1496
2024-05-23,12:00,77.67,78.1,76.81,77.03,3490
2024-05-23,13:00,77.03,77.3,75.65,75.85,3609
2024-05-23,14:00,75.85,76.66,75.72,76.31,2616
2024-05-23,15:00,76.31,76.37,75.5,76.1,2902
2024-05-24,06:00,76,76.7,75.65,75.75,1303
2024-05-24,07:00,75.78,76.12,74.69,75.49,3447
2024-05-24,08:00,75.49,75.49,74.52,74.6,2454
2024-05-24,09:00,74.59,74.98,74,74.37,2326
2024-05-24,10:00,74.37,74.68,74.21,74.41,1271
2024-05-24,11:00,74.37,75.32,74.34,74.71,1553
2024-05-24,12:00,74.68,74.68,73.85,74.26,2424
2024-05-24,13:00,74.28,74.83,74.21,74.77,1180
2024-05-24,14:00,74.74,75.75,74.67,75.45,1748
2024-05-24,15:00,75.44,75.83,75.44,75.78,1660
2024-05-27,06:00,75.7,76.4,75.5,76.34,886
2024-05-27,07:00,76.37,76.52,75.81,76.24,1577
2024-05-27,08:00,76.3,76.93,76.29,76.84,1861
2024-05-27,09:00,76.83,77,76.62,76.88,873
2024-05-27,10:00,76.85,76.97,76.46,76.65,612
2024-05-27,11:00,76.66,76.69,76.03,76.13,888
2024-05-27,12:00,76.12,76.55,75.83,76.31,915
2024-05-27,13:00,76.31,76.61,76,76.31,881
2024-05-27,14:00,76.31,76.31,75.75,75.89,946
2024-05-27,15:00,75.91,76.55,75.81,76.51,1487
2024-05-28,06:00,76,76.25,75.15,75.36,1811
2024-05-28,07:00,75.39,75.8,74.72,74.9,2336
2024-05-28,08:00,74.9,75.48,74.46,74.9,2351
2024-05-28,09:00,74.93,75.24,74.59,75.17,2012
2024-05-28,10:00,75.12,75.19,74.29,74.42,1723
2024-05-28,11:00,74.45,74.66,74.15,74.25,1189
2024-05-28,12:00,74.27,74.69,74.15,74.45,1679
2024-05-28,13:00,74.46,74.75,74.09,74.74,1885
2024-05-28,14:00,74.74,75.1,74.41,74.81,1791
2024-05-28,15:00,74.85,74.96,74.37,74.6,1837
2024-05-29,06:00,74.5,75.05,74.27,74.95,1336
2024-05-29,07:00,74.98,75.6,74.93,75.23,1692
2024-05-29,08:00,75.26,75.48,74.39,74.65,2565
2024-05-29,09:00,74.66,75.15,74.42,74.42,1533
2024-05-29,10:00,74.41,74.41,72.95,73.55,4843
2024-05-29,11:00,73.55,74.05,73.39,73.7,1380
2024-05-29,12:00,73.73,74.6,73.68,74.04,2342
2024-05-29,13:00,74,74.07,73.38,73.41,1764
2024-05-29,14:00,73.4,74,73.4,73.57,1111
2024-05-29,15:00,73.53,74.22,73.44,73.95,1542
2024-05-30,06:00,73.79,74.35,73.66,73.93,760
2024-05-30,07:00,74.03,74.5,73.37,74.46,1838
2024-05-30,08:00,74.45,74.5,73.57,73.7,2354
2024-05-30,09:00,73.7,74.88,73.67,74.8,2648
2024-05-30,10:00,74.8,74.88,74.3,74.53,1120
2024-05-30,11:00,74.51,75.09,74.45,74.8,1273
2024-05-30,12:00,74.81,75.06,74.43,74.5,1371
2024-05-30,13:00,74.5,74.71,74.34,74.51,1024
2024-05-30,14:00,74.52,75.91,74.5,75.43,3234
2024-05-30,15:00,75.4,75.69,74.92,75.2,2146
2024-05-31,06:00,75.48,75.64,74.95,75.15,1109
2024-05-31,07:00,75.17,76.01,74.75,76,2060
2024-05-31,08:00,76.03,76.14,75.41,75.6,1813
2024-05-31,09:00,75.6,76.48,75.55,75.81,2309
2024-05-31,10:00,75.78,76.07,75.45,75.61,989
2024-05-31,11:00,75.68,75.85,75.02,75.22,1599
2024-05-31,12:00,75.23,75.4,75.02,75.39,1475
2024-05-31,13:00,75.43,75.47,74.67,74.91,1667
2024-05-31,14:00,74.98,75.17,74.49,74.62,1843
2024-05-31,15:00,74.61,74.65,73.85,74.07,3120
2024-06-03,06:00,74.4,76.34,74.4,76.2,2526
2024-06-03,07:00,76.16,76.16,75.1,75.23,2204
2024-06-03,08:00,75.19,76.75,75.18,76.63,3910
2024-06-03,09:00,76.63,77.81,76.5,77.66,4688
2024-06-03,10:00,77.61,77.64,77,77.09,1901
2024-06-03,11:00,77.09,77.25,75.78,75.85,2375
2024-06-03,12:00,75.83,76.32,75.36,76,3157
2024-06-03,13:00,75.97,76.43,75.55,75.92,1544
2024-06-03,14:00,75.9,75.9,74.55,74.66,3401
2024-06-03,15:00,74.65,74.74,74.23,74.63,2329
2024-06-04,06:00,74.57,74.63,73.96,74.35,1030
2024-06-04,07:00,74.33,74.67,73.83,74.04,2185
2024-06-04,08:00,74.03,74.71,73.31,73.51,4391
2024-06-04,09:00,73.49,74.29,73.25,74.05,3402
2024-06-04,10:00,74.07,74.24,73.62,73.65,1175
2024-06-04,11:00,73.66,73.93,73.13,73.27,1712
2024-06-04,12:00,73.28,73.55,72.7,72.8,4084
2024-06-04,13:00,72.8,73.12,72.51,72.7,3045
2024-06-04,14:00,72.72,72.89,72.39,72.47,2217
2024-06-04,15:00,72.48,72.72,72.27,72.58,3603
2024-06-05,06:00,72.73,73.32,72.27,72.9,1590
2024-06-05,07:00,72.85,72.85,71.13,71.7,4101
2024-06-05,08:00,71.7,72.04,71.57,71.93,2043
2024-06-05,09:00,71.91,72.46,71.57,72.43,1967
2024-06-05,10:00,72.42,72.48,71.57,71.62,1460
2024-06-05,11:00,71.57,71.8,70.94,71.4,2437
2024-06-05,12:00,71.45,72,71.2,71.95,2795
2024-06-05,13:00,71.98,72.46,71.61,72.42,2229
2024-06-05,14:00,72.41,72.46,71.55,71.83,2197
2024-06-05,15:00,71.8,72.06,71.71,72,2013
2024-06-06,06:00,71.8,72.26,71.29,71.52,1351
2024-06-06,07:00,71.46,72.15,71.25,72,1803
2024-06-06,08:00,71.99,73.07,71.95,72.9,3045
2024-06-06,09:00,72.81,72.82,71.81,71.94,2344
2024-06-06,10:00,71.93,72.08,71.66,71.95,1111
2024-06-06,11:00,71.95,72.13,71.63,71.66,1431
2024-06-06,12:00,71.67,72.25,71.56,71.89,1535
2024-06-06,13:00,71.88,72.31,71.76,72.14,1599
2024-06-06,14:00,72.16,72.41,71.96,72.19,1317
2024-06-06,15:00,72.15,72.27,71.49,71.53,2519
2024-06-07,06:00,71.89,71.89,71.25,71.52,1038
2024-06-07,07:00,71.52,71.62,71.01,71.31,1726
2024-06-07,08:00,71.29,71.88,71.06,71.75,1532
2024-06-07,09:00,71.69,71.78,71.42,71.55,1345
2024-06-07,10:00,71.53,71.65,71.21,71.23,1279
2024-06-07,11:00,71.21,71.47,71.05,71.21,1321
2024-06-07,12:00,71.24,71.69,71.05,71.45,1678
2024-06-07,13:00,71.37,71.71,71.18,71.61,1341
2024-06-07,14:00,71.66,71.68,71.23,71.33,1405
2024-06-07,15:00,71.33,71.6,71.27,71.42,1610
2024-06-10,06:00,71.14,71.15,70.25,70.42,2654
2024-06-10,07:00,70.35,70.39,69.79,70.16,3034
2024-06-10,08:00,70.12,70.12,69.58,69.61,2451
2024-06-10,09:00,69.6,69.65,69.34,69.45,2464
2024-06-10,10:00,69.47,69.63,69.28,69.57,1428
2024-06-10,11:00,69.57,69.59,69.29,69.55,1674
2024-06-10,12:00,69.5,70,69.4,69.85,2615
2024-06-10,13:00,69.84,70.71,69.82,70.71,4110
2024-06-10,14:00,70.7,70.82,70.21,70.59,2126
2024-06-10,15:00,70.58,71.2,70.55,70.91,2413
2024-06-11,06:00,70.8,71.11,69.87,70.83,2310
2024-06-11,07:00,70.82,71.92,70.82,71.29,2597
2024-06-11,08:00,71.34,72.17,71.17,72.04,2761
2024-06-11,09:00,72.05,72.12,71.12,71.16,2646
2024-06-11,10:00,71.15,71.65,70.63,71.4,2514
2024-06-11,11:00,71.4,71.41,70.51,70.65,1542
2024-06-11,12:00,70.64,70.8,70.35,70.76,1653
2024-06-11,13:00,70.79,71.03,70.45,70.63,1289
2024-06-11,14:00,70.64,71.12,70.5,70.99,1861
2024-06-11,15:00,70.97,70.97,70.25,70.41,2250
2024-06-12,06:00,70.25,70.5,69.97,70.2,1377
2024-06-12,07:00,70.2,70.65,70.11,70.25,1537
2024-06-12,08:00,70.26,70.95,70.25,70.74,2026
2024-06-12,09:00,70.73,71.12,70.48,70.9,2089
2024-06-12,10:00,70.93,71.1,70.6,70.66,1314
2024-06-12,11:00,70.64,71.54,70.64,71.34,2160
2024-06-12,12:00,71.35,71.63,71.26,71.43,2378
2024-06-12,13:00,71.4,71.85,71.11,71.19,2636
2024-06-12,14:00,71.15,71.37,70.78,70.84,1627
2024-06-12,15:00,70.84,71.07,70.15,70.3,2495
2024-06-13,06:00,70.3,71.26,70.3,70.79,1450
2024-06-13,07:00,70.8,71.23,70.41,71.06,1266
2024-06-13,08:00,71.14,71.32,70.88,71.13,2247
2024-06-13,09:00,71.14,71.46,71.1,71.27,2153
2024-06-13,10:00,71.29,71.46,71.1,71.23,1029
2024-06-13,11:00,71.29,72,71.27,71.77,2335
2024-06-13,12:00,71.78,71.94,71.4,71.67,1907
2024-06-13,13:00,71.69,71.72,71.18,71.24,1807
2024-06-13,14:00,71.25,71.45,70.79,70.82,1828
2024-06-13,15:00,70.79,71.05,70.61,70.87,2326
2024-06-14,06:00,70.75,71.09,70.32,70.44,992
2024-06-14,07:00,70.42,70.42,69.9,70.09,2572
2024-06-14,08:00,70.06,70.07,69.59,69.87,2232
2024-06-14,09:00,69.86,70.24,69.84,70.18,1851
2024-06-14,10:00,70.21,70.26,69.39,69.49,2925
2024-06-14,11:00,69.47,69.61,69.26,69.35,1753
2024-06-14,12:00,69.33,69.65,68.75,68.79,4756
2024-06-14,13:00,68.78,68.94,68.4,68.57,3247
2024-06-14,14:00,68.56,69.44,68.28,68.61,4855
2024-06-14,15:00,68.58,68.8,68.17,68.53,3223
2024-06-17,06:00,68.5,69.3,68.5,69.09,1431
2024-06-17,07:00,69.06,69.15,68.1,68.17,2792
2024-06-17,08:00,68.16,68.37,67.51,68.15,3711
2024-06-17,09:00,68.17,68.2,67.76,67.85,2057
2024-06-17,10:00,67.87,68.16,67.69,68.15,1478
2024-06-17,11:00,68.13,68.56,68.03,68.35,1945
2024-06-17,12:00,68.37,68.75,68.34,68.5,1964
2024-06-17,13:00,68.53,68.75,68.17,68.2,1800
2024-06-17,14:00,68.21,68.31,67.95,68.06,2393
2024-06-17,15:00,68.06,68.42,67.92,68.16,2697
2024-06-18,06:00,68.26,68.68,67.77,67.8,1549
2024-06-18,07:00,67.8,68.3,67.71,68.26,1762
2024-06-18,08:00,68.27,68.72,68.07,68.55,2221
2024-06-18,09:00,68.55,69.06,68.36,68.77,2818
2024-06-18,10:00,68.78,69.25,68.55,68.65,1802
2024-06-18,11:00,68.64,68.72,68.4,68.47,1382
2024-06-18,12:00,68.49,68.88,68.02,68.21,3526
2024-06-18,13:00,68.21,68.55,68,68.48,3406
2024-06-18,14:00,68.52,69,68.46,68.66,2751
2024-06-18,15:00,68.66,68.71,68.21,68.38,2256
2024-06-19,06:00,68.87,68.91,68.5,68.89,1241
2024-06-19,07:00,68.89,69.35,68.7,69.15,2011
2024-06-19,08:00,69.16,69.78,69,69.51,2439
2024-06-19,09:00,69.53,69.55,69.1,69.22,2065
2024-06-19,10:00,69.18,69.29,68.75,68.75,1351
2024-06-19,11:00,68.74,69.41,68.74,69.17,1372
2024-06-19,12:00,69.16,69.63,69.13,69.35,1811
2024-06-19,13:00,69.35,70.49,69.3,70.18,4098
2024-06-19,14:00,70.19,70.63,70.12,70.4,2083
2024-06-19,15:00,70.4,70.81,70.21,70.74,1600
2024-06-20,06:00,70.6,70.97,70.28,70.85,1076
2024-06-20,07:00,70.84,71.26,70.8,71.06,1872
2024-06-20,08:00,71.06,71.6,70.2,70.28,4128
2024-06-20,09:00,70.27,70.48,69.96,70.25,2253
2024-06-20,10:00,70.27,70.42,70.07,70.39,666
2024-06-20,11:00,70.39,70.65,70.2,70.54,880
2024-06-20,12:00,70.53,70.64,70.23,70.24,1186
2024-06-20,13:00,70.24,70.26,69.05,69.47,3134
2024-06-20,14:00,69.44,69.54,69.17,69.42,2211
2024-06-20,15:00,69.41,69.54,69.12,69.19,2242
2024-06-21,06:00,69.53,69.53,68.7,69.35,1368
2024-06-21,07:00,69.37,69.38,68.8,69.04,1532
2024-06-21,08:00,69.07,69.46,68.89,68.98,1867
2024-06-21,09:00,69,69.07,68.5,68.58,2165
2024-06-21,10:00,68.57,68.75,68.5,68.63,1163
2024-06-21,11:00,68.65,68.65,68.21,68.41,1577
2024-06-21,12:00,68.4,68.5,67.99,68.15,2347
2024-06-21,13:00,68.15,68.15,67.95,68,2439
2024-06-21,14:00,67.99,68.52,67.94,68.18,1905
2024-06-21,15:00,68.18,68.24,67.98,68.05,1474
2024-06-24,06:00,68.02,68.1,67.21,67.24,2748
2024-06-24,07:00,67.22,67.4,67.01,67.36,2591
2024-06-24,08:00,67.4,67.74,67.15,67.52,2514
2024-06-24,09:00,67.54,67.6,67.01,67.2,2978
2024-06-24,10:00,67.23,67.32,67.11,67.19,889
2024-06-24,11:00,67.18,68.17,67.18,68.13,2649
2024-06-24,12:00,68.13,68.28,67.64,67.89,2453
2024-06-24,13:00,67.91,67.91,67.15,67.33,2479
2024-06-24,14:00,67.31,67.5,67.11,67.33,1782
2024-06-24,15:00,67.32,67.62,67.14,67.56,2056
2024-06-25,06:00,67.45,67.75,66.85,67.22,1722
2024-06-25,07:00,67.23,67.79,67.04,67.57,2558
2024-06-25,08:00,67.62,67.66,67.34,67.57,1888
2024-06-25,09:00,67.55,67.55,66.86,67.02,2916
2024-06-25,10:00,67.03,67.35,66.93,67.25,1010
2024-06-25,11:00,67.26,67.49,66.92,67.39,1198
2024-06-25,12:00,67.4,67.99,67.32,67.9,1879
2024-06-25,13:00,67.9,68.07,67.61,67.79,1495
2024-06-25,14:00,67.79,68.07,67.6,67.95,1669
2024-06-25,15:00,67.97,68.07,67.75,67.8,1884
2024-06-26,06:00,68.19,68.75,67.96,68.58,1468
2024-06-26,07:00,68.55,68.91,68.36,68.84,1336
2024-06-26,08:00,68.84,69.09,68.75,68.82,1670
2024-06-26,09:00,68.78,68.82,67.71,67.86,2781
2024-06-26,10:00,67.84,68.02,67.73,67.82,1633
2024-06-26,11:00,67.82,67.89,67.33,67.35,1909
2024-06-26,12:00,67.37,67.44,67.17,67.37,2574
2024-06-26,13:00,67.37,67.5,67.37,67.4,1941
2024-06-26,14:00,67.4,67.48,66.81,66.83,4040
2024-06-26,15:00,66.82,67.26,66.79,67.23,2184
2024-06-27,06:00,67.04,67.47,66.72,67.04,1280
2024-06-27,07:00,66.98,67.53,66.67,67.38,1870
2024-06-27,08:00,67.28,67.7,67.07,67.56,1619
2024-06-27,09:00,67.57,67.78,67.11,67.21,2373
2024-06-27,10:00,67.2,67.32,66.93,66.97,1415
2024-06-27,11:00,66.96,67.23,66.67,66.84,1485
2024-06-27,12:00,66.84,66.84,66.46,66.81,1789
2024-06-27,13:00,66.78,67.09,66.46,66.61,2336
2024-06-27,14:00,66.61,66.66,66.42,66.58,2204
2024-06-27,15:00,66.58,66.76,66.42,66.49,2440
2024-06-28,06:00,66.5,66.92,66.49,66.5,591
2024-06-28,07:00,66.49,66.53,65.78,66.3,2808
2024-06-28,08:00,66.26,66.65,66.17,66.5,1527
2024-06-28,09:00,66.56,66.64,65.88,66.13,2085
2024-06-28,10:00,66.14,66.65,66.14,66.56,1399
2024-06-28,11:00,66.57,67.66,66.53,67.66,2241
2024-06-28,12:00,67.66,68.4,67.64,67.91,4412
2024-06-28,13:00,67.9,68.16,67.41,67.5,1725
2024-06-28,14:00,67.5,67.95,67.19,67.64,1748
2024-06-28,15:00,67.63,67.65,67.25,67.36,1731
2024-07-01,06:00,67.41,68.7,67.13,68.52,1763
2024-07-01,07:00,68.5,69.68,68.43,69.36,3332
2024-07-01,08:00,69.34,69.52,69.12,69.3,1779
2024-07-01,09:00,69.3,69.35,68.51,68.63,2603
2024-07-01,10:00,68.61,68.94,68.48,68.59,1190
2024-07-01,11:00,68.56,68.83,68.32,68.38,1224
2024-07-01,12:00,68.42,68.45,68.02,68.33,2084
2024-07-01,13:00,68.34,68.49,68.03,68.05,1369
2024-07-01,14:00,68.05,68.05,67.71,67.87,1525
2024-07-01,15:00,67.86,68.33,67.8,68.33,1821
2024-07-02,06:00,68.3,68.74,68.05,68.43,1147
2024-07-02,07:00,68.41,68.41,67.77,68.29,1659
2024-07-02,08:00,68.3,68.7,68.15,68.3,1856
2024-07-02,09:00,68.32,68.41,67.52,67.64,2480
2024-07-02,10:00,67.61,68.18,67.57,68.01,858
2024-07-02,11:00,68.05,69.37,68,69.27,2907
2024-07-02,12:00,69.29,69.4,69.04,69.35,1571
2024-07-02,13:00,69.33,70.22,69.09,69.9,4481
2024-07-02,14:00,69.9,70.86,69.9,70.56,4597
2024-07-02,15:00,70.57,71.03,70.55,70.93,3178
2024-07-03,06:00,70.7,71.45,70.52,70.8,1690
2024-07-03,07:00,70.83,71.37,70.29,70.88,1820
2024-07-03,08:00,70.88,71.03,70.25,70.35,1994
2024-07-03,09:00,70.35,70.87,69.99,70.61,2215
2024-07-03,10:00,70.65,71.85,70.63,71.65,2503
2024-07-03,11:00,71.67,71.9,71.35,71.4,1687
2024-07-03,12:00,71.4,71.95,71.38,71.65,2716
2024-07-03,13:00,71.65,71.72,70.56,70.83,3718
2024-07-03,14:00,70.82,70.92,70.52,70.74,1434
2024-07-03,15:00,70.78,70.91,70.5,70.91,1935
2024-07-04,06:00,70.75,71.16,69.81,70.28,1878
2024-07-04,07:00,70.3,70.84,70.16,70.72,2168
2024-07-04,08:00,70.74,70.95,70.1,70.39,2089
2024-07-04,09:00,70.4,70.89,70.11,70.45,1962
2024-07-04,10:00,70.42,70.96,70.4,70.6,1145
2024-07-04,11:00,70.58,70.63,69.91,70.11,3177
2024-07-04,12:00,70.1,70.55,69.91,70.4,2012
2024-07-04,13:00,70.4,70.74,70.26,70.37,1332
2024-07-04,14:00,70.37,70.39,70.08,70.13,890
2024-07-04,15:00,70.12,70.37,69.99,70.18,1625
2024-07-05,06:00,70.07,70.85,69.94,70.68,764
2024-07-05,07:00,70.66,71.24,70.4,70.5,1415
2024-07-05,08:00,70.54,70.75,70.13,70.16,1260
2024-07-05,09:00,70.16,70.82,70.08,70.78,1433
2024-07-05,10:00,70.8,70.9,70.58,70.63,802
2024-07-05,11:00,70.6,70.77,70.41,70.56,940
2024-07-05,12:00,70.55,70.69,70.35,70.4,1148
2024-07-05,13:00,70.39,70.42,70.08,70.28,1605
2024-07-05,14:00,70.25,70.54,70.08,70.32,1092
2024-07-05,15:00,70.35,70.45,70.2,70.35,1350
2024-07-08,06:00,70.59,71.28,70.59,70.75,1406
2024-07-08,07:00,70.77,71.32,70.7,71.07,1911
2024-07-08,08:00,71.07,71.85,71.07,71.44,2837
2024-07-08,09:00,71.46,71.55,70.61,70.71,2301
2024-07-08,10:00,70.7,70.7,69.88,70,3672
2024-07-08,11:00,70.02,70.1,69.88,69.88,1551
2024-07-08,12:00,69.89,69.93,69.26,69.41,3352
2024-07-08,13:00,69.46,69.76,69.11,69.27,1643
2024-07-08,14:00,69.26,69.26,68.8,68.91,2282
2024-07-08,15:00,68.9,69.13,68.83,69.04,1563
2024-07-09,06:00,68.98,69.2,68.4,68.78,1093
2024-07-09,07:00,68.75,68.9,68.5,68.58,1264
2024-07-09,08:00,68.57,68.93,68.37,68.63,2011
2024-07-09,09:00,68.67,68.76,68.28,68.45,2700
2024-07-09,10:00,68.45,68.89,68.45,68.54,777
2024-07-09,11:00,68.57,69.02,68.57,68.91,738
2024-07-09,12:00,68.94,69.04,68.19,68.22,1868
2024-07-09,13:00,68.21,68.45,68.11,68.3,1902
2024-07-09,14:00,68.31,68.71,68.18,68.52,1291
2024-07-09,15:00,68.5,68.76,68.36,68.52,1409
2024-07-10,06:00,68.66,68.66,68.3,68.56,537
2024-07-10,07:00,68.6,69.25,68.56,69.1,2240
2024-07-10,08:00,69.11,69.43,68.85,68.9,1596
2024-07-10,09:00,68.9,68.96,68.35,68.83,2178
2024-07-10,10:00,68.8,69.12,68.44,68.44,924
2024-07-10,11:00,68.42,68.63,68.25,68.29,853
2024-07-10,12:00,68.31,68.37,67.95,68.06,1670
2024-07-10,13:00,68.04,68.3,67.92,68.01,1420
2024-07-10,14:00,68.01,68.27,67.86,68.05,1761
2024-07-10,15:00,68.05,68.2,67.9,67.96,1325
2024-07-11,06:00,68.15,68.3,67.85,68.03,938
2024-07-11,07:00,68.02,68.09,67.6,67.73,1675
2024-07-11,08:00,67.71,68.46,67.65,68.07,2309
2024-07-11,09:00,68.07,68.6,68,68.28,2035
2024-07-11,10:00,68.24,68.47,68.1,68.33,687
2024-07-11,11:00,68.35,68.83,68.32,68.32,1623
2024-07-11,12:00,68.34,68.42,67.99,68.03,1508
2024-07-11,13:00,68.03,68.12,67.93,67.97,1136
2024-07-11,14:00,67.99,68.5,67.95,68.37,1383
2024-07-11,15:00,68.39,68.56,68.19,68.52,1300
2024-07-12,06:00,68.52,69.06,68.4,68.6,991
2024-07-12,07:00,68.59,68.67,68.17,68.21,1275
2024-07-12,08:00,68.25,68.74,68.14,68.45,1661
2024-07-12,09:00,68.46,68.84,68.3,68.78,1475
2024-07-12,10:00,68.79,68.88,68.54,68.66,870
2024-07-12,11:00,68.66,68.66,68.17,68.22,1278
2024-07-12,12:00,68.22,68.43,68.05,68.09,1432
2024-07-12,13:00,68.11,68.33,67.69,68.29,2104
2024-07-12,14:00,68.33,69.08,68.27,68.82,3009
2024-07-12,15:00,68.84,69.53,68.84,69.35,2967
2024-07-15,06:00,69.58,69.58,68.74,68.8,972
2024-07-15,07:00,68.8,68.8,68.3,68.55,1843
2024-07-15,08:00,68.55,68.55,67.71,67.74,2939
2024-07-15,09:00,67.73,67.9,67.58,67.81,2513
2024-07-15,10:00,67.8,68.13,67.62,68.12,1414
2024-07-15,11:00,68.09,68.36,67.63,68.3,1527
2024-07-15,12:00,68.3,68.34,67.66,67.9,1921
2024-07-15,13:00,67.86,67.86,67.09,67.31,3586
2024-07-15,14:00,67.3,67.59,67.21,67.46,1626
2024-07-15,15:00,67.46,67.75,67.34,67.58,2241
2024-07-16,06:00,67.85,67.98,67.67,67.78,1084
2024-07-16,07:00,67.81,68.24,67.52,67.7,2015
2024-07-16,08:00,67.7,67.81,67.27,67.28,2233
2024-07-16,09:00,67.28,67.68,67.16,67.63,1788
2024-07-16,10:00,67.63,67.92,67.51,67.7,1882
2024-07-16,11:00,67.71,68,67.56,67.64,1298
2024-07-16,12:00,67.64,67.66,67.35,67.4,1668
2024-07-16,13:00,67.42,67.95,67.3,67.85,1416
2024-07-16,14:00,67.85,68.2,67.55,68.07,1863
2024-07-16,15:00,68.04,68.3,67.89,67.94,1898
2024-07-17,06:00,68.01,68.13,67.76,67.98,686
2024-07-17,07:00,68,68.01,67.53,67.7,1422
2024-07-17,08:00,67.7,68.11,67.61,67.66,1846
2024-07-17,09:00,67.67,67.91,67.54,67.6,1171
2024-07-17,10:00,67.6,67.72,67.34,67.7,1222
2024-07-17,11:00,67.72,68.12,67.34,67.4,1680
2024-07-17,12:00,67.4,67.42,67.06,67.16,2599
2024-07-17,13:00,67.16,67.18,66.75,66.85,2660
2024-07-17,14:00,66.87,66.9,66.66,66.71,1620
2024-07-17,15:00,66.71,66.76,66.41,66.42,2887
2024-07-18,06:00,66.43,66.54,66.19,66.24,1080
2024-07-18,07:00,66.22,66.66,66.05,66.4,1694
2024-07-18,08:00,66.41,66.63,66.06,66.21,2050
2024-07-18,09:00,66.2,66.37,66.05,66.15,1679
2024-07-18,10:00,66.18,66.22,66.07,66.11,741
2024-07-18,11:00,66.11,66.3,66.01,66.07,1265
2024-07-18,12:00,66.08,66.43,66.07,66.4,1441
2024-07-18,13:00,66.38,66.98,66.32,66.84,2977
2024-07-18,14:00,66.83,66.84,66.42,66.68,1342
2024-07-18,15:00,66.71,66.71,66.01,66.11,1930
2024-07-19,06:00,66.35,66.66,66,66.37,492
2024-07-19,07:00,66.34,66.4,65.83,65.89,1344
2024-07-19,08:00,65.89,66.15,65.72,65.87,1796
2024-07-19,09:00,65.94,66.25,65.87,66.14,881
2024-07-19,10:00,66.16,66.47,65.74,66.34,1785
2024-07-19,11:00,66.34,66.63,66.23,66.31,760
2024-07-19,12:00,66.3,66.72,66.1,66.67,1406
2024-07-19,13:00,66.67,67.49,66.67,67.07,2764
2024-07-19,14:00,67.07,67.09,66.36,66.4,1430
2024-07-19,15:00,66.39,66.49,65.93,66,2019
2024-07-22,06:00,66.28,66.79,65.96,66.17,1699
2024-07-22,07:00,66.13,66.17,65.55,65.64,2860
2024-07-22,08:00,65.62,65.69,65.37,65.38,2622
2024-07-22,09:00,65.38,65.65,65.28,65.29,1830
2024-07-22,10:00,65.3,65.34,65.02,65.02,2261
2024-07-22,11:00,65.04,65.1,64.81,64.95,2809
2024-07-22,12:00,64.96,65.36,64.9,65.16,2170
2024-07-22,13:00,65.15,65.29,64.68,64.71,2647
2024-07-22,14:00,64.69,64.88,64.24,64.49,3243
2024-07-22,15:00,64.49,64.95,64.49,64.79,1711
2024-07-23,06:00,64.73,64.87,64.36,64.48,890
2024-07-23,07:00,64.47,65.21,64.26,65.16,2299
2024-07-23,08:00,65.16,65.19,64.72,64.81,1905
2024-07-23,09:00,64.8,65.32,64.65,65.02,1947
2024-07-23,10:00,65.05,65.32,65.01,65.24,889
2024-07-23,11:00,65.25,65.69,65.19,65.64,1885
2024-07-23,12:00,65.6,65.95,65.41,65.69,2111
2024-07-23,13:00,65.69,66.18,65.61,65.91,1883
2024-07-23,14:00,65.96,66.24,65.85,65.89,2007
2024-07-23,15:00,65.89,65.94,65.55,65.79,2025
2024-07-24,06:00,65.79,66.13,65.58,65.95,794
2024-07-24,07:00,65.92,67.09,65.55,66.7,3836
2024-07-24,08:00,66.74,67.19,66.46,67.03,2008
2024-07-24,09:00,67.04,67.33,66.92,67.13,1942
2024-07-24,10:00,67.17,67.44,67.08,67.4,1022
2024-07-24,11:00,67.4,67.55,67.24,67.32,1546
2024-07-24,12:00,67.3,67.53,67.02,67.43,1922
2024-07-24,13:00,67.44,68,67.35,67.98,3285
2024-07-24,14:00,67.98,68.82,67.95,68.37,4148
2024-07-24,15:00,68.37,69.04,68.17,68.9,3611
2024-07-25,06:00,68.91,68.94,68.05,68.08,1924
2024-07-25,07:00,68.07,68.19,67.78,67.89,2139
2024-07-25,08:00,67.87,68.23,67.69,67.7,2173
2024-07-25,09:00,67.7,68.35,67.7,68.05,2130
2024-07-25,10:00,68.03,68.07,67.8,67.99,981
2024-07-25,11:00,67.95,68.2,67.56,67.59,1059
2024-07-25,12:00,67.6,67.79,67.48,67.61,1763
2024-07-25,13:00,67.55,68.25,67.5,67.98,1650
2024-07-25,14:00,68,68,67,67.01,3353
2024-07-25,15:00,67.01,67.15,66.6,67.08,2817
2024-07-26,06:00,67.01,67.56,66.79,67.4,818
2024-07-26,07:00,67.32,67.73,67.26,67.62,1380
2024-07-26,08:00,67.63,67.81,67.26,67.55,1391
2024-07-26,09:00,67.55,67.55,67.16,67.38,1214
2024-07-26,10:00,67.38,67.62,67.15,67.27,988
2024-07-26,11:00,67.28,67.72,67.18,67.25,841
2024-07-26,12:00,67.28,67.75,67.21,67.61,1237
2024-07-26,13:00,67.64,68.26,67.6,68.01,1699
2024-07-26,14:00,68.02,68.15,67.75,67.85,1076
2024-07-26,15:00,67.86,67.96,67.63,67.71,1452
2024-07-29,06:00,67.7,67.7,67.2,67.41,943
2024-07-29,07:00,67.38,68.9,67.29,68.56,2786
2024-07-29,08:00,68.52,68.85,68.15,68.2,2032
2024-07-29,09:00,68.2,68.5,68.16,68.31,1254
2024-07-29,10:00,68.3,68.7,68.27,68.44,657
2024-07-29,11:00,68.41,68.52,67.73,67.91,1388
2024-07-29,12:00,67.89,68.25,67.7,68.09,1081
2024-07-29,13:00,68.1,68.42,68.06,68.28,1289
2024-07-29,14:00,68.28,68.7,68.25,68.65,1343
2024-07-29,15:00,68.66,68.86,68.53,68.78,2087
2024-07-30,06:00,68.89,69.3,68.12,68.21,1390
2024-07-30,07:00,68.16,68.33,67.85,67.95,1853
2024-07-30,08:00,67.97,68.14,67.63,67.82,2197
2024-07-30,09:00,67.83,67.94,67.47,67.52,2773
2024-07-30,10:00,67.51,67.79,67.47,67.68,928
2024-07-30,11:00,67.68,68,67.61,67.64,943
2024-07-30,12:00,67.62,67.71,67.51,67.55,1376
2024-07-30,13:00,67.55,67.71,67.51,67.59,1379
2024-07-30,14:00,67.62,68.63,67.59,68.31,2737
2024-07-30,15:00,68.32,68.67,68.32,68.58,2014
2024-07-31,06:00,68.72,69.3,68.55,69.3,1275
2024-07-31,07:00,69.27,69.3,68.77,68.77,1932
2024-07-31,08:00,68.79,69.5,68.72,69.22,2099
2024-07-31,09:00,69.27,69.37,68.88,69.26,1610
2024-07-31,10:00,69.28,69.28,68.93,69.18,1006
2024-07-31,11:00,69.17,69.17,68.04,68.27,2142
2024-07-31,12:00,68.25,69.13,68.03,69.09,2810
2024-07-31,13:00,69.12,69.18,68.75,69,1455
2024-07-31,14:00,68.99,69.46,68.92,69.31,2474
2024-07-31,15:00,69.33,69.4,69.06,69.24,1679
2024-08-01,06:00,69.55,69.76,69.28,69.54,1023
2024-08-01,07:00,69.53,69.69,69.02,69.02,2159
2024-08-01,08:00,69.01,69.26,68.83,69.16,2391
2024-08-01,09:00,69.15,69.8,69.15,69.75,1971
2024-08-01,10:00,69.74,70.61,69.69,70.24,4962
2024-08-01,11:00,70.22,71,70.15,70.8,3336
2024-08-01,12:00,70.8,71.35,70.8,71.24,3656
2024-08-01,13:00,71.22,71.49,70.95,71.37,2387
2024-08-01,14:00,71.37,71.5,71.05,71.36,2650
2024-08-01,15:00,71.35,71.37,71.01,71.17,3034
2024-08-02,06:00,71.18,71.3,70.75,70.9,1260
2024-08-02,07:00,70.91,71.18,70.59,70.85,1972
2024-08-02,08:00,70.95,71.31,70.9,71,2027
2024-08-02,09:00,71,71.17,70.67,71,1410
2024-08-02,10:00,71.02,71.14,70.71,71.13,1366
2024-08-02,11:00,71.14,71.22,70.55,70.8,1723
2024-08-02,12:00,70.77,70.87,69.64,69.64,3134
2024-08-02,13:00,69.63,70.49,69.43,70.33,3277
2024-08-02,14:00,70.35,70.62,70.14,70.6,1717
2024-08-02,15:00,70.6,70.69,70.3,70.44,1661
2024-08-05,06:00,69.89,69.89,68.41,68.53,2763
2024-08-05,07:00,68.54,68.95,68.4,68.79,2230
2024-08-05,08:00,68.81,68.81,67.85,67.88,3138
2024-08-05,09:00,67.88,68.78,67.86,68.75,1712
2024-08-05,10:00,68.73,68.8,68.45,68.58,920
2024-08-05,11:00,68.57,68.6,68.04,68.26,1725
2024-08-05,12:00,68.25,68.62,68.2,68.38,1631
2024-08-05,13:00,68.4,68.81,68.39,68.78,1270
2024-08-05,14:00,68.81,68.9,68.04,68.69,1690
2024-08-05,15:00,68.62,69.08,68.62,68.86,2180
2024-08-06,06:00,69.02,70.13,69.02,69.96,2213
2024-08-06,07:00,69.99,70.39,69.69,69.97,1962
2024-08-06,08:00,69.98,70.14,69.57,69.68,1903
2024-08-06,09:00,69.68,70.2,69.63,70.08,2081
2024-08-06,10:00,70.06,70.2,69.93,70.17,1022
2024-08-06,11:00,70.11,70.2,69.89,70.18,1036
2024-08-06,12:00,70.18,70.31,69.74,69.83,1596
2024-08-06,13:00,69.8,70.24,69.69,70.24,1919
2024-08-06,14:00,70.22,70.37,69.76,70.09,1570
2024-08-06,15:00,70.1,70.11,69.76,69.92,1651
2024-08-07,06:00,69.96,70.35,69.4,69.5,1119
2024-08-07,07:00,69.52,69.66,69.1,69.5,1617
2024-08-07,08:00,69.51,69.94,69.39,69.78,1550
2024-08-07,09:00,69.79,70.15,69.76,70.09,1539
2024-08-07,10:00,70.09,70.21,69.75,69.94,817
2024-08-07,11:00,69.95,71.23,69.94,71.1,4009
2024-08-07,12:00,71.1,71.43,70.87,70.87,3060
2024-08-07,13:00,70.9,70.96,70.15,70.38,3497
2024-08-07,14:00,70.39,70.86,70.37,70.79,1408
2024-08-07,15:00,70.78,71.1,70.52,70.81,2031
2024-08-08,06:00,71.19,71.5,70.26,71.16,1671
2024-08-08,07:00,71.19,71.33,70.09,70.2,2014
2024-08-08,08:00,70.21,70.32,69.83,69.9,1961
2024-08-08,09:00,69.88,70.45,69.72,70.4,2036
2024-08-08,10:00,70.4,70.79,70.35,70.65,1052
2024-08-08,11:00,70.66,70.85,70.15,70.16,1338
2024-08-08,12:00,70.18,70.4,70.01,70.36,1263
2024-08-08,13:00,70.36,71.73,70.31,70.73,4927
2024-08-08,14:00,70.73,71.01,70.32,70.83,2662
2024-08-08,15:00,70.84,71.15,70.8,70.83,2050
2024-08-09,06:00,71,71.1,70.49,70.91,764
2024-08-09,07:00,70.96,71.86,70.96,71.33,2799
2024-08-09,08:00,71.36,71.5,70.76,70.85,1731
2024-08-09,09:00,70.81,71.38,70.75,71.36,1608
2024-08-09,10:00,71.35,71.42,70.87,71.08,1203
2024-08-09,11:00,71.05,71.2,70.36,70.54,2063
2024-08-09,12:00,70.54,70.54,69.61,70.23,2999
2024-08-09,13:00,70.22,70.34,69.89,70.24,1544
2024-08-09,14:00,70.22,70.48,70.09,70.12,1347
2024-08-09,15:00,70.12,70.24,69.82,69.84,1776
2024-08-12,06:00,70.08,70.32,69.46,70,1611
2024-08-12,07:00,70,71.57,70,71.37,2551
2024-08-12,08:00,71.37,72.89,71.37,72.49,6802
2024-08-12,09:00,72.47,72.77,72.17,72.69,3238
2024-08-12,10:00,72.68,73.46,72.68,73.31,3200
2024-08-12,11:00,73.37,73.71,72.88,73.38,3145
2024-08-12,12:00,73.4,73.97,73.4,73.75,3531
2024-08-12,13:00,73.75,74.13,72.77,73.14,4761
2024-08-12,14:00,73.14,73.37,72.8,72.91,2610
2024-08-12,15:00,72.94,72.99,72.31,72.86,3104
2024-08-13,06:00,72.14,72.87,72.03,72.25,1528
2024-08-13,07:00,72.24,73.06,72.18,72.25,2277
2024-08-13,08:00,72.28,72.53,72.03,72.07,1797
2024-08-13,09:00,72.07,72.67,71.75,72.28,3144
2024-08-13,10:00,72.3,72.72,72.28,72.6,1242
2024-08-13,11:00,72.59,72.73,71.85,71.97,2306
2024-08-13,12:00,71.96,72.38,71.71,72.14,2766
2024-08-13,13:00,72.13,72.35,71.51,71.7,2578
2024-08-13,14:00,71.7,71.76,71.26,71.48,1768
2024-08-13,15:00,71.48,71.48,71.14,71.38,2115
2024-08-14,06:00,71.35,71.82,71.26,71.74,639
2024-08-14,07:00,71.77,72.44,71.73,72.13,2071
2024-08-14,08:00,72.15,72.39,71.75,71.79,1674
2024-08-14,09:00,71.8,72.09,71.51,71.85,1189
2024-08-14,10:00,71.87,72.35,71.85,72.16,731
2024-08-14,11:00,72.18,72.23,71.54,71.9,1332
2024-08-14,12:00,71.87,72.24,71.68,71.91,1190
2024-08-14,13:00,71.89,72.24,71.89,72.19,761
2024-08-14,14:00,72.19,72.19,71.68,72.02,1447
2024-08-14,15:00,72,72.05,71.75,71.79,1215
2024-08-15,06:00,71.98,71.98,71.05,71.25,1110
2024-08-15,07:00,71.26,71.8,71.03,71.06,2019
2024-08-15,08:00,71.07,71.14,70.71,70.93,4027
2024-08-15,09:00,70.93,71.58,70.93,71.26,1823
2024-08-15,10:00,71.29,71.58,71.19,71.29,724
2024-08-15,11:00,71.29,71.34,70.84,71.09,1234
2024-08-15,12:00,71.12,71.16,70.48,71.12,2068
2024-08-15,13:00,71.12,72.23,71.09,72.05,3105
2024-08-15,14:00,72.08,72.21,71.7,71.85,1069
2024-08-15,15:00,71.86,72.23,71.85,72.15,1096
2024-08-16,06:00,72.19,72.6,71.93,72.59,965
2024-08-16,07:00,72.56,72.98,72.23,72.33,1745
2024-08-16,08:00,72.31,72.4,71.82,71.98,1721
2024-08-16,09:00,72,72.57,71.94,72.41,1092
2024-08-16,10:00,72.37,72.56,72.14,72.17,764
2024-08-16,11:00,72.2,72.38,71.65,71.96,1058
2024-08-16,12:00,71.97,72.13,71.5,71.89,1369
2024-08-16,13:00,71.9,72.52,71.82,71.99,1210
2024-08-16,14:00,72.01,72.53,71.89,72.45,836
2024-08-16,15:00,72.45,72.62,72.3,72.37,1382
2024-08-19,06:00,72.5,72.61,72.01,72.3,621
2024-08-19,07:00,72.3,72.56,72.03,72.19,1415
2024-08-19,08:00,72.19,72.77,72.04,72.42,2407
2024-08-19,09:00,72.45,73.5,72.4,73.33,2518
2024-08-19,10:00,73.32,73.7,73.25,73.56,1359
2024-08-19,11:00,73.56,73.57,73.15,73.54,1276
2024-08-19,12:00,73.57,73.8,73.04,73.07,1761
2024-08-19,13:00,73.07,73.56,72.96,73.35,1939
2024-08-19,14:00,73.35,73.35,72.97,73.22,1192
2024-08-19,15:00,73.21,73.31,72.97,73.19,1445
2024-08-20,06:00,72.94,73.47,72.76,73.27,1000
2024-08-20,07:00,73.27,73.65,73.17,73.32,1400
2024-08-20,08:00,73.37,73.48,73.19,73.34,1452
2024-08-20,09:00,73.32,73.99,73.29,73.94,2152
2024-08-20,10:00,73.95,74.75,73.95,74.17,2223
2024-08-20,11:00,74.2,74.24,73.86,73.99,1758
2024-08-20,12:00,73.99,74.02,73.58,73.87,2402
2024-08-20,13:00,73.88,74.01,73.65,73.65,1328
2024-08-20,14:00,73.66,73.68,73.18,73.23,2496
2024-08-20,15:00,73.23,73.32,72.65,73.31,2417
2024-08-21,06:00,73.29,73.39,72.82,73.27,724
2024-08-21,07:00,73.26,73.68,73.21,73.54,1193
2024-08-21,08:00,73.53,73.83,73.22,73.77,1563
2024-08-21,09:00,73.78,73.82,73.11,73.22,1527
2024-08-21,10:00,73.21,73.22,72.75,72.93,1903
2024-08-21,11:00,72.91,72.92,72.37,72.69,1447
2024-08-21,12:00,72.71,73.04,72.36,72.91,1488
2024-08-21,13:00,72.9,73.3,72.54,72.63,1737
2024-08-21,14:00,72.62,72.66,71.75,71.89,2656
2024-08-21,15:00,71.89,72.61,71.68,72.61,2381
2024-08-22,06:00,72.42,72.64,72.29,72.39,632
2024-08-22,07:00,72.39,72.64,72,72.43,1265
2024-08-22,08:00,72.41,72.55,71.9,71.99,1355
2024-08-22,09:00,71.99,72.4,71.89,72.08,1714
2024-08-22,10:00,72.1,72.25,71.95,72.05,773
2024-08-22,11:00,72.08,72.08,71.86,72,1691
2024-08-22,12:00,72.02,72.02,71.35,71.55,3425
2024-08-22,13:00,71.55,71.67,71.17,71.26,1785
2024-08-22,14:00,71.27,71.87,71.17,71.53,1624
2024-08-22,15:00,71.51,71.89,71.45,71.81,1680
2024-08-23,06:00,71.51,72.34,71.5,72.32,876
2024-08-23,07:00,72.32,72.37,71.55,71.6,997
2024-08-23,08:00,71.62,71.75,71.43,71.67,1216
2024-08-23,09:00,71.67,71.74,71.01,71.06,2685
2024-08-23,10:00,71.05,71.05,70.75,71.01,1262
2024-08-23,11:00,70.99,71.22,70.62,71.21,1738
2024-08-23,12:00,71.21,71.51,70.98,71.1,1432
2024-08-23,13:00,71.07,71.29,71,71.08,1076
2024-08-23,14:00,71.07,71.22,71.02,71.15,1561
2024-08-23,15:00,71.17,71.48,71.07,71.43,1390
2024-08-26,06:00,71.1,71.75,71.1,71.19,725
2024-08-26,07:00,71.23,71.5,70.8,70.87,883
2024-08-26,08:00,70.85,70.85,70.24,70.24,2008
2024-08-26,09:00,70.24,70.35,70.11,70.29,1344
2024-08-26,10:00,70.3,70.59,70.07,70.5,1272
2024-08-26,11:00,70.53,70.84,70.32,70.69,1259
2024-08-26,12:00,70.7,70.89,70.13,70.41,1841
2024-08-26,13:00,70.39,71.24,70.37,71.18,1987
2024-08-26,14:00,71.18,71.45,70.66,70.68,1327
2024-08-26,15:00,70.69,70.69,70.37,70.4,1410
2024-08-27,06:00,70.67,70.69,70.24,70.49,722
2024-08-27,07:00,70.49,71.08,70.43,70.61,1187
2024-08-27,08:00,70.65,71.17,70.65,71.15,2085
2024-08-27,09:00,71.16,71.93,71.14,71.54,3164
2024-08-27,10:00,71.56,71.63,71.22,71.51,935
2024-08-27,11:00,71.51,71.77,71.32,71.49,846
2024-08-27,12:00,71.51,71.57,71.2,71.43,1221
2024-08-27,13:00,71.4,71.83,71.21,71.77,1073
2024-08-27,14:00,71.78,71.87,71.24,71.36,1288
2024-08-27,15:00,71.36,71.8,71.27,71.76,1406
2024-08-28,06:00,71.51,72,71.51,71.74,621
2024-08-28,07:00,71.83,72.21,71.57,71.67,1483
2024-08-28,08:00,71.65,71.74,71.12,71.26,1579
2024-08-28,09:00,71.28,71.65,71.15,71.38,1603
2024-08-28,10:00,71.34,71.55,71.16,71.42,950
2024-08-28,11:00,71.46,71.47,70.53,70.69,2429
2024-08-28,12:00,70.69,70.79,70.35,70.68,1783
2024-08-28,13:00,70.68,71.6,70.52,71.59,2782
2024-08-28,14:00,71.57,71.66,70.93,70.97,1907
2024-08-28,15:00,70.96,71.07,70.67,70.75,1720
2024-08-29,06:00,70.65,71.23,70.62,70.92,758
2024-08-29,07:00,70.92,70.95,70.42,70.8,1139
2024-08-29,08:00,70.81,70.83,70.08,70.31,2284
2024-08-29,09:00,70.34,70.54,70.12,70.23,1297
2024-08-29,10:00,70.23,70.5,70.11,70.47,874
2024-08-29,11:00,70.44,70.9,70.4,70.75,1027
2024-08-29,12:00,70.79,70.87,70.23,70.55,1557
2024-08-29,13:00,70.58,71,70.44,70.6,1414
2024-08-29,14:00,70.62,71.19,70.43,71.04,1628
2024-08-29,15:00,71,71.19,71,71.05,1257
2024-08-30,06:00,71.09,71.38,70.85,70.92,657
2024-08-30,07:00,70.92,71.18,70.85,71.15,780
2024-08-30,08:00,71.13,71.44,70.89,71.3,1519
2024-08-30,09:00,71.28,71.45,71.03,71.07,1579
2024-08-30,10:00,71.05,71.28,70.92,71.23,1037
2024-08-30,11:00,71.19,71.26,70.97,70.99,955
2024-08-30,12:00,70.98,71.07,70.65,70.8,1650
2024-08-30,13:00,70.78,70.78,70.26,70.36,2762
2024-08-30,14:00,70.38,70.45,70.18,70.19,1747
2024-08-30,15:00,70.18,70.53,69.96,70.21,3092
2024-09-02,06:00,70.03,70.71,70.03,70.28,903
2024-09-02,07:00,70.28,70.39,69.56,69.71,2532
2024-09-02,08:00,69.73,70.3,69.72,70.06,2488
2024-09-02,09:00,70.05,70.47,70.05,70.16,1440
2024-09-02,10:00,70.18,70.3,69.72,70.02,1760
2024-09-02,11:00,70.03,70.63,69.95,70.6,1373
2024-09-02,12:00,70.62,70.95,70.5,70.91,2816
2024-09-02,13:00,70.92,70.99,70.7,70.8,1305
2024-09-02,14:00,70.77,70.91,70.34,70.37,1220
2024-09-02,15:00,70.38,70.68,70.3,70.6,1535
2024-09-03,06:00,70.41,70.44,69.85,69.94,1763
2024-09-03,07:00,69.98,70.15,69.57,69.63,2343
2024-09-03,08:00,69.63,69.7,69.32,69.57,3637
2024-09-03,09:00,69.56,69.67,69.18,69.27,2887
2024-09-03,10:00,69.28,69.3,68.75,68.75,4581
2024-09-03,11:00,68.77,69,68.64,68.81,1852
2024-09-03,12:00,68.81,69.15,68.69,68.84,1278
2024-09-03,13:00,68.81,68.9,68.41,68.41,2641
2024-09-03,14:00,68.41,68.5,68.15,68.16,2606
2024-09-03,15:00,68.15,68.43,68.1,68.19,2682
2024-09-04,06:00,68.1,68.24,67.67,67.72,2073
2024-09-04,07:00,67.72,68.2,67.65,68.12,1869
2024-09-04,08:00,68.15,68.47,67.92,68.11,2813
2024-09-04,09:00,68.13,68.2,67.85,67.86,1366
2024-09-04,10:00,67.85,68,67.75,67.76,1209
2024-09-04,11:00,67.76,67.8,67.42,67.72,2278
2024-09-04,12:00,67.71,67.73,67.3,67.3,2183
2024-09-04,13:00,67.3,67.76,67.27,67.3,2372
2024-09-04,14:00,67.29,67.29,66.81,66.91,3724
2024-09-04,15:00,66.91,67.11,66.75,66.78,3730
2024-09-05,06:00,66.79,67.13,66.71,67.05,1037
2024-09-05,07:00,67.03,67.25,66.62,66.8,1890
2024-09-05,08:00,66.83,67.02,66.55,66.9,2518
2024-09-05,09:00,66.91,67.12,66.46,66.9,2797
2024-09-05,10:00,66.88,67.24,66.8,67.02,2055
2024-09-05,11:00,67,67.43,66.76,67.42,2000
2024-09-05,12:00,67.41,67.68,66.76,67.02,3075
2024-09-05,13:00,66.97,66.97,66.11,66.34,3045
2024-09-05,14:00,66.32,66.65,66.24,66.34,1998
2024-09-05,15:00,66.35,66.44,65.95,66.12,3649
2024-09-06,06:00,66.1,66.73,66.04,66.64,1368
2024-09-06,07:00,66.61,67.28,66.5,67.11,2861
2024-09-06,08:00,67.12,67.48,67.03,67.43,2384
2024-09-06,09:00,67.41,67.74,67.33,67.36,2853
2024-09-06,10:00,67.39,67.6,67.03,67.07,1259
2024-09-06,11:00,67.07,67.27,67.03,67.18,1447
2024-09-06,12:00,67.18,67.33,67.03,67.05,2129
2024-09-06,13:00,67.04,67.06,66.66,66.99,2691
2024-09-06,14:00,66.98,67.09,66.39,66.4,2003
2024-09-06,15:00,66.39,66.66,66.3,66.49,2506
2024-09-09,06:00,66.5,66.91,66.27,66.3,1222
2024-09-09,07:00,66.27,66.4,66.06,66.22,1878
2024-09-09,08:00,66.24,66.51,66.12,66.45,2019
2024-09-09,09:00,66.44,67.05,66.38,66.87,2792
2024-09-09,10:00,66.88,66.97,66.51,66.69,1479
2024-09-09,11:00,66.68,67.45,66.52,67.22,2498
2024-09-09,12:00,67.21,67.34,66.74,66.98,2135
2024-09-09,13:00,66.97,66.97,66.45,66.52,2276
2024-09-09,14:00,66.52,66.84,66.32,66.33,1615
2024-09-09,15:00,66.35,66.63,66.26,66.43,2169
2024-09-10,06:00,66.27,66.84,66.27,66.74,804
2024-09-10,07:00,66.76,67.08,66.55,66.98,2031
2024-09-10,08:00,67,67.18,66.44,66.51,2097
2024-09-10,09:00,66.5,66.5,65.58,65.66,4645
2024-09-10,10:00,65.64,65.89,65.61,65.73,2358
2024-09-10,11:00,65.76,65.87,65.53,65.53,2151
2024-09-10,12:00,65.55,65.55,65.18,65.32,4286
2024-09-10,13:00,65.32,65.37,64.86,65.17,4489
2024-09-10,14:00,65.17,65.35,64.86,65.04,3459
2024-09-10,15:00,65.04,65.35,64.76,65.35,3565
2024-09-11,06:00,65.14,65.31,64.71,65.1,1525
2024-09-11,07:00,65.1,65.63,64.8,65.35,2166
2024-09-11,08:00,65.37,65.59,65.12,65.38,2230
2024-09-11,09:00,65.38,65.9,65.34,65.64,2331
2024-09-11,10:00,65.66,65.73,65.31,65.47,1202
2024-09-11,11:00,65.49,65.95,65.2,65.4,3470
2024-09-11,12:00,65.41,66.51,65.04,66.1,4517
2024-09-11,13:00,66.08,66.19,65.61,65.78,1826
2024-09-11,14:00,65.76,66.35,65.55,66.35,2240
2024-09-11,15:00,66.33,66.53,66.16,66.21,2690
2024-09-12,06:00,66.08,66.43,65.8,65.96,1390
2024-09-12,07:00,65.98,66.27,65.75,65.92,2017
2024-09-12,08:00,65.92,65.94,65.47,65.79,2084
2024-09-12,09:00,65.75,65.75,65.24,65.3,2195
2024-09-12,10:00,65.26,65.6,65.11,65.56,1690
2024-09-12,11:00,65.56,66,65.45,65.49,1690
2024-09-12,12:00,65.48,65.6,65.29,65.42,1465
2024-09-12,13:00,65.41,65.63,65.2,65.37,1617
2024-09-12,14:00,65.34,65.51,65.2,65.33,1823
2024-09-12,15:00,65.32,65.53,65.31,65.4,1712
2024-09-13,06:00,65.25,65.8,65.25,65.63,1038
2024-09-13,07:00,65.62,65.89,65.5,65.53,1234
2024-09-13,08:00,65.59,65.86,65.5,65.85,1444
2024-09-13,09:00,65.83,65.94,65.51,65.55,1900
2024-09-13,10:00,65.55,65.55,65.24,65.29,1937
2024-09-13,11:00,65.32,65.32,64.76,64.77,3070
2024-09-13,12:00,64.78,64.9,64.61,64.7,2595
2024-09-13,13:00,64.7,64.9,64.6,64.7,2208
2024-09-13,14:00,64.71,65.04,64.68,64.97,2557
2024-09-13,15:00,65,65.2,64.88,65.03,2580
2024-09-16,06:00,64.85,64.97,63.42,63.62,3275
2024-09-16,07:00,63.63,64.11,63.46,63.79,2843
2024-09-16,08:00,63.8,64.01,63.74,63.79,2080
2024-09-16,09:00,63.8,64.7,63.8,63.93,5299
2024-09-16,10:00,63.91,64.2,63.72,64,1647
2024-09-16,11:00,64.02,64.26,63.92,64.02,1333
2024-09-16,12:00,64.03,64.07,63.78,64,1776
2024-09-16,13:00,64.02,64.39,63.77,64.2,2450
2024-09-16,14:00,64.21,64.22,63.25,63.31,3206
2024-09-16,15:00,63.31,63.48,63.15,63.41,3604
2024-09-17,06:00,63.2,63.22,62.45,62.98,2363
2024-09-17,07:00,62.96,63.55,62.92,63.46,2383
2024-09-17,08:00,63.46,63.54,62.96,63.47,2777
2024-09-17,09:00,63.47,63.75,63.22,63.55,2781
2024-09-17,10:00,63.55,63.85,63.42,63.72,2045
2024-09-17,11:00,63.71,64.35,63.55,64.08,2827
2024-09-17,12:00,64.05,64.37,63.9,64.1,1793
2024-09-17,13:00,64.1,65.16,63.93,64.64,4573
2024-09-17,14:00,64.64,64.8,64.43,64.55,1865
2024-09-17,15:00,64.52,64.7,64.15,64.36,2594
2024-09-18,06:00,64.49,64.88,64,64.34,1296
2024-09-18,07:00,64.34,64.47,63.72,64.1,2035
2024-09-18,08:00,64.08,64.11,63.6,63.67,1630
2024-09-18,09:00,63.7,64.04,63.54,63.86,1350
2024-09-18,10:00,63.87,64.35,63.82,64.14,1518
2024-09-18,11:00,64.15,64.29,63.32,63.52,1854
2024-09-18,12:00,63.53,63.81,63.31,63.66,2220
2024-09-18,13:00,63.66,63.76,63.23,63.42,2260
2024-09-18,14:00,63.44,63.82,63.21,63.63,2066
2024-09-18,15:00,63.66,63.85,63.56,63.8,3091
2024-09-19,06:00,63.93,64.25,63.8,64.2,1825
2024-09-19,07:00,64.17,64.35,63.9,64.31,2253
2024-09-19,08:00,64.31,64.46,64.12,64.16,1878
2024-09-19,09:00,64.16,64.88,64.13,64.6,2583
2024-09-19,10:00,64.57,65,64.57,64.88,1195
2024-09-19,11:00,64.85,65,64.6,64.73,1076
2024-09-19,12:00,64.74,65.42,64.71,65.18,2739
2024-09-19,13:00,65.18,65.18,62.39,63.47,15851
2024-09-19,14:00,63.47,63.64,62.54,62.75,5431
2024-09-19,15:00,62.73,63.34,62.58,63.09,5483
2024-09-20,06:00,63.5,64.15,63.21,63.41,2582
2024-09-20,07:00,63.42,63.53,62.88,62.94,1869
2024-09-20,08:00,62.96,64.1,62.95,63.8,3060
2024-09-20,09:00,63.82,64.05,63.64,63.74,1797
2024-09-20,10:00,63.7,63.9,63.6,63.9,971
2024-09-20,11:00,63.87,63.93,63.6,63.81,1387
2024-09-20,12:00,63.82,64.05,63.51,63.66,1488
2024-09-20,13:00,63.69,63.96,63.51,63.81,1631
2024-09-20,14:00,63.8,63.82,63.22,63.37,2265
2024-09-20,15:00,63.36,63.64,63.34,63.56,1763
2024-09-23,06:00,63.7,64.03,63.62,63.65,1124
2024-09-23,07:00,63.64,64.57,63.35,64.32,2740
2024-09-23,08:00,64.35,64.72,64.29,64.58,2406
2024-09-23,09:00,64.58,64.58,63.53,63.66,2592
2024-09-23,10:00,63.62,63.86,63.52,63.79,1495
2024-09-23,11:00,63.79,64.25,63.6,63.67,1458
2024-09-23,12:00,63.68,63.75,63.39,63.46,1952
2024-09-23,13:00,63.48,64.1,63.34,63.89,2389
2024-09-23,14:00,63.86,64.19,63.6,63.98,2215
2024-09-23,15:00,63.96,64.22,63.82,64.16,2028
2024-09-24,06:00,64.21,64.57,63.94,63.97,1708
2024-09-24,07:00,63.96,64.71,63.91,64.37,2299
2024-09-24,08:00,64.37,64.59,64.3,64.53,2733
2024-09-24,09:00,64.52,64.93,64.5,64.7,2501
2024-09-24,10:00,64.7,64.76,64.1,64.2,2831
2024-09-24,11:00,64.18,64.21,63.85,64.03,2341
2024-09-24,12:00,64.01,64.43,63.76,64.05,2068
2024-09-24,13:00,64.03,64.03,63.53,63.76,2409
2024-09-24,14:00,63.75,63.98,63.56,63.95,1128
2024-09-24,15:00,63.95,64.23,63.76,64.21,2627
2024-09-25,06:00,64.28,64.43,63.97,64.24,650
2024-09-25,07:00,64.24,64.4,63.99,64.25,1355
2024-09-25,08:00,64.24,64.39,64.19,64.21,1828
2024-09-25,09:00,64.21,64.21,63.65,63.92,2777
2024-09-25,10:00,63.92,64.47,63.85,64.3,1800
2024-09-25,11:00,64.3,64.55,64.24,64.24,1701
2024-09-25,12:00,64.24,64.24,63.69,64,2617
2024-09-25,13:00,64,64.55,63.72,64.4,2908
2024-09-25,14:00,64.4,65.59,64.39,65.24,6198
2024-09-25,15:00,65.25,65.48,65.11,65.4,3316
2024-09-26,06:00,65.25,65.37,64.86,65.19,1263
2024-09-26,07:00,65.18,65.21,64.52,64.66,1715
2024-09-26,08:00,64.64,64.76,64.34,64.69,2206
2024-09-26,09:00,64.69,65.03,64.42,65,2615
2024-09-26,10:00,64.99,65.07,64.57,64.62,1261
2024-09-26,11:00,64.57,64.81,64.38,64.45,1631
2024-09-26,12:00,64.45,65.37,64.45,65.35,1985
2024-09-26,13:00,65.36,66.24,65.25,65.93,4547
2024-09-26,14:00,65.93,66.53,65.88,66.24,2801
2024-09-26,15:00,66.24,66.75,65.27,66,5600
2024-09-27,06:00,66,66.3,65.84,65.89,914
2024-09-27,07:00,65.89,66,65.65,65.76,1096
2024-09-27,08:00,65.76,66.2,65.67,65.98,2186
2024-09-27,09:00,66,66.28,65.6,65.74,1725
2024-09-27,10:00,65.75,65.99,65.55,65.62,1120
2024-09-27,11:00,65.62,65.71,65.28,65.58,1831
2024-09-27,12:00,65.58,65.97,65.56,65.96,1449
2024-09-27,13:00,65.97,66.23,65.89,66.11,1683
2024-09-27,14:00,66.11,66.36,65.99,65.99,1346
2024-09-27,15:00,65.99,66.46,65.99,66.46,1993
2024-09-30,06:00,66.46,66.97,66.38,66.76,1702
2024-09-30,07:00,66.77,66.88,66.4,66.63,2075
2024-09-30,08:00,66.64,66.67,66.21,66.28,1919
2024-09-30,09:00,66.29,66.39,65.65,65.76,2404
2024-09-30,10:00,65.78,66.1,65.69,65.93,1180
2024-09-30,11:00,65.94,66.05,65.23,65.34,3168
2024-09-30,12:00,65.3,65.61,65.13,65.29,1941
2024-09-30,13:00,65.29,65.93,65.29,65.57,1904
2024-09-30,14:00,65.57,65.72,65.22,65.38,1415
2024-09-30,15:00,65.39,65.65,65.27,65.38,1733
2024-10-01,06:00,65.23,65.23,64.52,64.66,2016
2024-10-01,07:00,64.66,64.66,63.87,64.12,4537
2024-10-01,08:00,64.14,64.41,63.67,64.01,3053
2024-10-01,09:00,64.01,64.05,63.34,63.68,4410
2024-10-01,10:00,63.68,63.88,63.52,63.62,1187
2024-10-01,11:00,63.62,63.71,63.36,63.45,1699
2024-10-01,12:00,63.43,63.49,62.75,62.87,4759
2024-10-01,13:00,62.82,64.04,62.76,63.7,5075
2024-10-01,14:00,63.72,63.92,63.32,63.88,3192
2024-10-01,15:00,63.85,64.14,63.39,63.75,3752
2024-10-02,06:00,63.9,65.04,63.72,64.33,3036
2024-10-02,07:00,64.33,64.37,63.53,63.68,2300
2024-10-02,08:00,63.68,63.85,63.56,63.67,1487
2024-10-02,09:00,63.67,63.81,63.16,63.46,2737
2024-10-02,10:00,63.44,63.66,63.28,63.54,1147
2024-10-02,11:00,63.58,63.59,62.78,62.85,2799
2024-10-02,12:00,62.87,63.16,62.69,62.88,2196
2024-10-02,13:00,62.9,63.57,62.9,63.37,2687
2024-10-02,14:00,63.4,63.44,62.67,62.8,2561
2024-10-02,15:00,62.8,62.88,62.54,62.66,3273
2024-10-03,06:00,62.56,62.68,62.21,62.62,2205
2024-10-03,07:00,62.64,62.75,62.24,62.43,2045
2024-10-03,08:00,62.44,62.92,62.37,62.8,1891
2024-10-03,09:00,62.8,62.8,62.26,62.43,2232
2024-10-03,10:00,62.42,62.87,62.4,62.83,947
2024-10-03,11:00,62.81,62.96,62.05,62.43,2452
2024-10-03,12:00,62.45,62.87,62.39,62.65,1393
2024-10-03,13:00,62.66,62.66,62.21,62.25,1259
2024-10-03,14:00,62.28,62.79,62.09,62.53,2707
2024-10-03,15:00,62.53,62.87,62.01,62.18,2548
2024-10-04,06:00,62.04,62.5,61.75,61.84,1639
2024-10-04,07:00,61.85,62.08,61.68,61.81,1903
2024-10-04,08:00,61.83,61.86,61.62,61.66,1801
2024-10-04,09:00,61.68,61.9,61.41,61.8,2303
2024-10-04,10:00,61.8,62.07,61.69,61.95,1345
2024-10-04,11:00,61.95,62.18,61.62,62.05,1966
2024-10-04,12:00,62.01,62.05,61.72,61.94,1673
2024-10-04,13:00,61.95,62.57,61.86,62.32,2715
2024-10-04,14:00,62.35,62.53,61.95,62.14,1678
2024-10-04,15:00,62.12,62.15,61.42,61.46,3735
2024-10-07,06:00,61.52,61.52,60.35,60.91,2411
2024-10-07,07:00,60.93,61.15,60.73,60.95,1867
2024-10-07,08:00,60.93,61.22,60.65,60.77,2508
2024-10-07,09:00,60.77,60.92,60.58,60.74,2323
2024-10-07,10:00,60.73,60.81,60.61,60.68,1255
2024-10-07,11:00,60.69,60.7,60.06,60.13,3940
2024-10-07,12:00,60.15,60.85,60.09,60.64,3380
2024-10-07,13:00,60.64,61.58,60.5,61.2,3336
2024-10-07,14:00,61.2,61.35,61.07,61.24,1366
2024-10-07,15:00,61.23,62.5,61.13,62.4,3894
2024-10-08,06:00,61.92,61.92,61.15,61.3,1500
2024-10-08,07:00,61.28,61.42,60.5,60.59,2539
2024-10-08,08:00,60.58,60.65,60.31,60.34,2697
2024-10-08,09:00,60.36,60.77,60.32,60.55,2498
2024-10-08,10:00,60.53,60.54,60.31,60.39,1672
2024-10-08,11:00,60.4,61.23,60.35,60.74,2261
2024-10-08,12:00,60.75,61.26,60.63,61.07,2014
2024-10-08,13:00,61.12,61.15,60.26,60.28,3093
2024-10-08,14:00,60.27,60.42,60.07,60.42,3021
2024-10-08,15:00,60.43,60.45,60.11,60.18,2181
2024-10-09,06:00,60.19,60.86,59.95,60.58,2015
2024-10-09,07:00,60.56,61.95,60.3,61.67,4416
2024-10-09,08:00,61.69,62.2,61.52,61.88,2804
2024-10-09,09:00,61.88,62.03,61.6,61.91,2044
2024-10-09,10:00,61.9,62.37,61.79,61.9,1779
2024-10-09,11:00,61.85,62.13,61.7,61.77,1049
2024-10-09,12:00,61.77,62.19,61.6,62.1,1381
2024-10-09,13:00,62.07,62.24,61.3,61.41,3050
2024-10-09,14:00,61.4,62.25,61.4,62.12,1867
2024-10-09,15:00,62.13,62.71,61.89,62.63,3091
2024-10-10,06:00,62.52,62.75,62.04,62.33,1345
2024-10-10,07:00,62.35,63.6,62.35,63.37,3651
2024-10-10,08:00,63.34,64.08,63.32,63.65,3066
2024-10-10,09:00,63.65,64.06,63.58,63.9,2050
2024-10-10,10:00,63.88,64.41,63.74,63.8,2655
2024-10-10,11:00,63.82,64.49,63.77,64.01,1470
2024-10-10,12:00,64,64.88,63.89,64.84,2706
2024-10-10,13:00,64.84,65.06,64.62,64.83,2728
2024-10-10,14:00,64.85,65.21,64.67,64.78,2362
2024-10-10,15:00,64.79,65.15,64.77,64.92,2459
2024-10-11,06:00,64.9,65.09,64.45,64.9,1152
2024-10-11,07:00,64.91,64.94,64.18,64.3,1936
2024-10-11,08:00,64.34,64.5,64.01,64.28,2187
2024-10-11,09:00,64.28,64.38,63.75,64.04,2072
2024-10-11,10:00,64.07,64.78,64.04,64.67,1274
2024-10-11,11:00,64.67,64.91,64.2,64.29,1796
2024-10-11,12:00,64.29,64.89,64.21,64.78,1546
2024-10-11,13:00,64.79,64.87,64.6,64.64,1313
2024-10-11,14:00,64.61,64.91,64.52,64.53,1415
2024-10-11,15:00,64.53,64.88,64.3,64.88,2255
2024-10-14,06:00,64.75,64.75,63.85,64.52,1391
2024-10-14,07:00,64.51,65.88,64.31,65.45,2853
2024-10-14,08:00,65.45,65.65,65.26,65.31,1841
2024-10-14,09:00,65.32,65.54,65.2,65.5,1229
2024-10-14,10:00,65.5,65.88,65.5,65.79,1246
2024-10-14,11:00,65.79,66,65.45,65.63,1477
2024-10-14,12:00,65.65,66.14,65.65,66.02,2377
2024-10-14,13:00,66.02,66.1,65.92,66.05,1572
2024-10-14,14:00,66.03,66.18,65.75,65.91,1897
2024-10-14,15:00,65.93,66.06,65.75,65.95,1656
2024-10-15,06:00,65.41,65.5,64.55,65.2,2432
2024-10-15,07:00,65.18,65.45,64.63,64.7,1642
2024-10-15,08:00,64.69,65,64.66,64.7,1624
2024-10-15,09:00,64.7,64.77,64.17,64.36,3275
2024-10-15,10:00,64.37,64.77,64.27,64.56,1071
2024-10-15,11:00,64.58,64.9,64.32,64.85,1383
2024-10-15,12:00,64.84,65.4,64.73,65.2,1895
2024-10-15,13:00,65.2,65.45,65.03,65.21,1423
2024-10-15,14:00,65.22,65.59,64.87,64.95,1526
2024-10-15,15:00,64.95,65.3,64.8,65.28,1564
2024-10-16,06:00,64.84,65.63,64.84,65.24,875
2024-10-16,07:00,65.2,65.59,64.85,64.89,1347
2024-10-16,08:00,64.86,65.05,64.15,64.31,2738
2024-10-16,09:00,64.32,64.53,63.93,64,1793
2024-10-16,10:00,64,64.22,63.86,63.91,1171
2024-10-16,11:00,63.91,64.08,63.14,63.33,3629
2024-10-16,12:00,63.32,63.5,62.93,63.34,2452
2024-10-16,13:00,63.33,63.57,62.8,62.95,2619
2024-10-16,14:00,62.97,63.37,62.96,63.32,2087
2024-10-16,15:00,63.32,63.33,62.85,63.17,2561
2024-10-17,06:00,63.03,63.56,62.82,63.4,1503
2024-10-17,07:00,63.35,63.63,63.06,63.12,1707
2024-10-17,08:00,63.09,63.6,63.07,63.45,1694
2024-10-17,09:00,63.44,63.64,63.28,63.44,1261
2024-10-17,10:00,63.44,63.45,62.88,63.05,1054
2024-10-17,11:00,63.02,63.38,62.92,63.03,1053
2024-10-17,12:00,63.01,63.28,62.97,63,1054
2024-10-17,13:00,62.96,63.28,62.63,63.15,1808
2024-10-17,14:00,63.2,63.26,62.99,63.17,1040
2024-10-17,15:00,63.14,63.16,62.82,63.06,2125
2024-10-18,06:00,63,63.38,62.95,63.36,667
2024-10-18,07:00,63.33,63.47,62.73,62.77,2690
2024-10-18,08:00,62.8,62.89,62.25,62.37,2283
2024-10-18,09:00,62.41,62.66,62.25,62.46,1133
2024-10-18,10:00,62.45,62.66,62.34,62.5,666
2024-10-18,11:00,62.49,62.6,62.29,62.32,771
2024-10-18,12:00,62.34,62.61,62.28,62.56,1232
2024-10-18,13:00,62.58,62.93,62.33,62.35,1814
2024-10-18,14:00,62.34,62.59,62.23,62.27,1382
2024-10-18,15:00,62.28,62.62,62.22,62.62,1853
2024-10-21,06:00,62.45,62.95,62.44,62.81,782
2024-10-21,07:00,62.81,62.9,62.4,62.71,1798
2024-10-21,08:00,62.71,62.95,62.55,62.67,1956
2024-10-21,09:00,62.69,62.89,62.46,62.46,1599
2024-10-21,10:00,62.49,62.54,62.2,62.25,1794
2024-10-21,11:00,62.25,62.36,62.02,62.25,1971
2024-10-21,12:00,62.25,62.31,61.57,61.66,3013
2024-10-21,13:00,61.68,61.83,61.36,61.6,2556
2024-10-21,14:00,61.6,61.75,61.5,61.73,1305
2024-10-21,15:00,61.74,61.92,61.65,61.9,1591
2024-10-22,06:00,61.9,62.09,61.5,61.62,947
2024-10-22,07:00,61.6,61.73,61.29,61.64,1539
2024-10-22,08:00,61.66,62.2,61.5,61.54,2526
2024-10-22,09:00,61.54,61.88,61.48,61.73,1689
2024-10-22,10:00,61.7,62.56,61.7,62.43,2417
2024-10-22,11:00,62.4,62.49,62.2,62.28,1241
2024-10-22,12:00,62.28,62.5,61.95,62.07,1853
2024-10-22,13:00,62.05,62.35,61.83,62.11,1744
2024-10-22,14:00,62.14,62.53,62.03,62.46,1177
2024-10-22,15:00,62.45,62.49,62.1,62.31,2133
2024-10-23,06:00,62.35,62.35,61.82,61.82,931
2024-10-23,07:00,61.8,62.44,61.71,62.37,1287
2024-10-23,08:00,62.38,64.28,62.37,63.92,6346
2024-10-23,09:00,63.99,64.9,63.88,64.69,4252
2024-10-23,10:00,64.7,64.74,64.35,64.45,2199
2024-10-23,11:00,64.45,64.61,64.29,64.48,1041
2024-10-23,12:00,64.49,64.56,64.17,64.49,1441
2024-10-23,13:00,64.46,65.2,64.35,65.2,2519
2024-10-23,14:00,65.19,65.36,64.68,65,2348
2024-10-23,15:00,64.96,65.15,64.87,65.15,2361
2024-10-24,06:00,64.95,65.61,64.95,65.26,1933
2024-10-24,07:00,65.26,65.43,64.75,65.1,2591
2024-10-24,08:00,65.1,65.35,64.77,64.96,3188
2024-10-24,09:00,64.97,66.5,64.97,66.17,4992
2024-10-24,10:00,66.16,66.37,65.43,65.87,3448
2024-10-24,11:00,65.85,66.11,65.56,65.98,2035
2024-10-24,12:00,65.99,66.89,65.88,66.74,4135
2024-10-24,13:00,66.75,67.57,66.7,66.96,6263
2024-10-24,14:00,66.96,67.05,66.6,66.71,3092
2024-10-24,15:00,66.71,66.8,66.51,66.63,2568
2024-10-25,06:00,66.61,67.36,66.54,66.94,1413
2024-10-25,07:00,66.93,67.1,66.5,66.65,1698
2024-10-25,08:00,66.65,67.08,66.62,66.8,2302
2024-10-25,09:00,66.82,67.06,66.68,66.83,1932
2024-10-25,10:00,66.83,66.85,66.25,66.25,1765
2024-10-25,11:00,66.25,66.47,66.08,66.4,2053
2024-10-25,12:00,66.43,67.18,66.37,66.75,2945
2024-10-25,13:00,66.75,67.07,66.59,66.88,2392
2024-10-25,14:00,66.86,67.13,66.8,66.85,2384
2024-10-25,15:00,66.84,67.05,66.73,66.76,2053
2024-10-28,07:00,66.25,66.25,64.97,65.4,2414
2024-10-28,08:00,65.4,65.9,65.16,65.6,1842
2024-10-28,09:00,65.58,65.6,64.93,64.96,2355
2024-10-28,10:00,64.95,65.28,64.61,65.16,2422
2024-10-28,11:00,65.17,65.35,64.8,64.87,1322
2024-10-28,12:00,64.86,65.15,64.64,65.04,1473
2024-10-28,13:00,65.04,66.19,65.01,66.01,3125
2024-10-28,14:00,66.01,66.23,65.76,65.94,2480
2024-10-28,15:00,65.92,66.61,65.92,66.38,2295
2024-10-28,16:00,66.34,66.57,66.21,66.5,1276
2024-10-29,07:00,66.82,67.1,66.38,66.9,2253
2024-10-29,08:00,66.9,67,66.18,66.22,2340
2024-10-29,09:00,66.23,66.73,66.14,66.68,1645
2024-10-29,10:00,66.73,67.37,66.69,67.24,3170
2024-10-29,11:00,67.24,67.5,66.99,67.25,2703
2024-10-29,12:00,67.25,67.3,66.8,66.97,2094
2024-10-29,13:00,66.96,67.61,66.96,67.43,2668
2024-10-29,14:00,67.45,67.75,67.2,67.56,2746
2024-10-29,15:00,67.56,67.68,67.12,67.35,2458
2024-10-29,16:00,67.33,67.44,66.75,66.85,2358
2024-10-30,07:00,66.85,67.01,66.37,66.6,1493
2024-10-30,08:00,66.61,67.19,66.2,66.37,1922
2024-10-30,09:00,66.38,66.56,65.88,66.03,2290
2024-10-30,10:00,66.07,66.41,65.93,66.3,1294
2024-10-30,11:00,66.27,66.32,65.96,66.03,1087
2024-10-30,12:00,66.02,66.38,65.96,66.31,1297
2024-10-30,13:00,66.33,66.38,65.85,65.9,1211
2024-10-30,14:00,65.9,66.16,65.25,65.35,2197
2024-10-30,15:00,65.37,65.44,64.94,65.28,4479
2024-10-30,16:00,65.29,65.93,65.29,65.77,2343
2024-10-31,07:00,65.48,65.95,65.31,65.45,921
2024-10-31,08:00,65.48,65.72,65.11,65.22,1766
2024-10-31,09:00,65.26,65.6,64.97,65.05,1949
2024-10-31,10:00,65.04,65.27,64.4,64.75,4045
2024-10-31,11:00,64.76,64.87,64.6,64.78,1109
2024-10-31,12:00,64.79,64.9,64.54,64.86,1446
2024-10-31,13:00,64.9,65.24,64.77,64.78,1833
2024-10-31,14:00,64.77,64.93,64.05,64.23,2499
2024-10-31,15:00,64.24,64.71,63.95,64.54,2094
2024-10-31,16:00,64.53,64.66,63.54,63.7,4441
2024-11-01,07:00,63.78,64.3,63.48,64.17,2180
2024-11-01,08:00,64.15,64.61,63.96,64.21,2720
2024-11-01,09:00,64.23,64.96,64.08,64.88,2435
2024-11-01,10:00,64.88,64.9,64.1,64.45,1492
2024-11-01,11:00,64.4,64.51,64.18,64.36,637
2024-11-01,12:00,64.37,64.4,63.8,63.91,1848
2024-11-01,13:00,63.91,63.93,63.22,63.69,2505
2024-11-01,14:00,63.71,63.95,63.48,63.86,1344
2024-11-01,15:00,63.87,64.05,63.6,63.96,1097
2024-11-01,16:00,63.95,64.05,63.73,64,1464
2024-11-04,07:00,64.09,65.1,64,64.91,1772
2024-11-04,08:00,64.95,65.08,64.34,64.8,1512
2024-11-04,09:00,64.82,64.92,64.57,64.92,1327
2024-11-04,10:00,64.88,65.89,64.88,65.78,3563
2024-11-04,11:00,65.76,65.85,65.3,65.72,1587
2024-11-04,12:00,65.67,65.68,65.06,65.21,1522
2024-11-04,13:00,65.23,65.43,65.15,65.27,1646
2024-11-04,14:00,65.3,65.49,65.02,65.05,1796
2024-11-04,15:00,65.05,65.54,64.95,65.41,1805
2024-11-04,16:00,65.38,65.54,65.1,65.42,1885
2024-11-05,07:00,65.46,65.69,64.95,65.4,1240
2024-11-05,08:00,65.41,65.48,64.83,65.13,1621
2024-11-05,09:00,65.16,65.52,65.13,65.4,2017
2024-11-05,10:00,65.39,65.44,64.92,65.29,1961
2024-11-05,11:00,65.23,65.33,64.94,65.04,1023
2024-11-05,12:00,65.04,65.1,64.61,64.82,1603
2024-11-05,13:00,64.8,65.01,64.55,64.69,1860
2024-11-05,14:00,64.7,64.8,64.46,64.56,2419
2024-11-05,15:00,64.55,64.65,64.1,64.24,2398
2024-11-05,16:00,64.29,64.43,64.14,64.14,1814
2024-11-06,07:00,64,64.19,63.46,63.82,2120
2024-11-06,08:00,63.8,63.8,62.76,63.32,4354
2024-11-06,09:00,63.3,63.6,63.1,63.52,2008
2024-11-06,10:00,63.48,63.49,63.05,63.18,1659
2024-11-06,11:00,63.18,63.25,62.38,62.7,3043
2024-11-06,12:00,62.66,62.75,62.37,62.73,1387
2024-11-06,13:00,62.7,63.17,62.55,63.16,2091
2024-11-06,14:00,63.13,63.32,62.9,63.1,1963
2024-11-06,15:00,63.1,63.76,63.05,63.71,2209
2024-11-06,16:00,63.7,64.19,63.51,64.09,2345
2024-11-07,07:00,63.78,64.72,63.65,64.51,1532
2024-11-07,08:00,64.48,64.8,64.4,64.65,2479
2024-11-07,09:00,64.65,65.83,64.63,65.77,4852
2024-11-07,10:00,65.76,65.79,65.32,65.64,2091
2024-11-07,11:00,65.65,65.95,65.05,65.37,2641
2024-11-07,12:00,65.39,65.43,65.04,65.3,1506
2024-11-07,13:00,65.3,65.65,65.14,65.14,2483
2024-11-07,14:00,65.15,65.37,64.96,64.97,1420
2024-11-07,15:00,64.96,65.94,64.91,65.9,2185
2024-11-07,16:00,65.9,66.29,65.79,66.25,4427
2024-11-08,07:00,66.25,66.75,66.24,66.68,2565
2024-11-08,08:00,66.66,66.7,65.96,66.12,2628
2024-11-08,09:00,66.13,66.89,66.13,66.58,2160
2024-11-08,10:00,66.55,66.85,66.2,66.78,1574
2024-11-08,11:00,66.77,67.2,66.68,66.93,2386
2024-11-08,12:00,66.96,67.74,66.96,67.66,3511
2024-11-08,13:00,67.66,68.19,67.4,67.73,4794
2024-11-08,14:00,67.73,68.1,67.6,67.7,2257
2024-11-08,15:00,67.7,68.28,67.45,68.17,2552
2024-11-08,16:00,68.16,68.28,67.66,67.69,2781
2024-11-11,07:00,67.27,67.85,66.92,67.69,2175
2024-11-11,08:00,67.7,68.8,67.65,67.87,5101
2024-11-11,09:00,67.88,68.3,67.8,68.25,2349
2024-11-11,10:00,68.26,68.26,67.63,67.81,2599
2024-11-11,11:00,67.82,68.1,67.71,67.81,1246
2024-11-11,12:00,67.83,67.85,67.56,67.77,1360
2024-11-11,13:00,67.77,68.15,67.77,67.97,1678
2024-11-11,14:00,67.96,68.13,67.59,67.85,2122
2024-11-11,15:00,67.83,67.89,67.33,67.44,2075
2024-11-11,16:00,67.45,67.9,67.3,67.6,2503
2024-11-12,07:00,67.5,67.5,66.41,66.58,2173
2024-11-12,08:00,66.55,66.74,66.07,66.11,2811
2024-11-12,09:00,66.11,66.5,65.76,66.13,3244
2024-11-12,10:00,66.11,66.85,66.09,66.75,2498
2024-11-12,11:00,66.76,67.2,66.76,67.16,1670
2024-11-12,12:00,67.16,67.2,66.92,67.15,1409
2024-11-12,13:00,67.13,67.55,66.94,67.36,2606
2024-11-12,14:00,67.32,67.47,67.04,67.08,1410
2024-11-12,15:00,67.09,67.77,66.92,67.69,2668
2024-11-12,16:00,67.65,67.75,67.1,67.14,2253
2024-11-13,07:00,67.12,67.24,66.18,66.4,2091
2024-11-13,08:00,66.4,66.51,65.91,66.25,2165
2024-11-13,09:00,66.26,66.75,66.11,66.17,2157
2024-11-13,10:00,66.17,67.06,65.79,66.68,3235
2024-11-13,11:00,66.64,66.82,66.25,66.28,1070
2024-11-13,12:00,66.3,66.36,65.39,65.63,3105
2024-11-13,13:00,65.6,65.85,65.5,65.59,2181
2024-11-13,14:00,65.59,66.14,65.59,66.06,1988
2024-11-13,15:00,66.08,66.38,65.9,66.16,1946
2024-11-13,16:00,66.13,66.43,66.09,66.37,1587
2024-11-14,07:00,66.72,67.6,66.61,67.07,2866
2024-11-14,08:00,67.05,67.71,66.87,67.44,2876
2024-11-14,09:00,67.4,67.53,67.2,67.4,1796
2024-11-14,10:00,67.42,68.35,67.42,68.14,3726
2024-11-14,11:00,68.13,68.15,67.5,67.63,1530
2024-11-14,12:00,67.63,67.86,67.56,67.75,1797
2024-11-14,13:00,67.75,68.09,67.69,68.01,1578
2024-11-14,14:00,68,68.12,67.56,67.56,1837
2024-11-14,15:00,67.56,68.07,67.56,67.97,1788
2024-11-14,16:00,68,68.46,67.96,68.26,4011
2024-11-15,07:00,68.25,68.8,67.87,68.32,2422
2024-11-15,08:00,68.33,68.38,67.75,67.95,1806
2024-11-15,09:00,67.96,68.16,67.16,67.31,2270
2024-11-15,10:00,67.26,67.33,66.9,67.2,3425
2024-11-15,11:00,67.2,67.51,67.11,67.46,1468
2024-11-15,12:00,67.46,67.57,67.32,67.4,1100
2024-11-15,13:00,67.4,67.49,66.75,67.21,2239
2024-11-15,14:00,67.17,68.54,67.11,68.33,4796
2024-11-15,15:00,68.3,68.39,67.5,67.99,2966
2024-11-15,16:00,68.02,68.1,67.3,67.44,2518
2024-11-18,07:00,67.28,67.7,66.96,67.68,1571
2024-11-18,08:00,67.69,68.6,67.67,68.3,2724
2024-11-18,09:00,68.27,68.49,67.77,67.81,2389
2024-11-18,10:00,67.82,69.72,67.82,69.22,6563
2024-11-18,11:00,69.21,69.3,68.76,68.99,1601
2024-11-18,12:00,69,69.15,68.85,69.03,1280
2024-11-18,13:00,69.04,69.98,69.04,69.86,3603
2024-11-18,14:00,69.86,70.03,69.55,69.6,4094
2024-11-18,15:00,69.61,69.81,69.41,69.47,2608
2024-11-18,16:00,69.42,69.66,69.22,69.55,2863
2024-11-19,07:00,69.47,69.73,69.15,69.18,1903
2024-11-19,08:00,69.17,69.45,68.91,69.14,2361
2024-11-19,09:00,69.17,69.83,68.99,69.48,2794
2024-11-19,10:00,69.47,69.48,69.11,69.29,2426
2024-11-19,11:00,69.3,69.4,68.96,69.16,1900
2024-11-19,12:00,69.16,69.17,68.19,68.78,4131
2024-11-19,13:00,68.78,68.9,68.43,68.59,2060
2024-11-19,14:00,68.58,68.65,68.18,68.38,2502
2024-11-19,15:00,68.39,68.6,67.84,68.25,2959
2024-11-19,16:00,68.26,68.5,67.9,68.4,2677
2024-11-20,07:00,68.02,68.46,67.89,68.32,2576
2024-11-20,08:00,68.3,68.66,68.13,68.25,2036
2024-11-20,09:00,68.26,68.84,68.02,68.27,2327
2024-11-20,10:00,68.27,68.77,68.19,68.43,1884
2024-11-20,11:00,68.43,68.92,68.26,68.87,1358
2024-11-20,12:00,68.89,68.91,68.34,68.4,1683
2024-11-20,13:00,68.42,68.77,68.3,68.7,1461
2024-11-20,14:00,68.71,69.4,68.69,69.17,2813
2024-11-20,15:00,69.16,69.16,68.33,68.43,3108
2024-11-20,16:00,68.47,68.55,68.27,68.35,1951
2024-11-21,07:00,68.46,68.95,68.45,68.73,1443
2024-11-21,08:00,68.71,69.91,68.61,69.43,4111
2024-11-21,09:00,69.41,69.63,68.9,68.95,3180
2024-11-21,10:00,68.96,70.33,68.95,69.97,5148
2024-11-21,11:00,69.96,70.17,69.91,69.94,3514
2024-11-21,12:00,69.94,70.16,69.75,69.93,1629
2024-11-21,13:00,69.94,70.7,69.92,70.65,3328
2024-11-21,14:00,70.65,70.78,70.08,70.08,3971
2024-11-21,15:00,70.11,70.3,69.75,70.2,2250
2024-11-21,16:00,70.2,70.67,69.89,70.6,2743
2024-11-22,07:00,70.49,70.96,69.75,69.97,1723
2024-11-22,08:00,69.97,70.05,69.44,69.8,2389
2024-11-22,09:00,69.81,70.15,69.5,69.98,2065
2024-11-22,10:00,69.98,70.38,69.58,69.78,2532
2024-11-22,11:00,69.77,69.8,69.21,69.42,1721
2024-11-22,12:00,69.41,69.92,69.38,69.71,1467
2024-11-22,13:00,69.68,69.88,69.35,69.42,2355
2024-11-22,14:00,69.42,69.48,69.21,69.38,1703
2024-11-22,15:00,69.38,69.46,69.11,69.2,2523
2024-11-22,16:00,69.2,69.41,69.01,69.14,2622
2024-11-25,07:00,69.75,70.05,69.24,69.53,1795
2024-11-25,08:00,69.55,69.99,69.34,69.65,1623
2024-11-25,09:00,69.66,69.95,69.47,69.6,1686
2024-11-25,10:00,69.63,70.75,69.57,70.54,2971
2024-11-25,11:00,70.54,70.65,70.28,70.46,1038
2024-11-25,12:00,70.49,71.1,70.44,71.04,2293
2024-11-25,13:00,71.08,71.54,70.72,70.83,3885
2024-11-25,14:00,70.83,70.83,70.21,70.22,2825
2024-11-25,15:00,70.25,70.4,69.9,69.96,2082
2024-11-25,16:00,69.93,70.11,69.76,69.92,2426
2024-11-26,07:00,69.7,69.7,68.88,68.96,2241
2024-11-26,08:00,68.97,69.22,68.66,68.95,1970
2024-11-26,09:00,68.98,69.75,68.95,69.49,2521
2024-11-26,10:00,69.53,69.74,69.26,69.32,1701
2024-11-26,11:00,69.29,69.32,68.63,69.02,2901
2024-11-26,12:00,69.05,69.08,68.63,68.67,1004
2024-11-26,13:00,68.68,69.28,68.65,69.28,1507
2024-11-26,14:00,69.26,69.4,68.77,68.79,2160
2024-11-26,15:00,68.8,69.27,68.25,68.98,3943
2024-11-26,16:00,69.01,69.35,68.79,68.88,1761
2024-11-27,07:00,69.24,69.38,67.97,68.29,1390
2024-11-27,08:00,68.27,68.72,68.27,68.59,987
2024-11-27,09:00,68.58,68.62,67.92,68.08,2151
2024-11-27,10:00,68.06,68.34,67.95,68.1,1105
2024-11-27,11:00,68.06,68.35,67.98,68.35,708
2024-11-27,12:00,68.35,68.62,68.2,68.4,1371
2024-11-27,13:00,68.41,68.5,68.01,68.13,1771
2024-11-27,14:00,68.12,68.16,67.7,68.01,2374
2024-11-27,15:00,68.03,68.61,68,68.48,1544
2024-11-27,16:00,68.46,68.57,68.2,68.42,1578
2024-11-28,07:00,68.13,68.91,68.13,68.64,867
2024-11-28,08:00,68.61,68.85,68.34,68.48,1018
2024-11-28,09:00,68.47,68.47,67.98,68,1823
2024-11-28,10:00,68,68.49,67.97,68.45,1228
2024-11-28,11:00,68.42,68.53,67.8,67.91,1466
2024-11-28,12:00,67.91,67.94,67.61,67.69,1682
2024-11-28,13:00,67.67,68.34,67.53,68.13,1999
2024-11-28,14:00,68.12,68.14,67.6,67.63,1371
2024-11-28,15:00,67.65,67.86,67.55,67.62,1035
2024-11-28,16:00,67.62,68,67.54,67.88,1743
2024-11-29,07:00,67.85,68.06,67.61,67.74,601
2024-11-29,08:00,67.74,67.96,67.51,67.72,1031
2024-11-29,09:00,67.71,67.88,67.58,67.6,1080
2024-11-29,10:00,67.59,67.68,67.13,67.28,2543
2024-11-29,11:00,67.3,67.8,67.2,67.79,1256
2024-11-29,12:00,67.77,68.41,67.7,68.16,2543
2024-11-29,13:00,68.14,68.32,67.86,68.03,1458
2024-11-29,14:00,68.03,68.11,67.8,67.8,1094
2024-11-29,15:00,67.83,68.38,67.78,68.3,1147
2024-11-29,16:00,68.3,68.54,68.27,68.39,2081
2024-12-02,07:00,68.55,69.53,68.5,69.43,2052
2024-12-02,08:00,69.43,69.94,69.3,69.77,2264
2024-12-02,09:00,69.75,70.14,69.35,69.4,2814
2024-12-02,10:00,69.36,69.74,69.33,69.43,1528
2024-12-02,11:00,69.41,69.45,68.91,69.03,1382
2024-12-02,12:00,69,69.16,68.33,68.46,2900
2024-12-02,13:00,68.46,68.67,68.1,68.22,2365
2024-12-02,14:00,68.21,68.66,68.16,68.38,1459
2024-12-02,15:00,68.38,68.94,68.3,68.73,1406
2024-12-02,16:00,68.7,68.97,68.53,68.6,1811
2024-12-03,07:00,68.9,69.03,68.31,68.35,1535
2024-12-03,08:00,68.37,68.52,67.85,68.1,2112
2024-12-03,09:00,68.1,68.43,68.07,68.17,1534
2024-12-03,10:00,68.16,68.63,68.15,68.51,1383
2024-12-03,11:00,68.53,68.66,68.38,68.66,753
2024-12-03,12:00,68.66,69,68.65,68.94,1735
2024-12-03,13:00,68.95,69.03,68.83,68.88,1537
2024-12-03,14:00,68.86,68.99,68.66,68.83,1360
2024-12-03,15:00,68.88,69.25,68.52,68.63,2026
2024-12-03,16:00,68.64,68.66,68.16,68.26,1868
2024-12-04,07:00,68.01,68.28,67.81,68,1355
2024-12-04,08:00,68.03,68.1,67.8,67.9,883
2024-12-04,09:00,67.9,68.09,67.57,67.79,1637
2024-12-04,10:00,67.79,67.82,67.51,67.67,1797
2024-12-04,11:00,67.67,67.75,67.51,67.64,1126
2024-12-04,12:00,67.63,67.66,67.28,67.61,1701
2024-12-04,13:00,67.61,68.05,67.58,67.97,1874
2024-12-04,14:00,67.94,68,67.52,67.68,1360
2024-12-04,15:00,67.67,67.94,67.45,67.84,1507
2024-12-04,16:00,67.84,68.09,67.8,68.05,1395
2024-12-05,07:00,67.81,68.28,67.7,68.06,893
2024-12-05,08:00,68.05,68.69,68.05,68.33,1278
2024-12-05,09:00,68.33,68.45,67.54,67.65,2301
2024-12-05,10:00,67.64,67.79,67.55,67.68,1302
2024-12-05,11:00,67.65,67.95,67.55,67.81,1121
2024-12-05,12:00,67.79,67.97,67.67,67.82,1041
2024-12-05,13:00,67.84,68.05,67.67,67.91,1110
2024-12-05,14:00,67.84,67.84,67.2,67.46,2443
2024-12-05,15:00,67.44,67.5,66.91,67.35,2919
2024-12-05,16:00,67.33,67.39,67.09,67.3,1448
2024-12-06,07:00,67.25,67.48,66.92,67.38,840
2024-12-06,08:00,67.36,67.48,67.07,67.21,907
2024-12-06,09:00,67.21,67.5,67.08,67.36,945
2024-12-06,10:00,67.36,67.44,67.08,67.31,1140
2024-12-06,11:00,67.29,67.45,67.09,67.3,1027
2024-12-06,12:00,67.32,67.35,67.18,67.27,663
2024-12-06,13:00,67.26,67.89,67.21,67.27,1706
2024-12-06,14:00,67.27,67.37,67.06,67.24,1308
2024-12-06,15:00,67.23,67.89,67.14,67.85,1644
2024-12-06,16:00,67.87,68.74,67.84,68.62,3321
2024-12-09,07:00,68.55,68.7,68.25,68.27,985
2024-12-09,08:00,68.25,68.33,67.55,67.64,2166
2024-12-09,09:00,67.66,67.83,67.57,67.8,1211
2024-12-09,10:00,67.79,67.82,67.33,67.45,1670
2024-12-09,11:00,67.45,67.45,67.15,67.29,1789
2024-12-09,12:00,67.32,67.52,67.2,67.23,1001
2024-12-09,13:00,67.23,67.34,67.15,67.18,1198
2024-12-09,14:00,67.17,67.17,65.93,66.58,6203
2024-12-09,15:00,66.59,66.8,66.13,66.22,1527
2024-12-09,16:00,66.2,66.73,66.12,66.54,1746
2024-12-10,07:00,66.35,66.66,66.15,66.57,673
2024-12-10,08:00,66.57,67.16,66.48,66.99,2286
2024-12-10,09:00,67.01,67.17,66.75,67,1926
2024-12-10,10:00,67.02,67.17,66.45,66.7,1902
2024-12-10,11:00,66.7,66.8,66.62,66.73,863
2024-12-10,12:00,66.76,67.83,66.66,67.66,2832
2024-12-10,13:00,67.69,68.03,67.59,67.8,1761
2024-12-10,14:00,67.82,68.5,67.78,68.46,2450
2024-12-10,15:00,68.44,68.72,67.98,68.07,2881
2024-12-10,16:00,68.05,68.61,68.04,68.51,1255
2024-12-11,07:00,68.3,68.37,67.91,68.16,931
2024-12-11,08:00,68.19,69.2,68.1,69,2373
2024-12-11,09:00,68.98,69.48,68.52,69.39,3171
2024-12-11,10:00,69.43,69.58,68.96,69.13,1718
2024-12-11,11:00,69.15,69.37,69,69.09,1115
2024-12-11,12:00,69.12,69.32,68.8,68.8,2097
2024-12-11,13:00,68.8,68.82,67.96,68.8,3523
2024-12-11,14:00,68.76,68.76,68.03,68.33,1762
2024-12-11,15:00,68.29,68.78,68.18,68.43,1320
2024-12-11,16:00,68.43,68.93,68.36,68.78,2162
2024-12-12,07:00,68.53,68.84,68.17,68.34,1203
2024-12-12,08:00,68.4,68.84,68.32,68.61,1000
2024-12-12,09:00,68.6,68.68,67.88,67.93,2242
2024-12-12,10:00,67.95,68.17,67.41,67.5,2597
2024-12-12,11:00,67.53,67.95,67.44,67.85,1053
2024-12-12,12:00,67.84,67.86,66.96,67.12,1516
2024-12-12,13:00,67.1,67.12,66.31,66.49,2957
2024-12-12,14:00,66.51,66.65,66.05,66.36,1747
2024-12-12,15:00,66.35,66.36,65.75,66.11,1989
2024-12-12,16:00,66.11,66.23,65.54,65.55,1760
2024-12-13,07:00,65.81,66.24,65.68,66.07,775
2024-12-13,08:00,65.88,66.53,65.83,66.41,992
2024-12-13,09:00,66.45,66.61,66.2,66.38,711
2024-12-13,10:00,66.38,66.38,65.91,66.18,1104
2024-12-13,11:00,66.08,66.29,65.95,65.98,455
2024-12-13,12:00,65.98,66.12,65.92,66.12,447
2024-12-13,13:00,66.03,66.05,64.63,64.95,1532
2024-12-13,14:00,65,65.32,64.61,65.17,1460
2024-12-13,15:00,65.14,65.15,64.15,64.65,1297
2024-12-13,16:00,64.65,64.78,64.2,64.35,792
2024-12-16,07:00,66,66.35,65.23,65.78,2222
2024-12-16,08:00,65.79,66,65.32,65.84,1926
2024-12-16,09:00,65.82,66.02,65.55,65.73,1940
2024-12-16,10:00,65.74,65.92,65.13,65.38,2771
2024-12-16,11:00,65.37,65.52,65.12,65.31,1251
2024-12-16,12:00,65.31,65.67,65.12,65.17,1690
2024-12-16,13:00,65.14,65.31,64.67,65.24,2577
2024-12-16,14:00,65.26,65.59,65.1,65.25,2592
2024-12-16,15:00,65.25,65.71,65.24,65.38,3172
2024-12-16,16:00,65.39,65.42,65.01,65.14,3037
2024-12-17,07:00,65,65.73,64.93,65.46,1242
2024-12-17,08:00,65.45,65.59,65.08,65.25,1626
2024-12-17,09:00,65.27,65.48,65.17,65.47,1564
2024-12-17,10:00,65.46,65.47,65.11,65.13,1852
2024-12-17,11:00,65.12,65.47,64.98,65.27,2576
2024-12-17,12:00,65.28,65.85,65.26,65.33,2758
2024-12-17,13:00,65.29,65.39,65.16,65.25,1573
2024-12-17,14:00,65.27,65.43,64.05,64.28,3773
2024-12-17,15:00,64.27,64.81,64.22,64.24,3208
2024-12-17,16:00,64.23,64.76,64.17,64.66,3104
2024-12-18,07:00,64.4,64.9,64.27,64.43,1382
2024-12-18,08:00,64.45,64.96,64.15,64.39,2667
2024-12-18,09:00,64.36,65.09,64.28,65.02,3584
2024-12-18,10:00,65.02,65.06,64.68,64.89,1597
2024-12-18,11:00,64.9,65.47,64.72,65.42,2185
2024-12-18,12:00,65.41,65.63,65.25,65.4,2087
2024-12-18,13:00,65.39,65.75,65.38,65.44,1624
2024-12-18,14:00,65.43,65.63,65.04,65.14,2187
2024-12-18,15:00,65.11,65.2,64.71,64.86,2376
2024-12-18,16:00,64.84,64.95,64.76,64.84,2114
2024-12-19,07:00,65,65.64,64.8,65.27,1028
2024-12-19,08:00,65.29,65.31,64.78,65.16,1368
2024-12-19,09:00,65.17,65.47,64.9,65.32,1877
2024-12-19,10:00,65.35,65.64,65.1,65.51,2072
2024-12-19,11:00,65.53,67.05,65.49,66.98,3649
2024-12-19,12:00,66.99,67.58,66.97,67.4,3907
2024-12-19,13:00,67.4,67.85,67.06,67.31,2692
2024-12-19,14:00,67.35,67.87,67.03,67.7,1886
2024-12-19,15:00,67.74,68,67.3,67.45,2723
2024-12-19,16:00,67.43,67.95,67.36,67.84,2218
2024-12-20,07:00,67.85,68.7,67.85,68.38,1613
2024-12-20,08:00,68.38,68.41,67.82,67.95,1114
2024-12-20,09:00,67.91,68.14,67.73,68.04,1008
2024-12-20,10:00,68.02,68.32,67.86,68.12,1172
2024-12-20,11:00,68.15,68.35,67.69,67.87,890
2024-12-20,12:00,67.89,68.01,67.76,67.98,495
2024-12-20,13:00,67.97,68.05,67.62,67.95,945
2024-12-20,14:00,67.91,67.91,67.4,67.6,1028
2024-12-20,15:00,67.6,68.29,67.58,68.21,1811
2024-12-20,16:00,68.23,68.3,67.52,67.59,1800
2024-12-23,07:00,68,68.27,67.36,68.15,640
2024-12-23,08:00,68.18,68.36,67.77,68.15,781
2024-12-23,09:00,68.05,69.26,67.98,69.1,1781
2024-12-23,10:00,69.09,69.66,69.01,69.37,1355
2024-12-23,11:00,69.36,70.15,69.34,70.05,2522
2024-12-23,12:00,70.07,70.14,69.75,69.94,1844
2024-12-23,13:00,69.93,70.07,69.51,69.79,2006
2024-12-23,14:00,69.76,69.99,69.63,69.63,1190
2024-12-23,15:00,69.66,69.85,69.35,69.67,1308
2024-12-23,16:00,69.69,69.85,69.47,69.66,898
2024-12-24,07:00,69.66,70.05,69.52,70.05,658
2024-12-24,08:00,70.04,70.04,69.4,69.85,664
2024-12-24,09:00,69.85,69.95,69.49,69.51,800
2024-12-24,10:00,69.5,69.76,69.06,69.54,751
2024-12-24,11:00,69.53,69.68,69.25,69.42,698
2024-12-24,12:00,69.41,69.55,69.32,69.32,456
2024-12-24,13:00,69.35,69.62,69.28,69.47,242
2024-12-24,14:00,69.53,69.83,69.42,69.71,393
2024-12-24,15:00,69.68,69.85,69.64,69.76,207
2024-12-24,16:00,69.74,69.97,69.63,69.87,392
2024-12-27,07:00,69.75,70.94,69.61,70.85,1671
2024-12-27,08:00,70.85,70.88,70.1,70.2,1674
2024-12-27,09:00,70.22,70.92,70.13,70.76,1430
2024-12-27,10:00,70.8,71.02,70.66,70.8,1040
2024-12-27,11:00,70.8,70.87,70.5,70.52,424
2024-12-27,12:00,70.5,70.7,70.25,70.65,613
2024-12-27,13:00,70.63,71.15,70.54,70.83,1225
2024-12-27,14:00,70.83,71.45,70.83,71.34,1419
2024-12-27,15:00,71.38,71.64,70.78,71.36,1609
2024-12-27,16:00,71.44,71.8,71.42,71.71,1870
2024-12-30,07:00,71.65,71.82,70.4,70.61,1916
2024-12-30,08:00,70.62,71.21,70.61,71.1,1289
2024-12-30,09:00,71.1,71.52,71.07,71.26,1525
2024-12-30,10:00,71.28,71.35,71.1,71.24,1145
2024-12-30,11:00,71.24,71.4,71.16,71.32,1091
2024-12-30,12:00,71.35,71.5,71.2,71.32,763
2024-12-30,13:00,71.31,71.44,71.07,71.27,1179
2024-12-30,14:00,71.28,71.55,71.15,71.54,1605
2024-12-30,15:00,71.55,71.81,71.53,71.79,1744
2024-12-30,16:00,71.77,72.06,71.77,72.03,2337
2024-12-31,07:00,72.04,72.24,71.9,71.94,777
2024-12-31,08:00,71.96,72.6,71.94,72.52,1406
2024-12-31,09:00,72.57,73.35,72.57,73.24,2608
2024-12-31,10:00,73.24,73.45,72.98,73.35,1537
2024-12-31,11:00,73.36,73.62,72.92,72.94,2179
2024-12-31,12:00,72.97,73.25,72.47,73.03,1684
2024-12-31,13:00,73.04,73.5,72.93,73.22,1071
2024-12-31,14:00,73.28,73.59,73.22,73.42,715
2024-12-31,15:00,73.4,73.6,73.3,73.31,561
2024-12-31,16:00,73.29,73.55,73.1,73.49,533
2025-01-02,07:00,73.55,74.08,73.06,73.46,2090
2025-01-02,08:00,73.46,74,73.11,73.24,2383
2025-01-02,09:00,73.23,73.25,72,72.95,3379
2025-01-02,10:00,72.93,73.5,72.64,73.45,1557
2025-01-02,11:00,73.46,74,73.4,73.73,1480
2025-01-02,12:00,73.7,74.54,73.64,74.43,1900
2025-01-02,13:00,74.4,74.87,74.24,74.59,2250
2025-01-02,14:00,74.62,75,74.57,75,3180
2025-01-02,15:00,74.98,75.35,74.54,75.08,2570
2025-01-02,16:00,75.06,75.3,74.73,74.89,2019
2025-01-03,07:00,75.05,75.59,74.86,75.38,1186
2025-01-03,08:00,75.38,75.5,74.91,75.03,1876
2025-01-03,09:00,75.02,75.6,75,75.48,2172
2025-01-03,10:00,75.48,75.89,75.2,75.82,1913
2025-01-03,11:00,75.85,75.98,75.65,75.97,1798
2025-01-03,12:00,75.96,75.98,74.9,75.64,2628
2025-01-03,13:00,75.66,76.25,75.6,75.95,2120
2025-01-03,14:00,75.98,76.35,75.7,75.83,2083
2025-01-03,15:00,75.8,76.06,75.7,75.95,1404
2025-01-03,16:00,75.97,76.23,75.86,76.19,2684
2025-01-06,07:00,75.94,76.15,74.79,75.05,2027
2025-01-06,08:00,75.05,75.41,74.73,75.06,2153
2025-01-06,09:00,75.04,75.04,74.25,74.71,2731
2025-01-06,10:00,74.67,75.01,74.59,74.64,1565
2025-01-06,11:00,74.63,74.76,73.8,73.98,2281
2025-01-06,12:00,73.97,74.25,73.8,74.03,1769
2025-01-06,13:00,74.04,74.57,74,74.54,1489
2025-01-06,14:00,74.52,74.69,74.4,74.65,1790
2025-01-06,15:00,74.65,74.7,74.15,74.23,2776
2025-01-06,16:00,74.23,74.49,74.01,74.32,2151
2025-01-07,07:00,74.56,74.59,73.75,74.21,1722
2025-01-07,08:00,74.19,74.92,73.68,73.76,2481
2025-01-07,09:00,73.77,73.9,73.2,73.25,2859
2025-01-07,10:00,73.25,73.52,72.91,73.51,2105
2025-01-07,11:00,73.47,73.69,73.26,73.5,1103
2025-01-07,12:00,73.46,73.51,73.12,73.16,852
2025-01-07,13:00,73.14,73.59,73.11,73.16,1098
2025-01-07,14:00,73.17,73.78,73.16,73.73,1592
2025-01-07,15:00,73.73,74.38,73.52,74.25,2595
2025-01-07,16:00,74.25,74.48,73.8,74.18,2435
2025-01-08,07:00,74.62,74.62,73.56,73.78,1825
2025-01-08,08:00,73.76,74,73.36,73.36,1630
2025-01-08,09:00,73.37,73.6,73.15,73.24,2040
2025-01-08,10:00,73.22,73.6,72.96,73.4,2425
2025-01-08,11:00,73.37,73.4,72.07,72.37,3263
2025-01-08,12:00,72.39,72.58,72.07,72.1,2175
2025-01-08,13:00,72.08,72.45,71.91,72.45,2638
2025-01-08,14:00,72.45,72.96,72.45,72.56,2637
2025-01-08,15:00,72.6,72.78,72.22,72.27,1464
2025-01-08,16:00,72.33,72.47,72.08,72.34,2028
2025-01-09,07:00,71.95,72.53,71.92,72.25,1490
2025-01-09,08:00,72.24,72.5,71.8,71.85,2216
2025-01-09,09:00,71.86,72.33,71.81,72.06,1757
2025-01-09,10:00,72.08,72.14,71.55,71.88,2725
2025-01-09,11:00,71.89,72.61,71.74,72.41,2820
2025-01-09,12:00,72.46,72.85,72.31,72.6,1889
2025-01-09,13:00,72.62,73.1,72.56,72.61,3057
2025-01-09,14:00,72.62,72.68,72.26,72.48,1572
2025-01-09,15:00,72.46,73.71,72.42,73.62,3182
2025-01-09,16:00,73.64,73.7,73.32,73.48,2130
2025-01-10,07:00,73.39,73.48,72.8,73.05,1414
2025-01-10,08:00,73.06,73.18,72.68,72.96,1894
2025-01-10,09:00,72.96,73.19,72.33,72.57,2303
2025-01-10,10:00,72.62,73,72.6,72.91,1612
2025-01-10,11:00,72.91,73.5,72.8,73.42,2248
2025-01-10,12:00,73.4,73.5,73.23,73.47,1302
2025-01-10,13:00,73.46,74.25,73.35,74.05,2973
2025-01-10,14:00,74.07,74.75,73.79,74.6,2559
2025-01-10,15:00,74.63,75.18,74.38,74.9,3827
2025-01-10,16:00,74.92,74.95,74.75,74.79,2028
2025-01-13,07:00,75.4,76.3,75.4,75.57,3463
2025-01-13,08:00,75.57,76.96,75.57,76.89,4351
2025-01-13,09:00,76.86,76.9,76.35,76.59,3106
2025-01-13,10:00,76.52,76.72,76.28,76.5,1634
2025-01-13,11:00,76.5,76.86,76.25,76.37,1585
2025-01-13,12:00,76.35,76.5,76.11,76.5,1444
2025-01-13,13:00,76.46,76.46,76,76.15,1578
2025-01-13,14:00,76.16,76.87,76,76.81,2157
2025-01-13,15:00,76.81,77.23,76.33,77.06,3302
2025-01-13,16:00,77.04,77.19,76.75,76.85,2410
2025-01-14,07:00,76.75,77.25,76.62,76.75,1696
2025-01-14,08:00,76.72,77.15,76.18,76.24,2370
2025-01-14,09:00,76.25,76.75,76.25,76.72,1835
2025-01-14,10:00,76.73,76.98,76.59,76.87,1726
2025-01-14,11:00,76.89,77.25,76.39,76.63,1812
2025-01-14,12:00,76.58,76.99,76.41,76.41,1245
2025-01-14,13:00,76.43,76.63,76,76.05,2069
2025-01-14,14:00,76.05,76.28,75.75,76.25,2476
2025-01-14,15:00,76.28,76.88,76.17,76.83,1698
2025-01-14,16:00,76.82,77.25,76.81,77.17,2854
2025-01-15,07:00,77.25,78.35,77.2,78.01,3054
2025-01-15,08:00,78.02,78.3,77.51,78.16,3243
2025-01-15,09:00,78.17,78.39,77.8,78.1,2607
2025-01-15,10:00,78.1,78.35,77.9,78.22,1539
2025-01-15,11:00,78.24,78.95,78.18,78.5,2968
2025-01-15,12:00,78.5,78.56,78.01,78.47,1849
2025-01-15,13:00,78.47,78.82,78.32,78.75,1578
2025-01-15,14:00,78.73,78.85,77.85,77.92,4331
2025-01-15,15:00,77.91,78.01,77.3,77.64,2950
2025-01-15,16:00,77.65,78.49,77.46,78.45,3448
2025-01-16,07:00,78,78,77.25,77.73,2492
2025-01-16,08:00,77.73,78.1,77.45,77.73,2244
2025-01-16,09:00,77.73,78.26,77.73,77.87,2651
2025-01-16,10:00,77.86,78.75,77.86,78.25,3056
2025-01-16,11:00,78.24,78.36,77.38,77.63,2018
2025-01-16,12:00,77.62,78.25,77.5,77.63,1736
2025-01-16,13:00,77.62,78.1,77.57,77.78,1637
2025-01-16,14:00,77.77,78.02,77.55,77.56,1351
2025-01-16,15:00,77.56,78.47,77.45,78.36,2200
2025-01-16,16:00,78.34,78.46,77.83,78.24,1942
2025-01-17,07:00,78.18,78.25,77.8,78.11,945
2025-01-17,08:00,78.14,79.25,78,79.05,3905
2025-01-17,09:00,79.07,79.76,79.04,79.68,3546
2025-01-17,10:00,79.69,79.85,79.33,79.6,2334
2025-01-17,11:00,79.58,80.23,79.54,80.07,2894
2025-01-17,12:00,80.03,80.4,79.91,80.23,2210
2025-01-17,13:00,80.23,80.5,79.64,80.23,4616
2025-01-17,14:00,80.23,80.26,79.07,79.41,4358
2025-01-17,15:00,79.38,79.66,79,79.11,1759
2025-01-17,16:00,79.11,79.75,79.1,79.75,2075
2025-01-20,07:00,79,79.46,78.64,78.98,1906
2025-01-20,08:00,78.98,79.18,78.71,78.8,1735
2025-01-20,09:00,78.81,79.06,78.54,78.75,2078
2025-01-20,10:00,78.73,78.85,78.45,78.73,2046
2025-01-20,11:00,78.72,79.4,78.53,79.31,2133
2025-01-20,12:00,79.32,80.5,79.25,79.97,4043
2025-01-20,13:00,79.97,80.22,79.25,79.66,2846
2025-01-20,14:00,79.66,80.2,79.41,79.97,1904
2025-01-20,15:00,79.97,80.24,79.61,79.73,1495
2025-01-20,16:00,79.71,80.11,79.71,80.04,1911
2025-01-21,07:00,80.11,80.25,79.77,80.14,1154
2025-01-21,08:00,80.15,80.42,79.33,79.65,3435
2025-01-21,09:00,79.67,79.82,79.39,79.56,2154
2025-01-21,10:00,79.56,79.71,78.89,78.95,2505
2025-01-21,11:00,78.93,79.18,78.52,78.71,2046
2025-01-21,12:00,78.7,78.93,77.9,78.23,3287
2025-01-21,13:00,78.25,78.83,78.15,78.6,2156
2025-01-21,14:00,78.6,79.77,78.36,79.52,3422
2025-01-21,15:00,79.45,79.97,79.23,79.93,2774
2025-01-21,16:00,79.95,80.37,79.74,79.84,3552
2025-01-22,07:00,79.81,79.94,79.28,79.79,2282
2025-01-22,08:00,79.8,79.95,78.8,79,3301
2025-01-22,09:00,78.97,79.1,78.72,79.03,1882
2025-01-22,10:00,79.02,79.42,78.75,79.13,2235
2025-01-22,11:00,79.14,79.43,79.03,79.2,1069
2025-01-22,12:00,79.25,79.66,79.03,79.36,1466
2025-01-22,13:00,79.4,79.45,78.53,78.73,3017
2025-01-22,14:00,78.71,79.16,78.56,78.65,2157
2025-01-22,15:00,78.6,79.12,78.48,78.74,1660
2025-01-22,16:00,78.7,79.21,78.51,79.2,2147
2025-01-23,07:00,79.22,81.07,78.98,80.68,4215
2025-01-23,08:00,80.7,81.7,80.6,81.6,5848
2025-01-23,09:00,81.59,81.76,81.18,81.36,3308
2025-01-23,10:00,81.36,81.73,81.03,81.64,2566
2025-01-23,11:00,81.64,81.73,81.08,81.71,1963
2025-01-23,12:00,81.72,82,80.8,81.11,3890
2025-01-23,13:00,81.1,81.38,80.8,80.98,2229
2025-01-23,14:00,81.05,81.42,80.75,81.24,1946
2025-01-23,15:00,81.26,81.28,80.65,80.93,2067
2025-01-23,16:00,80.93,81.03,80.64,80.84,2861
2025-01-24,07:00,81.11,81.32,80.7,80.83,1591
2025-01-24,08:00,80.85,81.73,80.7,81.2,2456
2025-01-24,09:00,81.18,81.18,80.5,80.6,2159
2025-01-24,10:00,80.6,81.11,80.6,80.86,1027
2025-01-24,11:00,80.88,81.21,80.87,80.94,673
2025-01-24,12:00,80.95,81.09,80.62,80.7,1294
2025-01-24,13:00,80.69,80.77,79.88,80.37,3450
2025-01-24,14:00,80.4,81.2,80.38,80.97,2008
2025-01-24,15:00,80.96,81.63,80.71,81.5,2439
2025-01-24,16:00,81.47,81.73,81.37,81.7,2474
2025-01-27,07:00,81.07,81.39,80.53,81.18,1902
2025-01-27,08:00,81.17,81.58,80.31,80.32,2831
2025-01-27,09:00,80.32,80.65,79.8,79.93,3167
2025-01-27,10:00,79.93,80.37,79.92,79.98,1861
2025-01-27,11:00,80,80.07,79.25,79.42,2906
2025-01-27,12:00,79.42,79.83,79.37,79.73,1812
2025-01-27,13:00,79.74,79.83,79.33,79.51,1802
2025-01-27,14:00,79.54,79.95,79.45,79.75,1723
2025-01-27,15:00,79.73,79.76,79.37,79.4,1970
2025-01-27,16:00,79.38,79.47,79,79.25,4009
2025-01-28,07:00,79.55,79.59,78.3,78.97,3016
2025-01-28,08:00,79,79.53,78.98,79.23,2192
2025-01-28,09:00,79.27,79.46,78.68,78.9,2661
2025-01-28,10:00,78.93,79.85,78.81,79.72,3170
2025-01-28,11:00,79.75,79.76,79.2,79.71,1426
2025-01-28,12:00,79.7,79.7,79.15,79.24,1351
2025-01-28,13:00,79.24,79.55,79.13,79.23,1227
2025-01-28,14:00,79.21,79.85,79.16,79.54,1585
2025-01-28,15:00,79.53,80.8,79.22,80.28,4008
2025-01-28,16:00,80.28,80.6,80.12,80.4,3558
2025-01-29,07:00,80.8,81.89,80.8,81.43,2457
2025-01-29,08:00,81.43,81.59,80.93,81.22,2817
2025-01-29,09:00,81.23,81.43,81.08,81.4,1840
2025-01-29,10:00,81.38,81.69,81.17,81.51,1356
2025-01-29,11:00,81.51,81.85,81.51,81.62,930
2025-01-29,12:00,81.62,83.4,81.6,83.3,6346
2025-01-29,13:00,83.31,83.32,82.74,82.74,4333
2025-01-29,14:00,82.75,83.05,82.39,83,2828
2025-01-29,15:00,83,83.35,82.68,83.05,2105
2025-01-29,16:00,83,83.8,82.85,83.65,2497
2025-01-30,07:00,83.5,83.5,82.28,82.33,1950
2025-01-30,08:00,82.33,82.8,82.25,82.32,1939
2025-01-30,09:00,82.3,84.02,82.25,83.87,3613
2025-01-30,10:00,83.87,84.5,83.65,83.73,3699
2025-01-30,11:00,83.75,83.76,83.26,83.47,1242
2025-01-30,12:00,83.43,83.87,82.84,83.25,2588
2025-01-30,13:00,83.28,83.6,83.05,83.36,1629
2025-01-30,14:00,83.36,83.7,83.05,83.17,1909
2025-01-30,15:00,83.19,83.22,82.48,82.54,2539
2025-01-30,16:00,82.53,82.81,82.46,82.6,1918
2025-01-31,07:00,82.9,83.5,82.67,83.4,1410
2025-01-31,08:00,83.48,83.92,82.95,83.2,2029
2025-01-31,09:00,83.2,83.25,82.8,83.1,1680
2025-01-31,10:00,83.1,83.68,82.97,83,2621
2025-01-31,11:00,82.97,83.47,82.93,83.44,1416
2025-01-31,12:00,83.46,83.47,82.97,83.08,1375
2025-01-31,13:00,83.09,83.85,83.05,83.73,2082
2025-01-31,14:00,83.74,84.43,83.72,84.11,2888
2025-01-31,15:00,84.12,84.44,83.55,83.75,2096
2025-01-31,16:00,83.74,84.05,83.65,83.82,2617
2025-02-03,07:00,84.01,84.22,82.35,82.49,3937
2025-02-03,08:00,82.49,82.85,81.95,82.46,3049
2025-02-03,09:00,82.46,83.02,82.39,82.54,2495
2025-02-03,10:00,82.53,83.15,82.39,83.03,1823
2025-02-03,11:00,83.03,83.14,82.23,82.25,1744
2025-02-03,12:00,82.27,82.39,81.21,81.28,4981
2025-02-03,13:00,81.28,81.31,80.61,81.14,4059
2025-02-03,14:00,81.1,81.3,80.51,80.71,2352
2025-02-03,15:00,80.7,81.14,80.1,80.65,4925
2025-02-03,16:00,80.6,81.38,80.6,81.35,2965
2025-02-04,07:00,81.1,81.14,80.25,80.53,2298
2025-02-04,08:00,80.56,80.8,79.67,80.56,2581
2025-02-04,09:00,80.59,81.28,80.5,81.02,2711
2025-02-04,10:00,81.04,81.28,79.48,79.5,3988
2025-02-04,11:00,79.53,80.86,79.53,80.7,2281
2025-02-04,12:00,80.69,81.33,80.45,81.22,3017
2025-02-04,13:00,81.24,81.6,80.85,81.6,1953
2025-02-04,14:00,81.61,81.9,81.48,81.59,1859
2025-02-04,15:00,81.6,81.78,80.83,80.96,2147
2025-02-04,16:00,80.98,81.04,80.26,80.79,2884
2025-02-05,07:00,81,81.44,80.45,81.17,1029
2025-02-05,08:00,81.2,81.64,80.82,80.9,1800
2025-02-05,09:00,80.86,80.9,79.78,79.93,2878
2025-02-05,10:00,79.89,80.69,79.77,80.65,2171
2025-02-05,11:00,80.67,80.69,80.11,80.19,1132
2025-02-05,12:00,80.2,80.81,80.18,80.77,1274
2025-02-05,13:00,80.78,81.6,80.77,81.48,2584
2025-02-05,14:00,81.46,82.66,81.46,82.38,4610
2025-02-05,15:00,82.36,82.55,81.13,81.13,3519
2025-02-05,16:00,81.14,81.32,80.9,81,2483
2025-02-06,07:00,81.05,81.45,80.94,81,1086
2025-02-06,08:00,81.01,81.9,81.01,81.67,2182
2025-02-06,09:00,81.67,82.24,81.65,82.02,2509
2025-02-06,10:00,82,82.12,81.56,81.63,2434
2025-02-06,11:00,81.62,82.69,81.53,82.44,3965
2025-02-06,12:00,82.46,82.48,82.04,82.28,1358
2025-02-06,13:00,82.24,83,82.13,82.35,2435
2025-02-06,14:00,82.39,82.85,81.72,81.94,2455
2025-02-06,15:00,81.91,82.11,81.26,82.06,3719
2025-02-06,16:00,82.07,82.08,81.61,81.82,2069
2025-02-07,07:00,81.64,81.82,81.11,81.16,1351
2025-02-07,08:00,81.15,82.36,81.11,82.15,2599
2025-02-07,09:00,82.16,82.65,82.08,82.41,2107
2025-02-07,10:00,82.44,82.65,81.94,82.12,1792
2025-02-07,11:00,82.15,82.27,81.5,81.82,1715
2025-02-07,12:00,81.8,82.31,81.67,82.3,1626
2025-02-07,13:00,82.3,82.3,81.64,82.27,1683
2025-02-07,14:00,82.27,82.27,81.92,82.19,1210
2025-02-07,15:00,82.2,82.4,82.02,82.21,1666
2025-02-07,16:00,82.23,82.46,82.17,82.36,1878
2025-02-10,07:00,82.7,83.68,82.7,83.5,2574
2025-02-10,08:00,83.49,84.25,83.39,83.87,3360
2025-02-10,09:00,83.87,84.01,83.21,83.41,2310
2025-02-10,10:00,83.45,83.9,83.3,83.7,1508
2025-02-10,11:00,83.65,83.81,83.24,83.36,1802
2025-02-10,12:00,83.32,83.7,83.3,83.41,1470
2025-02-10,13:00,83.45,83.68,83.21,83.37,2716
2025-02-10,14:00,83.35,83.43,82.95,83.35,1859
2025-02-10,15:00,83.37,83.5,82.95,83.05,1712
2025-02-10,16:00,83.01,83.16,82.81,82.95,2246
2025-02-11,07:00,82.8,83,81.62,82.11,2415
2025-02-11,08:00,82.1,82.45,81.85,82.03,2202
2025-02-11,09:00,82.06,82.43,81.91,82.34,1152
2025-02-11,10:00,82.34,82.9,81.99,82.68,2474
2025-02-11,11:00,82.68,83,82.5,82.94,1214
2025-02-11,12:00,82.97,84.17,82.95,83.77,4800
2025-02-11,13:00,83.77,83.87,83.4,83.44,1878
2025-02-11,14:00,83.39,83.42,82.31,82.75,4034
2025-02-11,15:00,82.75,82.99,82.28,82.57,2094
2025-02-11,16:00,82.57,82.75,81.95,81.95,2862
2025-02-12,07:00,81.6,82.12,81.06,81.76,2182
2025-02-12,08:00,81.77,82.03,81.39,81.63,2442
2025-02-12,09:00,81.63,81.67,80.9,80.95,3856
2025-02-12,10:00,80.93,81.91,80.85,81.77,2541
2025-02-12,11:00,81.78,81.85,80.88,80.9,2411
2025-02-12,12:00,80.91,81.34,80.55,81.07,2653
2025-02-12,13:00,81.06,81.57,80.91,81.4,2301
2025-02-12,14:00,81.4,81.4,80.5,80.81,1996
2025-02-12,15:00,80.81,80.84,80.05,80.19,4540
2025-02-12,16:00,80.21,81,80.17,80.94,3650
2025-02-13,07:00,80.25,80.49,79.2,79.44,3663
2025-02-13,08:00,79.48,79.48,78.4,78.7,4676
2025-02-13,09:00,78.68,79,78.51,78.87,2392
2025-02-13,10:00,78.85,79.24,78.61,78.93,2966
2025-02-13,11:00,78.91,79,78.48,78.65,2607
2025-02-13,12:00,78.64,78.69,77.79,78.08,6740
2025-02-13,13:00,78.08,78.78,77.95,78.74,3186
2025-02-13,14:00,78.74,79.06,78.18,78.62,4045
2025-02-13,15:00,78.61,79.05,78.22,78.48,2721
2025-02-13,16:00,78.47,78.55,77.92,78.06,4185
2025-02-14,07:00,77.69,77.84,77.25,77.55,3118
2025-02-14,08:00,77.62,78.15,77.5,77.91,2928
2025-02-14,09:00,77.9,78.38,77.48,77.63,3551
2025-02-14,10:00,77.61,78.28,77.31,78.11,3207
2025-02-14,11:00,78.16,78.98,78.03,78.65,2810
2025-02-14,12:00,78.66,79.13,78.59,79.07,2202
2025-02-14,13:00,79.04,79.29,78.49,78.8,2164
2025-02-14,14:00,78.8,79.79,78.5,79.68,2798
2025-02-14,15:00,79.7,79.88,79.07,79.86,3104
2025-02-14,16:00,79.82,79.93,79.48,79.9,2353
2025-02-17,07:00,79.88,79.88,78.71,79.2,1826
2025-02-17,08:00,79.2,79.4,78.72,79.35,2496
2025-02-17,09:00,79.35,79.48,78.95,79.01,2117
2025-02-17,10:00,78.98,79.09,78.7,78.97,1530
2025-02-17,11:00,78.97,79.07,78.6,79.05,1163
2025-02-17,12:00,79.08,79.1,78.13,78.15,1902
2025-02-17,13:00,78.15,78.22,77.69,77.96,2385
2025-02-17,14:00,77.95,78.23,77.67,77.71,1824
2025-02-17,15:00,77.71,77.87,77.03,77.15,3485
2025-02-17,16:00,77.16,77.35,76.8,76.89,3365
2025-02-18,07:00,76.73,77.4,76.67,77.03,2831
2025-02-18,08:00,77.03,77.28,76.39,76.9,3791
2025-02-18,09:00,76.9,77.1,76.58,76.63,2502
2025-02-18,10:00,76.62,76.62,76.02,76.17,3920
2025-02-18,11:00,76.17,76.2,75.71,75.77,3025
2025-02-18,12:00,75.78,76.64,75.33,75.46,6400
2025-02-18,13:00,75.46,75.52,74.63,75.05,6111
2025-02-18,14:00,75.05,75.37,74.8,75.25,3063
2025-02-18,15:00,75.26,75.6,75,75.55,2985
2025-02-18,16:00,75.53,75.85,75.11,75.71,4052
2025-02-19,07:00,75.48,76.26,75.45,75.91,2052
2025-02-19,08:00,75.93,75.94,74.35,75.13,4221
2025-02-19,09:00,75.16,75.23,74.35,74.69,2736
2025-02-19,10:00,74.7,75.01,74.49,74.53,2157
2025-02-19,11:00,74.55,75.01,74.32,75,1745
2025-02-19,12:00,75.01,75.09,74.75,74.85,1695
2025-02-19,13:00,74.84,75.59,74.78,75.36,2339
2025-02-19,14:00,75.38,75.39,74.48,74.8,2585
2025-02-19,15:00,74.81,74.9,74.05,74.2,3833
2025-02-19,16:00,74.19,74.28,73.53,73.61,4020
2025-02-20,07:00,73.85,73.97,73.05,73.29,2621
2025-02-20,08:00,73.25,73.45,72.58,72.97,3780
2025-02-20,09:00,72.96,73.31,72.74,73.05,3217
2025-02-20,10:00,73.04,73.05,72.28,72.38,3337
2025-02-20,11:00,72.37,73.11,72.26,72.89,2498
2025-02-20,12:00,72.89,73.25,72.56,72.75,2096
2025-02-20,13:00,72.72,72.95,72.37,72.73,2474
2025-02-20,14:00,72.72,73.15,72.55,72.75,2777
2025-02-20,15:00,72.74,73.45,72.73,72.73,3584
2025-02-20,16:00,72.73,72.78,72.35,72.47,4111
2025-02-21,07:00,72.6,73.23,72.41,72.89,1464
2025-02-21,08:00,72.9,73.96,72.8,73.79,3708
2025-02-21,09:00,73.84,74.9,73.78,74.74,3801
2025-02-21,10:00,74.73,74.89,74.23,74.45,2122
2025-02-21,11:00,74.45,74.52,74.01,74.24,1792
2025-02-21,12:00,74.25,74.65,74.08,74.55,1687
2025-02-21,13:00,74.54,74.61,73.83,74.01,2465
2025-02-21,14:00,74.01,74.18,73.67,73.91,1932
2025-02-21,15:00,73.91,74.59,73.5,73.96,3868
2025-02-21,16:00,73.88,74.11,73.68,73.72,2741
2025-02-24,07:00,74.62,74.99,73.5,73.62,2896
2025-02-24,08:00,73.63,73.83,73.12,73.63,3395
2025-02-24,09:00,73.61,73.66,72.51,72.64,2898
2025-02-24,10:00,72.64,72.84,72.35,72.44,2628
2025-02-24,11:00,72.42,72.55,72.17,72.54,2237
2025-02-24,12:00,72.53,72.92,72.16,72.67,2252
2025-02-24,13:00,72.68,72.98,72.57,72.91,1686
2025-02-24,14:00,72.89,73.23,72.7,72.96,2302
2025-02-24,15:00,72.96,73.8,72.69,73.75,2699
2025-02-24,16:00,73.74,73.9,73.51,73.87,2645
2025-02-25,07:00,73.76,74,73.08,73.23,1530
2025-02-25,08:00,73.22,73.58,73.04,73.24,1515
2025-02-25,09:00,73.27,73.32,72.53,72.79,2789
2025-02-25,10:00,72.78,73.48,72.71,73.35,2158
2025-02-25,11:00,73.35,73.4,72.87,72.97,1477
2025-02-25,12:00,72.97,73.14,72.82,73,1001
2025-02-25,13:00,73,73.25,72.89,73.17,1548
2025-02-25,14:00,73.17,73.35,72.44,72.46,2315
2025-02-25,15:00,72.45,72.76,71.15,71.39,6085
2025-02-25,16:00,71.37,71.89,71.34,71.78,3679
2025-02-26,07:00,71.78,72.41,71.35,72.12,2396
2025-02-26,08:00,72.16,72.58,71.93,72.48,2430
2025-02-26,09:00,72.42,72.47,71.76,72,2782
2025-02-26,10:00,72,72.09,71.08,71.75,4192
2025-02-26,11:00,71.76,72.09,71.49,71.96,2433
2025-02-26,12:00,71.95,72.3,71.8,71.92,1780
2025-02-26,13:00,71.92,72.21,71.87,71.95,1522
2025-02-26,14:00,71.95,72.03,71.5,71.71,2007
2025-02-26,15:00,71.71,71.75,70.91,71,4286
2025-02-26,16:00,70.97,71.56,70.69,71.33,3743
2025-02-27,07:00,71,72.09,71,71.93,2367
2025-02-27,08:00,71.89,71.89,71.07,71.58,3100
2025-02-27,09:00,71.56,71.95,71.46,71.47,2883
2025-02-27,10:00,71.47,73.53,71.47,72.8,5921
2025-02-27,11:00,72.8,73.39,72.77,73,2029
2025-02-27,12:00,73.02,73.18,72.25,72.45,2105
2025-02-27,13:00,72.47,72.99,72.24,72.28,1714
2025-02-27,14:00,72.26,72.68,72.23,72.34,1518
2025-02-27,15:00,72.32,73.28,72.25,72.73,3587
2025-02-27,16:00,72.71,73.11,72.62,73.02,2800
2025-02-28,07:00,72.9,73.69,72.9,73.2,2425
2025-02-28,08:00,73.15,73.18,72.38,72.52,2743
2025-02-28,09:00,72.52,72.65,71.65,72.1,2593
2025-02-28,10:00,72.1,72.55,71.82,72.28,2148
2025-02-28,11:00,72.27,72.56,72.09,72.46,949
2025-02-28,12:00,72.44,72.84,71.65,71.74,2135
2025-02-28,13:00,71.78,71.86,71.36,71.45,2265
2025-02-28,14:00,71.44,71.61,70.98,71.08,2472
2025-02-28,15:00,71.09,71.25,70.79,70.88,2325
2025-02-28,16:00,70.88,71.2,70.76,71.15,2756
2025-03-03,07:00,71.8,72.87,71.33,71.63,3911
2025-03-03,08:00,71.61,72.74,71.58,72.15,3859
2025-03-03,09:00,72.16,72.3,71.75,71.78,2325
2025-03-03,10:00,71.75,72.74,71.75,72.42,2449
2025-03-03,11:00,72.42,72.64,72.2,72.23,1261
2025-03-03,12:00,72.23,72.75,71.9,72.45,1935
2025-03-03,13:00,72.5,72.6,71.97,72.02,1448
2025-03-03,14:00,72.01,72.01,71.35,71.49,2441
2025-03-03,15:00,71.49,71.79,71.28,71.79,1528
2025-03-03,16:00,71.78,71.82,71.4,71.6,1695
2025-03-04,07:00,71.4,71.66,69.5,69.55,5656
2025-03-04,08:00,69.55,69.75,69.18,69.53,5256
2025-03-04,09:00,69.53,69.83,69.42,69.78,2831
2025-03-04,10:00,69.76,69.76,69.16,69.24,2876
2025-03-04,11:00,69.24,69.37,68.8,68.86,3993
2025-03-04,12:00,68.88,68.9,68.15,68.3,4492
2025-03-04,13:00,68.31,68.4,67.82,68.12,4619
2025-03-04,14:00,68.11,68.32,67.75,67.76,3543
2025-03-04,15:00,67.77,68.69,67.7,68.56,3826
2025-03-04,16:00,68.55,68.77,68.28,68.5,2882
2025-03-05,07:00,68.21,69.29,68.1,69.1,2651
2025-03-05,08:00,69.13,69.27,68.13,68.31,3611
2025-03-05,09:00,68.29,69.55,68.29,69.03,3936
2025-03-05,10:00,69.01,69.48,68.6,68.71,3078
2025-03-05,11:00,68.69,68.77,68.2,68.55,1835
2025-03-05,12:00,68.56,69.05,68.33,68.8,2266
2025-03-05,13:00,68.81,68.92,68.15,68.34,2111
2025-03-05,14:00,68.36,69,68.28,68.94,2568
2025-03-05,15:00,68.95,69.25,68.5,68.56,3659
2025-03-05,16:00,68.52,69,68.07,68.29,3396
2025-03-06,07:00,68.26,69.12,68.24,68.75,1888
2025-03-06,08:00,68.67,68.81,68.35,68.47,2648
2025-03-06,09:00,68.48,68.71,68.2,68.21,2220
2025-03-06,10:00,68.2,68.29,67.35,67.5,4802
2025-03-06,11:00,67.51,67.53,67.18,67.28,3298
2025-03-06,12:00,67.26,67.8,67.26,67.57,2208
2025-03-06,13:00,67.55,67.88,67.25,67.32,2562
2025-03-06,14:00,67.32,67.64,66.87,67.17,4487
2025-03-06,15:00,67.17,67.49,67.02,67.38,3275
2025-03-06,16:00,67.4,67.48,66.84,67.14,4557
2025-03-07,07:00,67.3,67.3,66.82,67.22,1978
2025-03-07,08:00,67.24,67.46,66.78,67.43,3758
2025-03-07,09:00,67.43,69.25,67.25,69.07,6511
2025-03-07,10:00,69.06,69.25,68.51,68.62,2832
2025-03-07,11:00,68.62,68.96,68.47,68.51,1499
2025-03-07,12:00,68.51,68.7,68.25,68.66,1822
2025-03-07,13:00,68.67,68.71,68.12,68.26,2010
2025-03-07,14:00,68.25,69.25,67.93,68.62,4958
2025-03-07,15:00,68.59,69.45,68.03,68.45,4880
2025-03-07,16:00,68.5,68.73,68.05,68.2,2736
2025-03-10,07:00,68.45,68.91,68.03,68.75,1592
2025-03-10,08:00,68.75,68.75,67.65,68.69,3263
2025-03-10,09:00,68.73,70.25,68.55,69.9,4909
2025-03-10,10:00,69.9,70.28,69.59,69.9,2885
2025-03-10,11:00,69.88,70.06,69.51,69.74,1946
2025-03-10,12:00,69.75,69.91,68.8,69.05,3151
2025-03-10,13:00,69.05,69.45,68.93,68.98,2321
2025-03-10,14:00,68.96,69.36,68.45,68.48,2939
2025-03-10,15:00,68.48,68.98,68.42,68.86,2204
2025-03-10,16:00,68.89,69.16,68.83,68.97,2033
2025-03-11,07:00,68.76,69.7,68.61,69.57,1997
2025-03-11,08:00,69.56,69.71,68.89,68.9,2421
2025-03-11,09:00,68.89,69.1,68.61,68.68,2341
2025-03-11,10:00,68.64,68.73,67.85,67.89,3616
2025-03-11,11:00,67.87,68.06,67.42,67.71,2896
2025-03-11,12:00,67.7,68.25,67.58,67.64,2271
2025-03-11,13:00,67.64,68.19,67.53,68.06,1892
2025-03-11,14:00,68.09,68.31,67.78,67.86,2091
2025-03-11,15:00,67.87,68.26,67.59,68.15,1772
2025-03-11,16:00,68.15,68.66,68.08,68.29,3316
2025-03-12,07:00,67.69,68.36,67.48,68.31,2112
2025-03-12,08:00,68.25,68.38,67.66,68.02,2450
2025-03-12,09:00,68,68.14,67.62,67.79,1650
2025-03-12,10:00,67.77,67.95,67.3,67.34,2870
2025-03-12,11:00,67.36,67.59,67.3,67.35,1569
2025-03-12,12:00,67.35,67.81,67.27,67.8,1789
2025-03-12,13:00,67.8,67.97,67.53,67.86,1899
2025-03-12,14:00,67.86,68.31,67.82,68.23,1840
2025-03-12,15:00,68.23,69.7,68.05,69.52,4858
2025-03-12,16:00,69.54,69.81,69.05,69.06,3252
2025-03-13,07:00,69.36,69.71,68.66,68.97,2022
2025-03-13,08:00,69,69.63,68.54,69.63,2725
2025-03-13,09:00,69.63,69.94,69.29,69.61,2832
2025-03-13,10:00,69.61,71.53,69.55,71.49,5960
2025-03-13,11:00,71.49,71.55,70.79,70.91,2754
2025-03-13,12:00,70.94,70.94,70.41,70.56,1963
2025-03-13,13:00,70.6,71.4,70.44,71.15,2418
2025-03-13,14:00,71.18,71.82,71.18,71.56,3359
2025-03-13,15:00,71.58,71.61,70.25,70.5,3997
2025-03-13,16:00,70.52,70.89,69.89,70.26,4047
2025-03-14,07:00,70.42,70.8,70.01,70.23,1945
2025-03-14,08:00,70.25,70.25,69.37,69.72,2776
2025-03-14,09:00,69.74,70.44,69.45,70.32,2235
2025-03-14,10:00,70.32,70.38,69.78,70.02,1688
2025-03-14,11:00,70,71.75,69.97,71.6,3829
2025-03-14,12:00,71.63,71.65,71.13,71.3,1491
2025-03-14,13:00,71.26,71.44,70.45,70.65,2524
2025-03-14,14:00,70.65,71.09,70.35,70.36,1710
2025-03-14,15:00,70.35,71.11,70.29,71.06,1389
2025-03-14,16:00,71.07,71.14,70.7,70.89,1416
2025-03-17,07:00,70.37,70.99,70.17,70.64,1245
2025-03-17,08:00,70.62,70.74,69.92,70.41,1822
2025-03-17,09:00,70.41,70.46,70.08,70.15,1737
2025-03-17,10:00,70.11,70.62,70.03,70.22,1648
2025-03-17,11:00,70.22,70.31,69.87,69.87,1542
2025-03-17,12:00,69.87,70.13,69.59,69.89,2345
2025-03-17,13:00,69.94,70.44,69.89,70.23,2043
2025-03-17,14:00,70.24,70.47,70.02,70.05,1247
2025-03-17,15:00,70.04,70.25,69.89,70.05,1170
2025-03-17,16:00,70.04,70.44,69.98,70.18,1462
2025-03-18,07:00,70.17,70.67,70.04,70.16,1290
2025-03-18,08:00,70.16,70.33,69.85,69.97,2127
2025-03-18,09:00,69.97,70.12,69.82,70.08,1634
2025-03-18,10:00,70.09,70.69,70.09,70.38,2697
2025-03-18,11:00,70.36,70.47,70.09,70.19,1113
2025-03-18,12:00,70.21,70.25,69.93,70.17,1746
2025-03-18,13:00,70.17,70.65,70.01,70.53,1994
2025-03-18,14:00,70.51,71.37,70.48,71.35,2848
2025-03-18,15:00,71.35,71.75,71.09,71.28,4212
2025-03-18,16:00,71.26,71.38,70.39,71.13,3761
2025-03-19,07:00,71.5,72.85,71.5,72.32,3791
2025-03-19,08:00,72.29,72.73,72.06,72.32,2417
2025-03-19,09:00,72.34,73.01,72.32,72.95,2557
2025-03-19,10:00,72.95,73.34,72.7,72.94,3169
2025-03-19,11:00,72.96,73.04,72.7,72.8,1092
2025-03-19,12:00,72.83,73.6,72.68,73.42,2623
2025-03-19,13:00,73.42,74.09,73.34,73.52,3565
2025-03-19,14:00,73.52,73.99,73.35,73.6,2120
2025-03-19,15:00,73.58,74.2,73.5,73.53,2802
2025-03-19,16:00,73.53,74.23,73.35,74.01,2638
2025-03-20,07:00,73.73,74.19,73.51,73.88,2057
2025-03-20,08:00,73.89,74,73,73.09,2794
2025-03-20,09:00,73.1,73.62,73.05,73.5,1740
2025-03-20,10:00,73.47,73.47,72.88,72.97,2927
2025-03-20,11:00,72.97,73.62,72.95,73.55,1989
2025-03-20,12:00,73.56,73.57,73.03,73.37,1376
2025-03-20,13:00,73.36,73.74,73.17,73.48,1758
2025-03-20,14:00,73.5,73.92,73.4,73.52,1908
2025-03-20,15:00,73.51,73.57,72.8,72.89,2170
2025-03-20,16:00,72.88,73.1,72.85,72.96,1917
2025-03-21,07:00,74,74.16,73.58,73.72,3411
2025-03-21,08:00,73.74,73.98,73.11,73.34,2081
2025-03-21,09:00,73.35,73.42,73.05,73.1,1743
2025-03-21,10:00,73.07,73.47,73.06,73.26,1157
2025-03-21,11:00,73.25,73.41,72.78,72.8,1545
2025-03-21,12:00,72.8,72.89,72.05,72.19,2917
2025-03-21,13:00,72.19,72.33,71.98,72.2,1400
2025-03-21,14:00,72.18,72.5,71.75,71.81,2074
2025-03-21,15:00,71.84,72.07,71.24,71.37,2910
2025-03-21,16:00,71.35,71.55,71.23,71.27,2713
2025-03-24,07:00,71.3,71.92,70.99,71.5,1995
2025-03-24,08:00,71.5,71.94,70.96,71.07,2673
2025-03-24,09:00,71.1,71.55,71.02,71.29,1927
2025-03-24,10:00,71.32,71.79,70.82,70.91,2683
2025-03-24,11:00,70.91,71.13,70.75,71.1,1430
2025-03-24,12:00,71.12,71.34,70.96,71.33,1418
2025-03-24,13:00,71.31,71.6,71.15,71.25,1900
2025-03-24,14:00,71.22,71.42,70.89,71.01,1823
2025-03-24,15:00,71.01,71.4,70.93,71.33,1693
2025-03-24,16:00,71.32,71.65,71.27,71.45,1870
2025-03-25,07:00,71.25,71.6,70.86,71.06,1250
2025-03-25,08:00,71.04,71.1,70.6,70.75,2107
2025-03-25,09:00,70.76,71.34,70.64,71.15,2416
2025-03-25,10:00,71.16,71.3,70.43,70.58,3103
2025-03-25,11:00,70.58,70.69,70.34,70.34,1466
2025-03-25,12:00,70.35,70.8,70.3,70.64,1412
2025-03-25,13:00,70.67,71.1,70.67,71.08,2481
2025-03-25,14:00,71.08,71.48,70.77,70.89,2365
2025-03-25,15:00,70.88,71.09,70.74,70.95,1498
2025-03-25,16:00,70.95,70.97,70.21,70.3,3255
2025-03-26,07:00,70.27,70.49,69.88,69.95,2373
2025-03-26,08:00,69.98,70.24,69.93,70.12,2045
2025-03-26,09:00,70.14,70.15,69.93,70.01,2504
2025-03-26,10:00,69.99,70.75,69.95,70.71,3292
2025-03-26,11:00,70.72,70.75,70.33,70.37,1565
2025-03-26,12:00,70.39,70.44,70.07,70.18,2117
2025-03-26,13:00,70.18,71.34,70.16,71.25,3756
2025-03-26,14:00,71.24,71.8,71.22,71.49,3364
2025-03-26,15:00,71.48,71.59,70.67,70.82,2335
2025-03-26,16:00,70.8,70.96,70.65,70.66,1801
2025-03-27,07:00,70.55,70.58,69.88,70.35,2249
2025-03-27,08:00,70.36,70.39,69.69,70.11,2219
2025-03-27,09:00,70.1,70.19,69.57,69.92,3119
2025-03-27,10:00,69.91,70.33,69.87,70.02,1900
2025-03-27,11:00,69.97,70,68.48,68.57,6061
2025-03-27,12:00,68.58,68.92,68.08,68.2,4619
2025-03-27,13:00,68.22,68.7,68.08,68.59,2762
2025-03-27,14:00,68.59,68.87,68.51,68.72,2442
2025-03-27,15:00,68.72,69.09,68.55,68.59,2818
2025-03-27,16:00,68.57,68.6,68.1,68.23,3300
2025-03-28,07:00,68.2,68.51,67.95,68.5,1694
2025-03-28,08:00,68.46,68.56,68.03,68.47,2033
2025-03-28,09:00,68.53,69.15,68.45,68.75,2470
2025-03-28,10:00,68.74,69.32,68.64,69.13,1576
2025-03-28,11:00,69.14,69.34,68.9,69.12,1117
2025-03-28,12:00,69.12,69.38,68.74,68.83,1179
2025-03-28,13:00,68.81,69.2,68.55,68.6,1843
2025-03-28,14:00,68.63,69.03,68.62,68.67,927
2025-03-28,15:00,68.67,68.99,68.61,68.73,949
2025-03-28,16:00,68.74,68.92,68.58,68.76,1299
2025-03-31,06:00,68.55,69.18,68.26,68.79,1474
2025-03-31,07:00,68.8,68.82,67.36,68.07,4516
2025-03-31,08:00,68.07,68.37,67.85,68.3,2531
2025-03-31,09:00,68.29,68.32,67.3,67.37,4202
2025-03-31,10:00,67.38,67.43,67.12,67.14,2501
2025-03-31,11:00,67.16,67.48,67.08,67.26,1720
2025-03-31,12:00,67.24,67.55,67.17,67.37,1659
2025-03-31,13:00,67.35,67.46,67.2,67.37,1540
2025-03-31,14:00,67.37,68,67.25,67.93,2505
2025-03-31,15:00,67.94,68.26,67.84,68.1,3078
2025-04-01,06:00,67.98,68.39,67.92,68.18,1443
2025-04-01,07:00,68.19,68.7,67.61,68.13,2906
2025-04-01,08:00,68.14,68.42,67.88,68.09,2523
2025-04-01,09:00,68.08,69.6,67.96,69.36,5290
2025-04-01,10:00,69.35,69.83,69.31,69.65,3330
2025-04-01,11:00,69.64,70.55,69.35,70.3,3473
2025-04-01,12:00,70.32,70.72,69.83,70.08,3612
2025-04-01,13:00,70.06,70.16,69.66,69.69,1744
2025-04-01,14:00,69.68,70.03,69.62,70.02,1827
2025-04-01,15:00,70.02,70.16,69.75,70.1,2022
2025-04-02,06:00,70,70.35,69.7,69.99,1362
2025-04-02,07:00,69.94,69.98,69.61,69.72,1828
2025-04-02,08:00,69.7,70.03,69.44,70,1965
2025-04-02,09:00,69.99,70.02,69.4,69.52,1800
2025-04-02,10:00,69.52,69.8,69.42,69.65,1044
2025-04-02,11:00,69.67,69.9,69.56,69.68,1012
2025-04-02,12:00,69.68,69.78,69.08,69.1,1970
2025-04-02,13:00,69.11,69.11,68.16,68.3,4540
2025-04-02,14:00,68.3,68.62,68.29,68.37,2212
2025-04-02,15:00,68.37,68.7,68.27,68.52,1969
2025-04-03,06:00,67.46,67.48,66.54,67,5681
2025-04-03,07:00,67,67.44,66.86,67.24,2397
2025-04-03,08:00,67.24,67.3,66.89,66.97,2818
2025-04-03,09:00,66.99,67.15,65.7,65.8,6099
2025-04-03,10:00,65.8,66.2,65.71,66.14,5967
2025-04-03,11:00,66.13,66.51,66.01,66.23,2565
2025-04-03,12:00,66.23,66.48,66.09,66.17,2930
2025-04-03,13:00,66.17,66.19,65.64,65.81,5221
2025-04-03,14:00,65.8,66.15,65.63,66.08,3043
2025-04-03,15:00,66.09,66.54,65.99,66.42,3677
2025-04-04,06:00,66.06,66.26,65.6,65.77,1444
2025-04-04,07:00,65.81,66,65.33,65.92,3202
2025-04-04,08:00,65.92,66,65.04,65.05,3793
2025-04-04,09:00,65.05,65.25,64.7,64.8,4386
2025-04-04,10:00,64.77,64.85,63.44,63.63,7785
2025-04-04,11:00,63.64,63.69,62.69,63.6,9075
2025-04-04,12:00,63.6,64.17,62.87,63.94,5158
2025-04-04,13:00,63.9,64.01,63,63.13,4372
2025-04-04,14:00,63.13,63.58,62.74,63.33,4864
2025-04-04,15:00,63.33,64.33,63.32,63.95,4583
2025-04-07,06:00,62.5,62.5,60.66,60.84,7509
2025-04-07,07:00,60.86,61.03,60.26,60.75,7380
2025-04-07,08:00,60.7,61.19,60.31,61.03,5024
2025-04-07,09:00,61.01,61.11,60.49,60.85,4112
2025-04-07,10:00,60.84,61.5,60.84,61.38,3347
2025-04-07,11:00,61.38,61.64,60.95,61.46,3181
2025-04-07,12:00,61.51,62.5,60.96,62.04,4984
2025-04-07,13:00,62.03,63.45,61.89,63.41,6829
2025-04-07,14:00,63.39,65.24,62.7,63.4,10498
2025-04-07,15:00,63.39,63.47,62,62.4,5285
2025-04-08,06:00,63.46,63.57,62.17,62.44,2518
2025-04-08,07:00,62.47,62.47,61.25,61.42,4538
2025-04-08,08:00,61.38,61.74,60.84,61.56,4743
2025-04-08,09:00,61.54,61.7,61.26,61.62,3461
2025-04-08,10:00,61.61,62.22,61.52,61.96,2345
2025-04-08,11:00,61.96,62.25,61.5,61.97,1900
2025-04-08,12:00,61.99,62.85,61.91,62.58,3036
2025-04-08,13:00,62.58,62.81,62.25,62.39,2958
2025-04-08,14:00,62.39,63.33,62.24,62.56,4670
2025-04-08,15:00,62.56,62.75,61.7,62.75,5027
2025-04-09,06:00,60.65,61.04,60.3,60.98,4423
2025-04-09,07:00,60.95,61.43,60.72,61,3208
2025-04-09,08:00,61.05,61.16,60.5,61.05,3812
2025-04-09,09:00,61.06,61.38,60.74,60.93,2620
2025-04-09,10:00,60.93,61.67,60.79,61.49,4021
2025-04-09,11:00,61.51,61.51,60.4,60.4,5500
2025-04-09,12:00,60.4,60.69,60.07,60.68,4752
2025-04-09,13:00,60.7,61.45,60.55,61.2,3706
2025-04-09,14:00,61.21,61.22,60.57,60.73,2971
2025-04-09,15:00,60.73,61.19,60.7,60.99,3386
2025-04-10,06:00,63.5,65.26,63.5,64.15,7553
2025-04-10,07:00,64.14,64.2,63.21,63.56,3771
2025-04-10,08:00,63.59,63.86,63.14,63.51,2915
2025-04-10,09:00,63.48,63.51,62.62,63.15,3741
2025-04-10,10:00,63.15,63.49,62.9,63.4,2140
2025-04-10,11:00,63.4,63.61,63.19,63.43,1387
2025-04-10,12:00,63.44,63.5,62.87,63.07,2781
2025-04-10,13:00,63.09,63.25,61.89,62.09,4945
2025-04-10,14:00,62.11,62.5,61.68,62.09,3394
2025-04-10,15:00,62.07,62.45,61.93,62.12,3006
2025-04-11,06:00,62.82,62.94,61.78,62.86,2088
2025-04-11,07:00,62.77,62.83,62.13,62.23,2298
2025-04-11,08:00,62.24,62.26,61.83,62.03,3735
2025-04-11,09:00,62.01,62.61,61.92,62.59,2472
2025-04-11,10:00,62.6,63.74,62.22,63.53,3231
2025-04-11,11:00,63.53,64.1,63.32,63.85,2813
2025-04-11,12:00,63.83,64.5,63.55,63.83,4049
2025-04-11,13:00,63.78,64.93,63.6,64.75,4007
2025-04-11,14:00,64.76,65.08,64.6,65.02,3430
2025-04-11,15:00,65.02,65.33,64.66,65.06,3030
2025-04-14,06:00,65.22,65.92,65.15,65.88,2257
2025-04-14,07:00,65.89,66.5,65.88,66.09,2607
2025-04-14,08:00,66.13,66.17,65.69,65.76,2545
2025-04-14,09:00,65.76,66.89,65.75,66.7,2777
2025-04-14,10:00,66.75,66.89,66.25,66.55,1415
2025-04-14,11:00,66.56,66.72,66.3,66.48,953
2025-04-14,12:00,66.54,67.05,66.19,67.02,2603
2025-04-14,13:00,67,67.33,66.87,66.9,3083
2025-04-14,14:00,66.92,67.24,66.1,66.47,3458
2025-04-14,15:00,66.48,66.95,66.34,66.56,2310
2025-04-15,06:00,66.6,66.68,66.17,66.4,1013
2025-04-15,07:00,66.4,67.37,66.18,67.31,2381
2025-04-15,08:00,67.3,67.95,67.3,67.44,3194
2025-04-15,09:00,67.45,67.6,67.25,67.38,2051
2025-04-15,10:00,67.4,67.41,66.56,66.82,2341
2025-04-15,11:00,66.83,66.93,66.5,66.61,1255
2025-04-15,12:00,66.65,66.85,66.25,66.53,2061
2025-04-15,13:00,66.54,66.94,65.75,65.95,3561
2025-04-15,14:00,65.98,66.35,65.81,66.05,2017
2025-04-15,15:00,66.06,66.27,66.03,66.1,1551
2025-04-16,06:00,65.7,65.98,65.52,65.83,1621
2025-04-16,07:00,65.86,66.59,65.53,66.23,2478
2025-04-16,08:00,66.24,67.64,66.15,67.19,4652
2025-04-16,09:00,67.18,67.44,66.75,66.96,1736
2025-04-16,10:00,67,67.3,66.89,67.25,954
2025-04-16,11:00,67.26,67.61,67.25,67.36,1110
2025-04-16,12:00,67.39,67.62,67.12,67.31,2057
2025-04-16,13:00,67.33,67.49,66.3,66.37,3014
2025-04-16,14:00,66.36,66.84,66.35,66.74,1736
2025-04-16,15:00,66.76,67.1,66.65,66.81,1964
2025-04-17,06:00,67.18,67.37,66.69,66.82,1581
2025-04-17,07:00,66.8,66.83,66.42,66.77,1663
2025-04-17,08:00,66.75,66.8,66.42,66.42,1616
2025-04-17,09:00,66.41,66.41,65.9,66.3,2732
2025-04-17,10:00,66.3,66.31,65.88,66.05,1181
2025-04-17,11:00,66.06,66.4,66,66.11,1031
2025-04-17,12:00,66.08,66.37,65.9,66.22,1038
2025-04-17,13:00,66.21,66.21,65.79,65.91,1648
2025-04-17,14:00,65.91,65.96,65.58,65.84,1885
2025-04-17,15:00,65.85,66,65.47,65.68,2141
2025-04-22,06:00,65.1,65.73,65.03,65.55,1975
2025-04-22,07:00,65.56,65.94,65.41,65.5,1727
2025-04-22,08:00,65.51,65.64,64.24,64.31,3945
2025-04-22,09:00,64.34,64.52,63.95,64.05,3173
2025-04-22,10:00,64.08,64.18,63.61,63.92,1707
2025-04-22,11:00,63.94,64.25,63.83,64.01,1706
2025-04-22,12:00,64.02,64.31,63.92,64.19,1495
2025-04-22,13:00,64.18,64.28,63.92,64.05,1253
2025-04-22,14:00,64.06,64.5,63.98,64.39,1372
2025-04-22,15:00,64.39,64.59,64.09,64.59,1918
2025-04-23,06:00,64.8,65.71,64.8,65.56,1978
2025-04-23,07:00,65.6,65.83,65.5,65.65,1652
2025-04-23,08:00,65.68,66.45,65.41,66.37,3259
2025-04-23,09:00,66.37,66.96,66.2,66.76,2662
2025-04-23,10:00,66.76,67.3,66.73,66.84,3547
2025-04-23,11:00,66.84,67.15,66.71,66.81,1635
2025-04-23,12:00,66.82,66.87,66.42,66.6,2160
2025-04-23,13:00,66.6,66.98,66.11,66.53,2905
2025-04-23,14:00,66.52,66.9,66.16,66.85,2094
2025-04-23,15:00,66.83,67.17,66.6,66.67,3527
2025-04-24,06:00,66.52,66.61,65.81,66.25,1249
2025-04-24,07:00,66.19,66.69,66.13,66.25,1698
2025-04-24,08:00,66.25,66.41,64.8,64.94,4929
2025-04-24,09:00,64.94,65.39,64.75,65.37,2640
2025-04-24,10:00,65.37,65.72,65.27,65.65,1407
2025-04-24,11:00,65.68,65.88,65.34,65.85,1628
2025-04-24,12:00,65.88,66.1,65.55,65.56,1899
2025-04-24,13:00,65.59,66.4,65.43,66.19,1952
2025-04-24,14:00,66.22,66.45,65.95,66.06,2321
2025-04-24,15:00,66.07,66.4,66.01,66.29,2296
2025-04-25,06:00,66.46,67,66.3,66.95,1675
2025-04-25,07:00,66.96,67.3,66.47,66.65,2155
2025-04-25,08:00,66.61,66.7,66.27,66.35,1694
2025-04-25,09:00,66.37,67.28,66.35,67.11,2649
2025-04-25,10:00,67.12,67.63,67.01,67.06,2160
2025-04-25,11:00,67.07,67.54,66.94,67.15,1689
2025-04-25,12:00,67.17,67.29,66.75,66.75,1492
2025-04-25,13:00,66.73,67.38,66.73,66.88,1909
2025-04-25,14:00,66.87,67.05,66.3,66.71,2897
2025-04-25,15:00,66.68,66.75,66.24,66.29,2232
2025-04-28,06:00,66.11,66.37,65.65,65.79,1491
2025-04-28,07:00,65.83,66.02,65.11,65.24,2408
2025-04-28,08:00,65.24,65.4,65.04,65.23,2029
2025-04-28,09:00,65.24,65.49,65.18,65.27,1358
2025-04-28,10:00,65.26,65.35,65.06,65.09,1066
2025-04-28,11:00,65.1,65.33,64.72,64.93,2410
2025-04-28,12:00,64.96,65.75,64.91,65.59,2031
2025-04-28,13:00,65.57,65.61,65.05,65.08,1815
2025-04-28,14:00,65.08,65.5,64.8,65.37,2004
2025-04-28,15:00,65.33,65.5,64.92,64.99,2131
2025-04-29,06:00,64.95,65.21,64.6,64.76,1114
2025-04-29,07:00,64.78,64.95,64.14,64.55,2587
2025-04-29,08:00,64.53,64.69,64.23,64.58,2237
2025-04-29,09:00,64.57,64.88,64.5,64.71,2055
2025-04-29,10:00,64.71,65.35,64.57,65.07,2027
2025-04-29,11:00,65.07,65.4,64.9,64.96,1974
2025-04-29,12:00,64.97,65.25,64.73,64.78,1511
2025-04-29,13:00,64.8,64.88,64.5,64.67,2061
2025-04-29,14:00,64.69,65.2,64.52,65.1,2266
2025-04-29,15:00,65.06,65.11,64.76,64.9,1910
2025-04-30,06:00,64.9,65,64.52,64.96,691
2025-04-30,07:00,65,65.49,64.83,65.11,2125
2025-04-30,08:00,65.13,66.1,65.13,66,3377
2025-04-30,09:00,66,66.1,65.75,66.01,1845
2025-04-30,10:00,66.03,66.43,65.85,66.04,1588
2025-04-30,11:00,66.05,66.41,65.95,66.34,1039
2025-04-30,12:00,66.35,66.7,66.1,66.1,1917
2025-04-30,13:00,66.08,66.65,65.93,66.16,2150
2025-04-30,14:00,66.17,66.67,66.17,66.67,1244
2025-04-30,15:00,66.66,66.9,66.42,66.6,2861
2025-05-01,06:00,66.86,66.86,66.24,66.58,555
2025-05-01,07:00,66.52,67.1,66.24,66.86,1136
2025-05-01,08:00,66.87,66.87,66.56,66.73,661
2025-05-01,09:00,66.74,67.34,66.67,67.21,1049
2025-05-01,10:00,67.22,67.35,67,67.1,905
2025-05-01,11:00,67.11,67.17,66.89,67,824
2025-05-01,12:00,67.02,67.17,66.93,67.09,681
2025-05-01,13:00,67.03,67.17,67.02,67.15,509
2025-05-01,14:00,67.16,67.32,66.96,67.11,937
2025-05-01,15:00,67.11,67.17,66.8,66.87,1172
2025-05-02,06:00,67.07,67.34,66.78,67.2,1083
2025-05-02,07:00,67.2,68.82,67.13,68.48,5868
2025-05-02,08:00,68.48,69.05,68.35,69.02,3777
2025-05-02,09:00,69.02,69.1,68.86,68.94,2375
2025-05-02,10:00,68.96,69.08,68.69,68.75,1559
2025-05-02,11:00,68.73,68.88,68.55,68.74,898
2025-05-02,12:00,68.74,68.93,68.57,68.87,1084
2025-05-02,13:00,68.86,69.09,68.77,68.96,1708
2025-05-02,14:00,68.97,69.27,68.77,68.97,2772
2025-05-02,15:00,68.96,68.96,68.64,68.92,2210
2025-05-05,06:00,68.68,68.73,68.28,68.37,1012
2025-05-05,07:00,68.35,68.66,68.05,68.18,1596
2025-05-05,08:00,68.18,68.57,67.66,67.8,2640
2025-05-05,09:00,67.77,67.82,67.34,67.58,2861
2025-05-05,10:00,67.57,67.62,66.75,66.8,2331
2025-05-05,11:00,66.78,67,66.7,66.84,1893
2025-05-05,12:00,66.86,67.25,66.81,67.15,1649
2025-05-05,13:00,67.2,67.6,67.11,67.39,1116
2025-05-05,14:00,67.45,67.87,67.38,67.85,1386
2025-05-05,15:00,67.86,67.86,67.35,67.65,1326
2025-05-06,06:00,67.55,68.25,67.45,67.89,1280
2025-05-06,07:00,67.87,68.29,67.72,68.17,1890
2025-05-06,08:00,68.23,69.07,68.23,68.9,3243
2025-05-06,09:00,68.92,69.43,68.9,69.17,3133
2025-05-06,10:00,69.14,69.25,68.76,68.89,1605
2025-05-06,11:00,68.87,69.13,68.76,68.82,1507
2025-05-06,12:00,68.85,69.32,68.81,68.94,1713
2025-05-06,13:00,68.96,69.25,68.96,69.24,1139
2025-05-06,14:00,69.23,69.57,69.12,69.3,2329
2025-05-06,15:00,69.31,69.68,69.18,69.54,1777
2025-05-07,06:00,69.65,69.68,69.05,69.24,1631
2025-05-07,07:00,69.31,69.85,69.17,69.58,2181
2025-05-07,08:00,69.52,69.92,69.42,69.87,1616
2025-05-07,09:00,69.84,70.66,69.82,70.49,5159
2025-05-07,10:00,70.48,70.9,70.45,70.66,2224
2025-05-07,11:00,70.66,70.85,70.31,70.42,1823
2025-05-07,12:00,70.39,70.74,70.25,70.35,1834
2025-05-07,13:00,70.36,71.4,70.29,71.2,3931
2025-05-07,14:00,71.19,71.3,70.75,70.86,3924
2025-05-07,15:00,70.85,71.27,70.76,71.11,3195
2025-05-08,06:00,71.06,71.36,70.89,71.28,1478
2025-05-08,07:00,71.35,71.76,71.28,71.28,2692
2025-05-08,08:00,71.29,71.64,71.15,71.28,2700
2025-05-08,09:00,71.27,71.59,70.92,71.44,2529
2025-05-08,10:00,71.47,71.51,70.98,71.05,1469
2025-05-08,11:00,71.05,71.2,70.4,70.9,2099
2025-05-08,12:00,70.92,71.14,70.55,70.71,1539
2025-05-08,13:00,70.7,71.16,70.45,71.13,2294
2025-05-08,14:00,71.13,71.22,70.55,70.66,1629
2025-05-08,15:00,70.65,71.17,70.57,71,2223
2025-05-09,06:00,71.05,71.49,70.88,70.97,1111
2025-05-09,07:00,71.01,71.35,70.55,70.67,1846
2025-05-09,08:00,70.69,71.04,70.6,70.98,1541
2025-05-09,09:00,71,71.22,70.74,70.95,1976
2025-05-09,10:00,70.94,71.01,70.56,70.79,1203
2025-05-09,11:00,70.79,70.95,70.05,70.34,2067
2025-05-09,12:00,70.33,70.54,70.25,70.31,1307
2025-05-09,13:00,70.3,70.4,70.13,70.24,1116
2025-05-09,14:00,70.25,70.37,69.82,70.31,2004
2025-05-09,15:00,70.29,70.54,70.27,70.4,1830
2025-05-12,06:00,70.8,71.07,70.52,70.9,1418
2025-05-12,07:00,70.94,72.1,70.94,71.79,4243
2025-05-12,08:00,71.8,72.6,71.8,72.07,4200
2025-05-12,09:00,72.05,72.93,72.01,72.7,3455
2025-05-12,10:00,72.67,72.73,72.41,72.64,1688
2025-05-12,11:00,72.62,72.73,72.41,72.64,1134
2025-05-12,12:00,72.65,73.44,72.61,73.2,3770
2025-05-12,13:00,73.21,73.37,73.09,73.25,3070
2025-05-12,14:00,73.25,73.63,73.25,73.36,2758
2025-05-12,15:00,73.37,73.55,73.15,73.22,2494
2025-05-13,06:00,73.12,73.28,72.75,73.12,1683
2025-05-13,07:00,73.12,73.82,73.04,73.17,3513
2025-05-13,08:00,73.19,73.19,72.79,72.99,2061
2025-05-13,09:00,72.97,73.04,72.22,72.75,3230
2025-05-13,10:00,72.78,73,72.56,72.65,1444
2025-05-13,11:00,72.61,72.81,72.5,72.5,1426
2025-05-13,12:00,72.5,72.58,71.9,72.32,3067
2025-05-13,13:00,72.31,73.44,72.31,73.44,3121
2025-05-13,14:00,73.44,73.82,72.93,72.95,3175
2025-05-13,15:00,72.95,73.04,72.58,73,2019
2025-05-14,06:00,73.08,73.41,72.81,73.03,935
2025-05-14,07:00,73.04,73.63,72.89,73.62,1819
2025-05-14,08:00,73.61,73.62,72.86,72.87,1593
2025-05-14,09:00,72.86,72.98,72.23,72.45,2649
2025-05-14,10:00,72.45,72.54,72.22,72.54,1089
2025-05-14,11:00,72.53,72.72,72.3,72.49,810
2025-05-14,12:00,72.5,72.55,71.98,72.35,1822
2025-05-14,13:00,72.35,72.39,71.55,71.99,3130
2025-05-14,14:00,71.96,72.37,71.63,72.3,2128
2025-05-14,15:00,72.29,72.44,72.06,72.06,1651
2025-05-15,06:00,72.1,72.83,71.55,72.57,2389
2025-05-15,07:00,72.58,72.59,71.76,72.07,2080
2025-05-15,08:00,72.05,72.05,71.2,71.25,2872
2025-05-15,09:00,71.24,72.08,71.24,72.05,1992
2025-05-15,10:00,72.01,72.28,71.88,72.14,1051
2025-05-15,11:00,72.15,72.21,71.82,71.96,838
2025-05-15,12:00,71.93,72.85,71.67,72.77,2162
2025-05-15,13:00,72.72,73.49,72.72,73.39,3452
2025-05-15,14:00,73.36,73.7,73.16,73.55,2124
2025-05-15,15:00,73.57,73.61,73.23,73.46,1996
2025-05-16,06:00,73.45,73.46,73.03,73.45,891
2025-05-16,07:00,73.45,73.53,73,73.07,1335
2025-05-16,08:00,73.08,74.38,73.07,74.31,2833
2025-05-16,09:00,74.31,75.02,74.15,74.84,6021
2025-05-16,10:00,74.85,74.97,74.42,74.52,1584
2025-05-16,11:00,74.52,74.62,74.06,74.16,1840
2025-05-16,12:00,74.17,74.37,73.77,73.98,2091
2025-05-16,13:00,73.95,74.16,72.57,72.57,3813
2025-05-16,14:00,72.57,72.57,70.91,71.39,8061
2025-05-16,15:00,71.37,71.45,70.81,71.44,3811
2025-05-19,06:00,70.99,72.42,70.85,72.25,2415
2025-05-19,07:00,72.26,72.46,70.83,71.07,3541
2025-05-19,08:00,71.04,71.48,70.5,70.64,3659
2025-05-19,09:00,70.61,70.66,69.6,70,5516
2025-05-19,10:00,70,70.35,69.97,70.16,1294
2025-05-19,11:00,70.19,70.37,69.9,69.91,1114
2025-05-19,12:00,69.93,70.05,69.77,69.86,1932
2025-05-19,13:00,69.85,70.35,69.85,70.22,2709
2025-05-19,14:00,70.22,70.48,69.82,70.35,1997
2025-05-19,15:00,70.34,70.7,70.27,70.39,2346
2025-05-20,06:00,69.76,70.84,69.73,70.74,1292
2025-05-20,07:00,70.75,71.36,70.55,71.08,2973
2025-05-20,08:00,71.1,71.91,70.99,71.91,3064
2025-05-20,09:00,71.92,71.93,71.32,71.66,1924
2025-05-20,10:00,71.66,72.45,71.52,72.37,2211
2025-05-20,11:00,72.39,72.94,71.94,72.05,3524
2025-05-20,12:00,72.08,72.85,72.08,72.52,1705
2025-05-20,13:00,72.52,72.65,72.06,72.64,1870
2025-05-20,14:00,72.65,73.2,72.63,73.18,2544
2025-05-20,15:00,73.14,73.51,73,73.4,2837
2025-05-21,06:00,73.62,73.67,73.15,73.49,1349
2025-05-21,07:00,73.5,73.87,72.83,73.06,2727
2025-05-21,08:00,73.06,73.56,73.02,73.15,2203
2025-05-21,09:00,73.16,73.43,73,73.21,1157
2025-05-21,10:00,73.19,73.56,73.14,73.27,1432
2025-05-21,11:00,73.27,73.57,73.15,73.43,1287
2025-05-21,12:00,73.41,73.43,72.67,73.06,2728
2025-05-21,13:00,73.08,73.11,72.57,72.68,1748
2025-05-21,14:00,72.67,73.24,72.31,72.37,2140
2025-05-21,15:00,72.37,72.91,72.3,72.74,2557
2025-05-22,06:00,72.59,72.85,72.38,72.66,1289
2025-05-22,07:00,72.68,73.63,72.68,73.42,2501
2025-05-22,08:00,73.42,73.57,72.67,72.73,2245
2025-05-22,09:00,72.72,73.08,72.67,72.71,1496
2025-05-22,10:00,72.7,72.75,71.84,71.92,3647
2025-05-22,11:00,71.92,72.36,71.75,72.11,2018
2025-05-22,12:00,72.1,72.4,71.94,72.19,1331
2025-05-22,13:00,72.2,72.8,72.19,72.22,1736
2025-05-22,14:00,72.22,72.82,72.18,72.55,1383
2025-05-22,15:00,72.56,72.7,71.98,72.21,2232
2025-05-23,06:00,72.5,73,72.25,72.98,1254
2025-05-23,07:00,72.99,73,72.15,72.21,1621
2025-05-23,08:00,72.25,72.43,72.08,72.19,1508
2025-05-23,09:00,72.19,72.32,71.92,72.24,1245
2025-05-23,10:00,72.26,72.56,72.02,72.5,890
2025-05-23,11:00,72.51,72.75,70.02,70.63,5999
2025-05-23,12:00,70.59,71.02,70,70.97,5044
2025-05-23,13:00,70.93,71.48,70.55,71.04,2247
2025-05-23,14:00,71.05,72,70.94,71.92,1979
2025-05-23,15:00,71.93,72,71.34,71.65,2107
2025-05-26,06:00,72,73.29,72,73.01,1751
2025-05-26,07:00,73.02,73.37,72.8,73.3,1705
2025-05-26,08:00,73.33,73.37,73.17,73.29,1294
2025-05-26,09:00,73.3,73.37,72.67,72.87,1787
2025-05-26,10:00,72.86,73.03,72.75,73.03,481
2025-05-26,11:00,73.01,73.02,72.71,72.74,438
2025-05-26,12:00,72.74,72.82,72.3,72.35,1433
2025-05-26,13:00,72.35,72.6,72.12,72.41,1028
2025-05-26,14:00,72.41,72.87,72.35,72.79,893
2025-05-26,15:00,72.8,73.18,72.74,73,1470
2025-05-27,06:00,72.91,73.09,72.76,72.76,1208
2025-05-27,07:00,72.78,72.79,72.22,72.34,1823
2025-05-27,08:00,72.35,72.88,72.23,72.7,1823
2025-05-27,09:00,72.71,72.72,71.82,71.82,2643
2025-05-27,10:00,71.81,72.1,71.6,71.86,1825
2025-05-27,11:00,71.86,71.91,71.46,71.53,1453
2025-05-27,12:00,71.53,72.72,71.46,72.1,3226
2025-05-27,13:00,72.06,72.14,71.77,71.91,1745
2025-05-27,14:00,71.93,72.08,71.73,71.86,1767
2025-05-27,15:00,71.86,71.9,70.8,71.21,3856
2025-05-28,06:00,71.2,71.41,70.77,70.79,1701
2025-05-28,07:00,70.81,71.54,70.77,71.45,1641
2025-05-28,08:00,71.41,71.72,71.25,71.5,1546
2025-05-28,09:00,71.51,72.65,71.46,72.63,2932
2025-05-28,10:00,72.63,72.65,72.25,72.41,1554
2025-05-28,11:00,72.45,72.45,71.85,72.12,1382
2025-05-28,12:00,72.14,72.36,71.95,72.11,1325
2025-05-28,13:00,72.13,72.52,71.89,72.08,1489
2025-05-28,14:00,72.05,72.39,72,72.03,1460
2025-05-28,15:00,72.03,72.2,71.88,72.1,1697
2025-05-29,06:00,72.86,73.48,72.58,73.24,2480
2025-05-29,07:00,73.24,73.35,72.54,72.87,1939
2025-05-29,08:00,72.88,72.9,72.15,72.37,1552
2025-05-29,09:00,72.38,72.43,71.93,71.96,1688
2025-05-29,10:00,71.94,71.94,71.03,71.31,2863
2025-05-29,11:00,71.31,71.65,71.31,71.56,1549
2025-05-29,12:00,71.57,71.89,71.34,71.67,1311
2025-05-29,13:00,71.67,71.67,70.84,71,3288
2025-05-29,14:00,71,71.27,70.65,71.01,2288
2025-05-29,15:00,71.01,71.04,70.75,70.8,1741
2025-05-30,06:00,70.76,71.1,70.57,70.85,1162
2025-05-30,07:00,70.85,71.38,70.85,71.28,1379
2025-05-30,08:00,71.3,71.45,70.97,71.28,1394
2025-05-30,09:00,71.31,71.53,70.81,71.42,1670
2025-05-30,10:00,71.45,71.58,71.19,71.58,849
2025-05-30,11:00,71.58,71.69,71.14,71.22,1075
2025-05-30,12:00,71.16,71.58,70.25,70.5,3277
2025-05-30,13:00,70.51,70.69,70.13,70.22,2419
2025-05-30,14:00,70.22,70.78,70.17,70.64,1681
2025-05-30,15:00,70.63,70.75,70.2,70.34,1890
2025-06-02,06:00,70.01,70.75,70.01,70.64,1637
2025-06-02,07:00,70.64,70.99,70.46,70.73,1486
2025-06-02,08:00,70.73,71.98,70.73,71.45,3879
2025-06-02,09:00,71.46,71.49,71.06,71.38,1995
2025-06-02,10:00,71.36,72.14,71.35,71.8,3022
2025-06-02,11:00,71.82,71.89,71.16,71.36,1996
2025-06-02,12:00,71.42,71.47,70.9,71.28,2072
2025-06-02,13:00,71.26,71.71,71.15,71.47,1872
2025-06-02,14:00,71.47,71.47,70.82,70.87,1389
2025-06-02,15:00,70.86,71.44,70.82,71.26,1920
2025-06-03,06:00,71.07,71.34,70.82,70.84,1382
2025-06-03,07:00,70.87,71.65,70.68,71.55,2230
2025-06-03,08:00,71.53,71.79,71.32,71.53,1686
2025-06-03,09:00,71.54,72.5,71.51,72.45,4141
2025-06-03,10:00,72.44,72.8,72.23,72.34,2918
2025-06-03,11:00,72.35,72.49,72.01,72.13,1300
2025-06-03,12:00,72.13,72.54,71.87,72.53,1660
2025-06-03,13:00,72.54,72.83,72.38,72.6,2072
2025-06-03,14:00,72.62,72.75,72.26,72.4,1678
2025-06-03,15:00,72.41,72.86,72.33,72.86,2153
2025-06-04,06:00,72.48,72.95,72.48,72.79,1023
2025-06-04,07:00,72.8,72.91,72.22,72.65,1976
2025-06-04,08:00,72.62,73.57,72.62,73.43,4270
2025-06-04,09:00,73.43,73.53,72.93,72.95,2125
2025-06-04,10:00,72.94,73.11,72.69,73.05,1534
2025-06-04,11:00,73.08,73.4,72.82,72.99,1889
2025-06-04,12:00,72.98,73.27,72.59,72.76,2168
2025-06-04,13:00,72.74,72.8,72.4,72.73,2170
2025-06-04,14:00,72.73,72.77,72.33,72.6,1468
2025-06-04,15:00,72.61,72.74,72.38,72.73,2109
2025-06-05,06:00,72.61,73.12,72.52,73,846
2025-06-05,07:00,73.03,73.38,72.92,73.38,1610
2025-06-05,08:00,73.38,73.68,73.19,73.44,2085
2025-06-05,09:00,73.46,73.7,72.97,73.65,2720
2025-06-05,10:00,73.67,74.04,73.4,73.48,2667
2025-06-05,11:00,73.46,73.77,73.34,73.61,987
2025-06-05,12:00,73.62,73.74,72.85,73,3237
2025-06-05,13:00,73.03,73.15,72.32,72.51,3748
2025-06-05,14:00,72.53,73.07,72.33,72.86,2459
2025-06-05,15:00,72.86,73.23,72.62,73.19,2045
2025-06-06,06:00,72.9,73.15,72.9,73.06,611
2025-06-06,07:00,73.09,73.09,72.62,72.85,1021
2025-06-06,08:00,72.85,73.2,72.81,73.13,1214
2025-06-06,09:00,73.13,73.47,72.8,72.85,1652
2025-06-06,10:00,72.87,73,72.57,72.71,1079
2025-06-06,11:00,72.71,72.88,72.65,72.81,634
2025-06-06,12:00,72.8,73.39,72.78,73.19,1715
2025-06-06,13:00,73.19,73.41,72.95,73.3,1365
2025-06-06,14:00,73.3,73.7,73.09,73.46,1785
2025-06-06,15:00,73.48,73.95,73.33,73.8,2520
2025-06-09,06:00,73.88,73.92,73.37,73.37,795
2025-06-09,07:00,73.41,73.9,73.24,73.83,1709
2025-06-09,08:00,73.88,74.68,73.87,74.57,3392
2025-06-09,09:00,74.58,74.94,74.37,74.85,2957
2025-06-09,10:00,74.85,74.85,74.49,74.67,1834
2025-06-09,11:00,74.68,74.74,74.25,74.65,1506
2025-06-09,12:00,74.62,74.8,74.07,74.09,1906
2025-06-09,13:00,74.07,74.25,73.6,73.96,2925
2025-06-09,14:00,73.99,74.18,73.67,74.17,1578
2025-06-09,15:00,74.2,74.35,73.9,74.14,1704
2025-06-10,06:00,74.23,74.28,73.32,73.59,1868
2025-06-10,07:00,73.6,73.91,73.39,73.45,2015
2025-06-10,08:00,73.48,73.6,73.03,73.1,2334
2025-06-10,09:00,73.1,73.14,72.52,72.9,4061
2025-06-10,10:00,72.89,73,72.74,72.89,1317
2025-06-10,11:00,72.88,73.02,72.54,73.02,2000
2025-06-10,12:00,73.03,73.18,72.62,72.65,1775
2025-06-10,13:00,72.63,72.93,72.54,72.8,1939
2025-06-10,14:00,72.77,73.04,72.31,72.51,2412
2025-06-10,15:00,72.53,73.04,72.44,73.01,1980
2025-06-11,06:00,73.02,74.1,72.78,73.77,2600
2025-06-11,07:00,73.77,74.28,73.56,74.22,3205
2025-06-11,08:00,74.2,74.73,74.1,74.67,3955
2025-06-11,09:00,74.68,74.73,74.18,74.55,3659
2025-06-11,10:00,74.55,74.61,74.25,74.35,1920
2025-06-11,11:00,74.37,74.8,74.29,74.76,1875
2025-06-11,12:00,74.78,74.95,74.06,74.2,3212
2025-06-11,13:00,74.21,74.59,74.21,74.32,1654
2025-06-11,14:00,74.31,74.49,74.15,74.17,1326
2025-06-11,15:00,74.16,74.59,74.12,74.52,2183
2025-06-12,06:00,74.26,74.78,74.11,74.59,2174
2025-06-12,07:00,74.59,74.75,73.92,73.95,2278
2025-06-12,08:00,73.98,74.01,73.56,73.87,3012
2025-06-12,09:00,73.87,73.91,73.48,73.77,2714
2025-06-12,10:00,73.76,74.05,73.56,73.92,1709
2025-06-12,11:00,73.89,73.95,73.32,73.45,2186
2025-06-12,12:00,73.46,74.06,73.43,73.84,2052
2025-06-12,13:00,73.87,74.31,73.65,74.21,1464
2025-06-12,14:00,74.26,75.73,74.23,75.33,7767
2025-06-12,15:00,75.34,75.8,75.28,75.63,3710
2025-06-13,06:00,76,76.75,76,76.13,4140
2025-06-13,07:00,76.14,76.5,75.9,76.18,2837
2025-06-13,08:00,76.19,76.7,76.19,76.55,2274
2025-06-13,09:00,76.51,76.59,76.16,76.45,3083
2025-06-13,10:00,76.45,76.5,75.95,76.14,2291
2025-06-13,11:00,76.14,76.22,75.82,76.08,1979
2025-06-13,12:00,76.1,76.19,75.91,76.14,1487
2025-06-13,13:00,76.13,76.5,75.97,76.28,2326
2025-06-13,14:00,76.3,76.4,75.86,75.96,1865
2025-06-13,15:00,75.92,76.11,75.58,75.67,3667
2025-06-16,06:00,75.76,76.3,75.57,75.7,2430
2025-06-16,07:00,75.7,75.94,75.47,75.7,1793
2025-06-16,08:00,75.72,76.07,75.44,75.6,2435
2025-06-16,09:00,75.58,75.71,75.4,75.6,1912
2025-06-16,10:00,75.6,76.37,75.6,76.31,2430
2025-06-16,11:00,76.34,76.47,75.92,76.07,1921
2025-06-16,12:00,76.07,76.16,75.7,75.75,1947
2025-06-16,13:00,75.79,76.08,75.16,75.36,2748
2025-06-16,14:00,75.34,75.67,75.06,75.25,2773
2025-06-16,15:00,75.25,75.49,74.69,75.05,3168
2025-06-17,06:00,75.15,75.37,74.86,74.99,1537
2025-06-17,07:00,75.02,75.55,75.02,75.24,1555
2025-06-17,08:00,75.22,75.48,74.96,75.04,2023
2025-06-17,09:00,75.04,75.18,74.75,74.84,1925
2025-06-17,10:00,74.81,75.04,74.5,74.92,1584
2025-06-17,11:00,74.91,75.15,74.74,75.11,798
2025-06-17,12:00,75.12,75.44,75.04,75.25,1716
2025-06-17,13:00,75.25,75.66,75.09,75.25,2357
2025-06-17,14:00,75.25,75.34,74.16,74.38,4434
2025-06-17,15:00,74.37,74.93,74.31,74.82,2396
2025-06-18,06:00,74.85,75.05,74.55,74.8,1178
2025-06-18,07:00,74.79,75.26,74.55,74.97,2374
2025-06-18,08:00,75.01,75.21,74.52,74.71,2672
2025-06-18,09:00,74.71,74.81,74.26,74.58,2868
2025-06-18,10:00,74.59,74.84,74.42,74.74,1493
2025-06-18,11:00,74.71,74.94,74.43,74.75,1707
2025-06-18,12:00,74.75,74.96,74.56,74.8,2108
2025-06-18,13:00,74.77,74.98,74.6,74.68,1671
2025-06-18,14:00,74.69,74.72,74.19,74.62,3180
2025-06-18,15:00,74.63,74.85,74.47,74.6,2066
2025-06-19,06:00,74.6,74.7,74.41,74.55,1058
2025-06-19,07:00,74.54,75.03,74.34,74.63,1681
2025-06-19,08:00,74.63,74.8,74.34,74.37,1586
2025-06-19,09:00,74.39,74.56,73.81,74,3118
2025-06-19,10:00,73.99,73.99,73.28,73.77,3395
2025-06-19,11:00,73.76,73.82,73.41,73.73,2088
2025-06-19,12:00,73.72,73.78,72.57,72.8,6212
2025-06-19,13:00,72.78,72.92,71.73,72.17,9158
2025-06-19,14:00,72.16,72.79,72.08,72.79,3029
2025-06-19,15:00,72.8,73.1,72.63,72.78,3808
2025-06-20,06:00,72.86,73.22,72.38,72.74,2004
2025-06-20,07:00,72.72,72.89,72.43,72.71,1594
2025-06-20,08:00,72.72,73,72.08,72.64,2491
2025-06-20,09:00,72.66,73.37,72.55,72.99,2315
2025-06-20,10:00,73,73.2,72.87,73.08,1337
2025-06-20,11:00,73.1,73.29,72.84,73.28,2282
2025-06-20,12:00,73.29,73.37,72.86,73.09,1719
2025-06-20,13:00,73.07,73.14,72.8,72.8,929
2025-06-20,14:00,72.8,73.03,72.54,72.87,1937
2025-06-20,15:00,72.89,73.2,72.77,73.07,2336
2025-06-23,06:00,72.85,73.12,72.56,73.03,1689
2025-06-23,07:00,73.02,73.5,72.8,73.22,2155
2025-06-23,08:00,73.21,73.27,72.81,72.93,2529
2025-06-23,09:00,72.97,73.13,72.43,72.62,3044
2025-06-23,10:00,72.62,73.17,72.61,72.97,2127
2025-06-23,11:00,73,73.12,72.69,72.91,1467
2025-06-23,12:00,72.9,73.05,72.77,72.97,1237
2025-06-23,13:00,72.97,73.28,72.93,73.14,2179
2025-06-23,14:00,73.11,73.37,73.01,73.11,1712
2025-06-23,15:00,73.15,73.49,73.13,73.32,1965
2025-06-24,06:00,73,74.57,72.6,74.09,6925
2025-06-24,07:00,74.1,74.17,73.36,73.69,4114
2025-06-24,08:00,73.72,74.19,73.55,73.93,3115
2025-06-24,09:00,73.93,74.35,73.81,74.3,2816
2025-06-24,10:00,74.29,74.29,73.79,73.85,2041
2025-06-24,11:00,73.85,73.99,73.62,73.7,2022
2025-06-24,12:00,73.69,74.11,73.61,73.95,2040
2025-06-24,13:00,73.97,74.02,73.56,73.7,2161
2025-06-24,14:00,73.7,73.87,73.6,73.69,1548
2025-06-24,15:00,73.68,73.69,73.1,73.22,3191
2025-06-25,06:00,73.24,73.4,72.8,72.94,1381
2025-06-25,07:00,72.92,73.18,72.76,73.07,1702
2025-06-25,08:00,73.05,73.11,72.71,72.82,1571
2025-06-25,09:00,72.82,72.85,71.3,71.88,7471
2025-06-25,10:00,71.87,72,71.75,71.89,1857
2025-06-25,11:00,71.88,71.96,71.52,71.82,2726
2025-06-25,12:00,71.84,71.9,71.35,71.47,1765
2025-06-25,13:00,71.45,71.5,71,71.11,3194
2025-06-25,14:00,71.11,71.43,70.96,71.07,2602
2025-06-25,15:00,71.06,71.33,70.98,71.23,2086
2025-06-26,06:00,71.08,71.46,71.08,71.1,856
2025-06-26,07:00,71.1,71.33,70.67,70.8,3078
2025-06-26,08:00,70.75,70.84,70.4,70.49,2989
2025-06-26,09:00,70.48,70.53,70.3,70.43,2899
2025-06-26,10:00,70.43,70.94,70.4,70.89,1887
2025-06-26,11:00,70.89,71.17,70.83,70.85,1377
2025-06-26,12:00,70.89,71.5,70.71,71.06,2000
2025-06-26,13:00,71.05,71.05,70.56,70.56,2224
2025-06-26,14:00,70.56,70.7,70.26,70.48,2452
2025-06-26,15:00,70.47,70.49,70.26,70.43,1594
2025-06-27,06:00,70.42,70.8,70.29,70.54,1092
2025-06-27,07:00,70.58,70.68,70.12,70.32,2206
2025-06-27,08:00,70.33,70.58,70.11,70.51,2213
2025-06-27,09:00,70.53,70.97,70.27,70.75,2835
2025-06-27,10:00,70.75,70.92,70.6,70.9,1012
2025-06-27,11:00,70.91,71.14,70.65,70.67,1754
2025-06-27,12:00,70.64,70.79,70.43,70.79,1682
2025-06-27,13:00,70.79,70.98,70.6,70.82,1261
2025-06-27,14:00,70.84,71.02,70.6,71.01,1196
2025-06-27,15:00,71.02,71.14,70.85,70.99,2279
2025-06-30,06:00,71.03,71.08,70.68,71,799
2025-06-30,07:00,70.96,71.02,70.06,70.19,1716
2025-06-30,08:00,70.16,70.42,69.65,69.75,3830
2025-06-30,09:00,69.74,69.91,69.06,69.09,4279
2025-06-30,10:00,69.09,69.44,69.05,69.13,1610
2025-06-30,11:00,69.14,69.5,69.13,69.13,1778
2025-06-30,12:00,69.13,69.4,69.11,69.27,1359
2025-06-30,13:00,69.27,69.55,69.17,69.21,1784
2025-06-30,14:00,69.23,69.25,68.71,68.85,3797
2025-06-30,15:00,68.82,69.34,68.8,69.1,1826
2025-07-01,06:00,69.11,69.45,68.97,69.01,820
2025-07-01,07:00,68.99,69.31,68.9,69.21,1676
2025-07-01,08:00,69.19,69.95,69.13,69.9,2582
2025-07-01,09:00,69.89,70.39,69.86,70.21,2609
2025-07-01,10:00,70.19,70.49,70.17,70.26,1565
2025-07-01,11:00,70.25,70.79,70.17,70.69,1509
2025-07-01,12:00,70.68,70.8,70.57,70.65,1294
2025-07-01,13:00,70.6,70.67,70,70.03,2545
2025-07-01,14:00,70.03,70.29,69.79,70.27,2182
2025-07-01,15:00,70.29,70.89,70.27,70.74,2041
2025-07-02,06:00,70.59,71.74,70.55,71.58,2037
2025-07-02,07:00,71.58,71.92,71.39,71.89,1851
2025-07-02,08:00,71.89,72.08,71.77,72.02,1681
2025-07-02,09:00,72.01,72.29,71.83,72.21,1967
2025-07-02,10:00,72.21,72.27,71.95,72.19,1110
2025-07-02,11:00,72.2,72.22,71.96,72.05,1169
2025-07-02,12:00,72.06,72.13,71.65,71.79,1867
2025-07-02,13:00,71.78,71.83,71.46,71.62,1574
2025-07-02,14:00,71.62,71.75,71.37,71.74,1370
2025-07-02,15:00,71.7,72.03,71.51,71.59,2574
2025-07-03,06:00,71.7,71.93,71.44,71.48,898
2025-07-03,07:00,71.49,71.67,71.2,71.28,1362
2025-07-03,08:00,71.29,71.58,71.06,71.3,2168
2025-07-03,09:00,71.29,72.64,71.29,72.43,3279
2025-07-03,10:00,72.45,72.76,72.3,72.7,1742
2025-07-03,11:00,72.67,72.73,72.18,72.24,892
2025-07-03,12:00,72.25,72.79,72.21,72.49,1503
2025-07-03,13:00,72.48,72.58,72.31,72.45,1296
2025-07-03,14:00,72.44,72.59,71.91,72.32,1215
2025-07-03,15:00,72.31,72.36,71.91,72.33,1364
2025-07-04,06:00,72.32,72.32,71.8,71.8,536
2025-07-04,07:00,71.82,72.09,71.66,71.75,1128
2025-07-04,08:00,71.76,72,71.35,71.65,1793
2025-07-04,09:00,71.63,71.8,71.57,71.58,976
2025-07-04,10:00,71.59,71.72,71.48,71.71,536
2025-07-04,11:00,71.68,71.77,71.4,71.48,874
2025-07-04,12:00,71.46,71.55,71.25,71.53,1522
2025-07-04,13:00,71.54,71.89,71.51,71.64,1047
2025-07-04,14:00,71.62,71.75,71.55,71.72,816
2025-07-04,15:00,71.73,71.78,71.46,71.5,1201
2025-07-07,06:00,71.7,71.99,71,71.05,1612
2025-07-07,07:00,71.06,71.15,70.77,71.12,1615
2025-07-07,08:00,71.13,71.35,71,71.02,1760
2025-07-07,09:00,71.03,71.32,71,71.23,1061
2025-07-07,10:00,71.23,71.26,70.69,70.79,1232
2025-07-07,11:00,70.8,70.88,70.62,70.77,1053
2025-07-07,12:00,70.8,71.34,70.72,71.12,1372
2025-07-07,13:00,71.12,71.53,71.04,71.45,1332
2025-07-07,14:00,71.44,71.45,71.05,71.12,971
2025-07-07,15:00,71.15,71.5,71.13,71.4,1898
2025-07-08,06:00,71.22,71.34,70.78,70.79,1228
2025-07-08,07:00,70.78,71.01,70.67,70.88,1539
2025-07-08,08:00,70.88,71.03,70.63,70.68,1985
2025-07-08,09:00,70.69,71.43,70.68,71.16,2252
2025-07-08,10:00,71.15,71.46,71.06,71.18,1060
2025-07-08,11:00,71.19,71.2,70.7,70.81,1389
2025-07-08,12:00,70.82,70.84,70.45,70.62,1816
2025-07-08,13:00,70.62,70.9,70.57,70.79,1424
2025-07-08,14:00,70.82,70.95,70.5,70.5,1351
2025-07-08,15:00,70.52,70.63,70.28,70.42,2867
2025-07-09,06:00,70.45,70.73,70.29,70.34,841
2025-07-09,07:00,70.34,70.37,69.89,70.12,2279
2025-07-09,08:00,70.15,70.75,70.15,70.57,1644
2025-07-09,09:00,70.56,70.86,70.47,70.77,1205
2025-07-09,10:00,70.75,70.75,70.3,70.59,1344
2025-07-09,11:00,70.59,71.04,70.5,71.02,1522
2025-07-09,12:00,71.01,71.08,70.5,70.71,1514
2025-07-09,13:00,70.69,70.75,70.35,70.42,1162
2025-07-09,14:00,70.4,70.58,70.3,70.55,997
2025-07-09,15:00,70.55,70.65,70.35,70.55,1293
2025-07-10,06:00,70.37,70.87,70.31,70.8,826
2025-07-10,07:00,70.78,71.24,70.66,70.99,1752
2025-07-10,08:00,70.98,71.55,70.89,71.26,3166
2025-07-10,09:00,71.27,71.3,70.85,70.86,1644
2025-07-10,10:00,70.86,70.93,70.5,70.8,1476
2025-07-10,11:00,70.79,70.85,70.62,70.66,920
2025-07-10,12:00,70.68,71.34,70.62,71.16,1457
2025-07-10,13:00,71.15,71.15,70.76,70.89,912
2025-07-10,14:00,70.88,70.98,70.61,70.61,1134
2025-07-10,15:00,70.61,70.95,70.52,70.7,1483
2025-07-11,06:00,70.6,70.72,70.35,70.35,1087
2025-07-11,07:00,70.37,70.37,69.95,70.05,2862
2025-07-11,08:00,70.05,70.17,69.64,70.04,3113
2025-07-11,09:00,70.09,71,69.87,70.9,3188
2025-07-11,10:00,70.89,70.94,69.99,70.09,1795
2025-07-11,11:00,70.1,70.57,70.09,70.51,910
2025-07-11,12:00,70.51,70.62,70.27,70.48,1298
2025-07-11,13:00,70.48,70.69,70.44,70.58,1011
2025-07-11,14:00,70.58,70.68,70.4,70.53,1325
2025-07-11,15:00,70.53,70.65,70.48,70.49,1239
2025-07-14,06:00,70.1,70.45,69.52,69.81,2658
2025-07-14,07:00,69.81,70.88,69.64,70.81,3424
2025-07-14,08:00,70.81,71.39,70.63,71.06,3522
2025-07-14,09:00,71.06,71.27,70.92,71.08,1679
2025-07-14,10:00,71.09,71.14,70.85,70.95,1334
2025-07-14,11:00,70.95,70.95,70.46,70.51,1941
2025-07-14,12:00,70.51,70.75,70.48,70.49,1317
2025-07-14,13:00,70.48,70.64,70.32,70.54,1532
2025-07-14,14:00,70.55,70.62,70.26,70.36,1235
2025-07-14,15:00,70.36,70.52,70.27,70.3,1869
2025-07-15,06:00,70.3,70.42,70.18,70.21,969
2025-07-15,07:00,70.21,70.52,69.99,70.44,1725
2025-07-15,08:00,70.44,70.8,70.34,70.45,1674
2025-07-15,09:00,70.47,70.64,70.28,70.32,1143
2025-07-15,10:00,70.31,70.51,70.22,70.45,964
2025-07-15,11:00,70.45,70.6,70.4,70.57,783
2025-07-15,12:00,70.58,70.73,70.52,70.66,941
2025-07-15,13:00,70.65,70.87,70.44,70.72,1533
2025-07-15,14:00,70.7,71.5,70.69,71.38,2891
2025-07-15,15:00,71.38,71.65,71.15,71.25,2980
2025-07-16,06:00,71.28,71.42,71.07,71.26,1134
2025-07-16,07:00,71.26,71.38,70.97,71.11,1103
2025-07-16,08:00,71.14,71.25,70.84,70.88,1202
2025-07-16,09:00,70.89,71.49,70.89,71.26,1634
2025-07-16,10:00,71.26,71.46,71.06,71.09,792
2025-07-16,11:00,71.1,72.09,71.05,71.9,2349
2025-07-16,12:00,71.9,72.39,71.76,71.88,3366
2025-07-16,13:00,71.87,72.06,71.54,71.64,1504
2025-07-16,14:00,71.65,71.76,71.5,71.58,942
2025-07-16,15:00,71.59,71.63,70.96,71.1,2393
2025-07-17,06:00,71.16,71.3,70.96,71.15,1043
2025-07-17,07:00,71.15,71.39,70.84,71.04,1539
2025-07-17,08:00,71.03,71.28,70.82,70.95,1678
2025-07-17,09:00,70.91,70.95,70.42,70.47,2585
2025-07-17,10:00,70.45,70.47,70.32,70.34,1459
2025-07-17,11:00,70.34,70.56,70.33,70.52,1069
2025-07-17,12:00,70.51,70.67,70.4,70.46,1588
2025-07-17,13:00,70.47,70.64,70.35,70.56,1182
2025-07-17,14:00,70.56,70.84,70.54,70.69,1097
2025-07-17,15:00,70.69,70.72,70.42,70.5,2010
2025-07-18,06:00,70.55,70.9,70.55,70.78,552
2025-07-18,07:00,70.75,71.03,70.5,70.67,1157
2025-07-18,08:00,70.69,70.8,70.21,70.39,2090
2025-07-18,09:00,70.4,70.68,70.35,70.64,972
2025-07-18,10:00,70.64,70.72,70.55,70.64,756
2025-07-18,11:00,70.65,70.75,70.52,70.65,809
2025-07-18,12:00,70.67,70.74,70.61,70.65,1011
2025-07-18,13:00,70.64,70.69,70.29,70.34,1551
2025-07-18,14:00,70.35,70.5,69.85,69.99,2936
2025-07-18,15:00,69.99,70.37,69.84,70.32,2592
2025-07-21,06:00,70.12,70.43,70,70.32,863
2025-07-21,07:00,70.32,70.44,69.85,69.92,2109
2025-07-21,08:00,69.91,70.55,69.91,70.23,1832
2025-07-21,09:00,70.2,70.35,69.86,70,2065
2025-07-21,10:00,70,70.28,70,70.02,925
2025-07-21,11:00,70.01,70.19,69.91,70,1117
2025-07-21,12:00,70,70.46,69.99,70.31,1439
2025-07-21,13:00,70.3,70.33,69.96,70.05,1199
2025-07-21,14:00,70.05,70.07,69.75,69.78,1806
2025-07-21,15:00,69.8,69.93,69.72,69.75,1899
2025-07-22,06:00,69.91,69.91,69.52,69.52,1282
2025-07-22,07:00,69.52,69.7,69.5,69.65,1601
2025-07-22,08:00,69.65,69.77,69.57,69.61,1169
2025-07-22,09:00,69.6,69.76,69.42,69.55,2213
2025-07-22,10:00,69.55,69.57,69.1,69.15,3015
2025-07-22,11:00,69.12,69.25,69.08,69.1,1399
2025-07-22,12:00,69.1,69.2,68.86,69.1,3128
2025-07-22,13:00,69.1,69.43,69.09,69.27,1167
2025-07-22,14:00,69.28,69.39,68.9,68.93,1381
2025-07-22,15:00,68.93,69.31,68.88,69.26,1301
2025-07-23,06:00,69.34,69.63,69.1,69.39,1178
2025-07-23,07:00,69.39,69.74,69.38,69.64,981
2025-07-23,08:00,69.65,69.9,69.52,69.67,1834
2025-07-23,09:00,69.66,69.99,69.6,69.78,1910
2025-07-23,10:00,69.78,69.89,69.53,69.63,912
2025-07-23,11:00,69.62,69.62,69.23,69.31,1273
2025-07-23,12:00,69.3,69.49,69.15,69.27,1588
2025-07-23,13:00,69.28,69.36,69,69.06,1768
2025-07-23,14:00,69.08,69.44,69.02,69.37,1921
2025-07-23,15:00,69.36,69.92,69.24,69.79,2280
2025-07-24,06:00,69.83,70.49,69.7,70.1,2727
2025-07-24,07:00,70.07,70.2,69.69,69.72,1671
2025-07-24,08:00,69.73,69.74,69.33,69.51,2503
2025-07-24,09:00,69.51,69.76,69.32,69.43,1390
2025-07-24,10:00,69.42,69.43,69.23,69.39,1383
2025-07-24,11:00,69.4,69.74,69.37,69.64,1484
2025-07-24,12:00,69.67,70.15,69.5,70.13,1878
2025-07-24,13:00,70.13,70.63,69.77,70.42,3054
2025-07-24,14:00,70.42,70.75,70.4,70.73,2751
2025-07-24,15:00,70.74,71.18,70.64,71.05,4314
2025-07-25,06:00,71.11,71.2,70.71,70.99,1050
2025-07-25,07:00,70.99,71.03,70.66,70.69,1225
2025-07-25,08:00,70.68,71.15,70.64,71,1195
2025-07-25,09:00,71.01,71.19,70.87,70.94,1317
2025-07-25,10:00,70.96,71.02,70.8,71.01,656
2025-07-25,11:00,71,71.05,70.87,70.95,656
2025-07-25,12:00,70.96,71.5,70.96,71.06,2610
2025-07-25,13:00,71.06,71.37,70.94,71.25,1083
2025-07-25,14:00,71.3,71.49,71.01,71.3,1178
2025-07-25,15:00,71.31,71.49,71.1,71.4,1675
2025-07-28,06:00,71.5,72.25,71.5,71.91,3240
2025-07-28,07:00,71.91,72.13,71.49,71.51,1642
2025-07-28,08:00,71.51,71.59,71.06,71.17,2936
2025-07-28,09:00,71.16,71.36,70.9,71.15,1722
2025-07-28,10:00,71.13,71.15,70.42,70.59,2161
2025-07-28,11:00,70.58,70.64,70.3,70.47,1383
2025-07-28,12:00,70.47,70.64,70.06,70.26,2804
2025-07-28,13:00,70.27,70.63,70.11,70.59,2360
2025-07-28,14:00,70.58,70.73,70.37,70.53,1598
2025-07-28,15:00,70.51,71.1,70.47,70.82,1722
2025-07-29,06:00,70.73,70.95,70.4,70.68,1540
2025-07-29,07:00,70.68,71.1,70.46,70.55,1462
2025-07-29,08:00,70.56,71.22,70.54,71.18,2378
2025-07-29,09:00,71.18,71.76,71.18,71.48,2517
2025-07-29,10:00,71.5,72.21,71.48,72.13,3306
2025-07-29,11:00,72.12,72.24,71.96,72.06,2223
2025-07-29,12:00,72.05,72.58,72.05,72.22,3528
2025-07-29,13:00,72.25,72.71,72.2,72.71,2931
2025-07-29,14:00,72.69,73.25,72.69,73.1,4377
2025-07-29,15:00,73.09,73.3,72.99,73.26,2480
2025-07-30,06:00,73.18,73.35,72.95,73.06,1750
2025-07-30,07:00,73.03,73.1,72.85,72.9,1248
2025-07-30,08:00,72.87,73.05,72.65,72.78,1725
2025-07-30,09:00,72.78,72.81,72.52,72.71,1538
2025-07-30,10:00,72.74,73.05,72.67,72.91,1128
2025-07-30,11:00,72.91,73,72.7,72.73,831
2025-07-30,12:00,72.77,73.3,72.72,73.16,1551
2025-07-30,13:00,73.15,73.22,72.97,73.08,1416
2025-07-30,14:00,73.08,73.08,72.67,72.7,1290
2025-07-30,15:00,72.72,73,72.67,72.87,1463
2025-07-31,06:00,72.64,72.81,72.24,72.34,1297
2025-07-31,07:00,72.32,72.6,72.22,72.4,1432
2025-07-31,08:00,72.37,73.07,72.36,72.83,2360
2025-07-31,09:00,72.83,73,72.68,72.99,2274
2025-07-31,10:00,72.99,73.06,72.7,72.83,1683
2025-07-31,11:00,72.84,72.9,72.57,72.6,1489
2025-07-31,12:00,72.62,73,72.51,72.76,1466
2025-07-31,13:00,72.77,72.9,72.66,72.75,830
2025-07-31,14:00,72.74,72.77,72.5,72.73,1499
2025-07-31,15:00,72.73,72.76,72.3,72.5,1928
2025-08-01,06:00,72.3,72.43,71.94,72.11,1639
2025-08-01,07:00,72.07,72.14,71.75,71.92,2439
2025-08-01,08:00,71.9,72.21,71.82,72.06,2277
2025-08-01,09:00,72.08,72.08,71.66,71.68,2250
2025-08-01,10:00,71.68,71.68,71.4,71.49,2687
2025-08-01,11:00,71.47,71.68,71.33,71.68,1409
2025-08-01,12:00,71.67,71.76,71.52,71.6,1965
2025-08-01,13:00,71.59,71.67,71.02,71.16,3364
2025-08-01,14:00,71.16,71.4,71.05,71.12,1900
2025-08-01,15:00,71.14,71.26,71,71.12,2727
2025-08-04,06:00,71,71.33,70.55,70.68,2591
2025-08-04,07:00,70.65,70.81,70.51,70.63,1872
2025-08-04,08:00,70.63,70.73,70.21,70.24,2493
2025-08-04,09:00,70.23,70.41,70.15,70.34,1974
2025-08-04,10:00,70.33,70.55,70.22,70.54,1158
2025-08-04,11:00,70.5,70.84,70.42,70.71,1369
2025-08-04,12:00,70.69,70.83,70.51,70.52,1281
2025-08-04,13:00,70.53,70.64,70.36,70.61,1311
2025-08-04,14:00,70.58,70.96,70.53,70.9,2357
2025-08-04,15:00,70.9,70.92,70.69,70.78,1409
2025-08-05,06:00,70.86,70.86,70.53,70.78,937
2025-08-05,07:00,70.79,70.92,70.56,70.63,1909
2025-08-05,08:00,70.65,70.86,70.6,70.66,1346
2025-08-05,09:00,70.65,71.4,70.5,71.33,2698
2025-08-05,10:00,71.35,71.45,71.24,71.41,1533
2025-08-05,11:00,71.41,71.54,71.25,71.28,1456
2025-08-05,12:00,71.28,71.63,71.15,71.36,2388
2025-08-05,13:00,71.37,71.55,71.29,71.3,972
2025-08-05,14:00,71.3,71.6,71.16,71.48,1181
2025-08-05,15:00,71.5,71.74,71.33,71.39,2048
2025-08-06,06:00,71.39,71.5,71.23,71.3,687
2025-08-06,07:00,71.29,71.38,71,71.25,1271
2025-08-06,08:00,71.25,71.46,71.12,71.35,1239
2025-08-06,09:00,71.35,71.71,71.25,71.56,1465
2025-08-06,10:00,71.55,71.6,71.23,71.27,797
2025-08-06,11:00,71.27,71.38,71.13,71.14,639
2025-08-06,12:00,71.17,71.18,70.9,70.98,2199
2025-08-06,13:00,70.98,71.18,70.91,71.1,1271
2025-08-06,14:00,71.1,71.15,70.9,71.02,1462
2025-08-06,15:00,71.03,71.06,70.75,70.75,2049
2025-08-07,06:00,70.73,70.77,70.4,70.55,1840
2025-08-07,07:00,70.54,70.8,70.3,70.61,2381
2025-08-07,08:00,70.59,70.82,70.43,70.7,1777
2025-08-07,09:00,70.69,70.87,70.5,70.65,1509
2025-08-07,10:00,70.65,70.81,70.5,70.79,1088
2025-08-07,11:00,70.79,71.44,70.72,71.34,3204
2025-08-07,12:00,71.36,71.53,71.18,71.39,2225
2025-08-07,13:00,71.39,71.5,71.18,71.34,1396
2025-08-07,14:00,71.32,71.67,71.3,71.46,1382
2025-08-07,15:00,71.45,72.01,71.44,71.98,3520
2025-08-08,06:00,71.96,72.19,71.8,72.16,1534
2025-08-08,07:00,72.17,72.5,72.05,72.41,2150
2025-08-08,08:00,72.4,72.86,72.34,72.82,2642
2025-08-08,09:00,72.8,72.89,72.69,72.86,1976
2025-08-08,10:00,72.88,72.93,72.65,72.81,1400
2025-08-08,11:00,72.8,72.98,72.62,72.71,1171
2025-08-08,12:00,72.72,72.77,72.56,72.64,1316
2025-08-08,13:00,72.65,73.23,72.61,73.2,2095
2025-08-08,14:00,73.23,73.35,72.75,73.26,4179
2025-08-08,15:00,73.27,73.32,72.84,72.98,3068
2025-08-11,06:00,72.98,72.98,72.55,72.92,1382
2025-08-11,07:00,72.89,73.15,72.65,72.72,1541
2025-08-11,08:00,72.73,72.88,72.62,72.73,1656
2025-08-11,09:00,72.73,72.96,72.72,72.93,1315
2025-08-11,10:00,72.93,72.97,72.56,72.64,1115
2025-08-11,11:00,72.65,72.65,72.15,72.41,2108
2025-08-11,12:00,72.42,72.55,72.15,72.2,1988
2025-08-11,13:00,72.2,72.36,72,72.32,1690
2025-08-11,14:00,72.32,72.42,72.12,72.22,1170
2025-08-11,15:00,72.22,72.44,72.14,72.27,1162
2025-08-12,06:00,72.29,72.42,72.02,72.04,1287
2025-08-12,07:00,72.03,72.27,72,72.07,1231
2025-08-12,08:00,72.08,72.16,71.76,71.89,2212
2025-08-12,09:00,71.9,72.07,71.77,71.88,1509
2025-08-12,10:00,71.89,72.03,71.8,71.89,784
2025-08-12,11:00,71.89,71.9,71.66,71.74,764
2025-08-12,12:00,71.77,71.8,71.55,71.8,1294
2025-08-12,13:00,71.83,71.92,71.56,71.77,1122
2025-08-12,14:00,71.75,71.81,71.56,71.62,747
2025-08-12,15:00,71.6,71.69,71.37,71.46,2602
2025-08-13,06:00,71.5,71.53,71.26,71.44,925
2025-08-13,07:00,71.43,71.92,71.42,71.7,1548
2025-08-13,08:00,71.7,71.8,71.48,71.53,1875
2025-08-13,09:00,71.53,72.04,71.53,71.92,1667
2025-08-13,10:00,71.93,72.07,71.86,71.94,576
2025-08-13,11:00,71.93,72.13,71.85,71.98,997
2025-08-13,12:00,72,72.15,71.9,71.96,1180
2025-08-13,13:00,71.96,71.96,71.56,71.68,1510
2025-08-13,14:00,71.69,71.71,71.5,71.61,1379
2025-08-13,15:00,71.61,71.9,71.54,71.68,1363
2025-08-14,06:00,71.88,71.88,71.6,71.66,788
2025-08-14,07:00,71.65,71.65,71.4,71.43,1795
2025-08-14,08:00,71.41,71.45,71.14,71.26,2537
2025-08-14,09:00,71.25,71.26,71.01,71.03,2434
2025-08-14,10:00,71.01,71.1,70.57,70.75,3716
2025-08-14,11:00,70.75,71.35,70.72,71.04,2401
2025-08-14,12:00,71.05,71.2,70.86,71.06,1302
2025-08-14,13:00,71.07,71.4,71.05,71.2,1221
2025-08-14,14:00,71.22,71.26,70.9,71.06,1168
2025-08-14,15:00,71.05,71.11,70.9,71.07,1940
2025-08-15,06:00,71.02,71.31,70.9,71.1,577
2025-08-15,07:00,71.07,71.2,70.62,70.63,1538
2025-08-15,08:00,70.65,70.84,70.62,70.76,1200
2025-08-15,09:00,70.78,70.94,70.74,70.89,674
2025-08-15,10:00,70.87,70.95,70.7,70.73,590
2025-08-15,11:00,70.7,70.86,70.64,70.71,821
2025-08-15,12:00,70.71,70.71,70.33,70.37,2367
2025-08-15,13:00,70.37,70.85,70.28,70.57,2818
2025-08-15,14:00,70.56,70.73,70.42,70.69,1710
2025-08-15,15:00,70.69,70.76,70.55,70.64,1293
2025-08-18,06:00,70.89,70.92,70.36,70.48,1422
2025-08-18,07:00,70.47,70.67,70.3,70.6,1682
2025-08-18,08:00,70.6,70.79,70.55,70.75,1620
2025-08-18,09:00,70.75,71.11,70.72,70.72,2452
2025-08-18,10:00,70.74,70.89,70.65,70.7,862
2025-08-18,11:00,70.71,70.86,70.54,70.77,1012
2025-08-18,12:00,70.8,71.15,70.74,71.07,1703
2025-08-18,13:00,71.09,71.17,70.84,70.9,1865
2025-08-18,14:00,70.9,71.73,70.81,71.59,3032
2025-08-18,15:00,71.59,71.99,71.58,71.68,2727
2025-08-19,06:00,71.65,71.92,71.32,71.48,1622
2025-08-19,07:00,71.48,71.86,71.4,71.72,1537
2025-08-19,08:00,71.7,72.08,71.65,71.89,1779
2025-08-19,09:00,71.9,72.04,71.6,71.66,1918
2025-08-19,10:00,71.65,71.68,71.32,71.4,1289
2025-08-19,11:00,71.4,71.66,71.4,71.51,1101
2025-08-19,12:00,71.52,71.64,71.3,71.34,1807
2025-08-19,13:00,71.36,71.47,71.07,71.43,1702
2025-08-19,14:00,71.43,71.43,71.09,71.23,1241
2025-08-19,15:00,71.23,71.35,71.03,71.24,2229
2025-08-20,06:00,71.3,71.54,71,71.43,1595
2025-08-20,07:00,71.42,71.46,70.95,70.99,1614
2025-08-20,08:00,70.98,71.16,70.76,70.94,2501
2025-08-20,09:00,70.93,70.98,70.78,70.93,983
2025-08-20,10:00,70.93,70.98,70.65,70.71,1066
2025-08-20,11:00,70.71,70.96,70.7,70.89,949
2025-08-20,12:00,70.88,70.99,70.8,70.92,967
2025-08-20,13:00,70.91,71.21,70.86,71.1,1669
2025-08-20,14:00,71.11,71.49,71.11,71.15,1665
2025-08-20,15:00,71.12,71.5,71.12,71.45,1581
2025-08-21,06:00,71.49,71.52,71.07,71.1,1036
2025-08-21,07:00,71.1,71.49,71.06,71.38,1494
2025-08-21,08:00,71.36,71.88,71.33,71.72,2464
2025-08-21,09:00,71.71,71.95,71.71,71.8,1756
2025-08-21,10:00,71.81,72.1,71.67,72.02,1969
2025-08-21,11:00,72.02,72.34,71.88,72.28,2008
2025-08-21,12:00,72.3,72.48,71.94,72.17,2806
2025-08-21,13:00,72.15,72.4,72.01,72.07,1775
2025-08-21,14:00,72.07,72.45,71.93,72.38,2087
2025-08-21,15:00,72.41,72.76,72.33,72.57,2884
2025-08-22,06:00,72.6,72.75,72.42,72.47,1352
2025-08-22,07:00,72.47,72.8,72.33,72.6,1667
2025-08-22,08:00,72.6,72.78,72.54,72.6,1378
2025-08-22,09:00,72.6,72.72,72.39,72.49,1407
2025-08-22,10:00,72.47,72.52,72.27,72.5,1110
2025-08-22,11:00,72.49,72.58,72.38,72.38,791
2025-08-22,12:00,72.42,72.59,72.34,72.5,998
2025-08-22,13:00,72.5,72.54,72.31,72.42,921
2025-08-22,14:00,72.42,72.54,72.26,72.47,1481
2025-08-22,15:00,72.46,72.61,72.37,72.54,1511
2025-08-25,06:00,72.51,72.6,72.03,72.16,1114
2025-08-25,07:00,72.12,72.4,72,72.24,1425
2025-08-25,08:00,72.21,72.28,71.82,71.93,1737
2025-08-25,09:00,71.92,72.1,71.86,72,1002
2025-08-25,10:00,71.99,72.11,71.9,72.07,731
2025-08-25,11:00,72.08,72.14,71.91,71.98,848
2025-08-25,12:00,72,72.08,71.95,71.97,689
2025-08-25,13:00,71.97,72.53,71.96,72.35,1499
2025-08-25,14:00,72.37,72.48,72.3,72.4,613
2025-08-25,15:00,72.43,72.6,71.86,72.03,2432
2025-08-26,06:00,72.04,72.05,71.63,71.77,1711
2025-08-26,07:00,71.8,71.99,71.63,71.79,1269
2025-08-26,08:00,71.79,71.93,71.72,71.81,988
2025-08-26,09:00,71.79,71.9,71.58,71.72,1604
2025-08-26,10:00,71.7,71.83,71.7,71.73,519
2025-08-26,11:00,71.73,72.28,71.71,72.19,1310
2025-08-26,12:00,72.19,72.39,72.14,72.28,1384
2025-08-26,13:00,72.28,72.9,72.21,72.68,3300
2025-08-26,14:00,72.69,72.98,72.65,72.9,2446
2025-08-26,15:00,72.9,72.98,72.5,72.73,1929
2025-08-27,06:00,72.72,73.3,72.62,73.11,2317
2025-08-27,07:00,73.11,73.17,72.7,72.83,1477
2025-08-27,08:00,72.85,73.05,72.75,72.95,1318
2025-08-27,09:00,72.98,72.99,72.58,72.7,1538
2025-08-27,10:00,72.7,72.71,72.4,72.65,1456
2025-08-27,11:00,72.64,72.69,72.51,72.63,943
2025-08-27,12:00,72.63,72.76,72.46,72.53,1345
2025-08-27,13:00,72.53,72.58,71.93,72.07,3153
2025-08-27,14:00,72.07,72.33,72.05,72.21,1509
2025-08-27,15:00,72.21,72.37,72.13,72.27,1490
2025-08-28,06:00,72.34,72.34,71.88,71.9,1630
2025-08-28,07:00,71.91,72,71.6,71.78,2607
2025-08-28,08:00,71.77,71.92,71.6,71.78,1832
2025-08-28,09:00,71.78,71.89,71.51,71.81,2004
2025-08-28,10:00,71.81,71.97,71.7,71.74,1384
2025-08-28,11:00,71.74,71.86,71.35,71.45,2503
2025-08-28,12:00,71.44,71.57,71.31,71.54,2099
2025-08-28,13:00,71.54,71.76,71.4,71.76,1706
2025-08-28,14:00,71.75,72.15,71.72,71.86,2395
2025-08-28,15:00,71.84,71.93,71.55,71.85,1850
2025-08-29,06:00,71.72,72.11,71.65,71.98,830
2025-08-29,07:00,71.96,72.2,71.77,71.79,1104
2025-08-29,08:00,71.76,71.9,71.6,71.88,1411
2025-08-29,09:00,71.86,72.74,71.86,72.55,3172
2025-08-29,10:00,72.53,72.95,72.53,72.85,2145
2025-08-29,11:00,72.84,72.89,72.62,72.74,1337
2025-08-29,12:00,72.73,72.95,72.67,72.69,1833
2025-08-29,13:00,72.68,72.8,72.62,72.68,1580
2025-08-29,14:00,72.68,72.83,72.5,72.81,1466
2025-08-29,15:00,72.8,73.05,72.78,72.95,3289
2025-09-01,06:00,72.9,73.75,72.78,73.66,3150
2025-09-01,07:00,73.67,74.1,73.55,73.58,3765
2025-09-01,08:00,73.58,73.9,73.55,73.7,2401
2025-09-01,09:00,73.71,74.09,73.6,73.98,1925
2025-09-01,10:00,73.97,74.23,73.83,73.89,1872
2025-09-01,11:00,73.88,73.95,73.72,73.89,1350
2025-09-01,12:00,73.9,74.25,73.9,74.07,2663
2025-09-01,13:00,74.09,74.36,74.05,74.27,2117
2025-09-01,14:00,74.28,74.55,73.9,73.97,3834
2025-09-01,15:00,73.97,74.42,73.91,74.31,1949
2025-09-02,06:00,74.12,74.42,73.81,73.97,1653
2025-09-02,07:00,73.97,74.14,73.75,73.82,2205
2025-09-02,08:00,73.85,74.26,73.78,74.13,2108
2025-09-02,09:00,74.13,74.27,73.81,74.26,2099
2025-09-02,10:00,74.26,74.44,74.18,74.18,1681
2025-09-02,11:00,74.18,74.28,73.65,73.86,2346
2025-09-02,12:00,73.85,73.97,73.36,73.47,3410
2025-09-02,13:00,73.47,73.83,73.42,73.59,2094
2025-09-02,14:00,73.59,73.87,73.55,73.72,1352
2025-09-02,15:00,73.72,73.84,73.53,73.64,2101
2025-09-03,06:00,73.46,73.74,73.46,73.49,734
2025-09-03,07:00,73.49,73.72,73.42,73.48,1315
2025-09-03,08:00,73.5,74,73.42,73.89,2184
2025-09-03,09:00,73.92,74.07,73.78,73.88,1923
2025-09-03,10:00,73.87,73.92,73.58,73.92,1104
2025-09-03,11:00,73.92,74.74,73.89,74.71,3701
2025-09-03,12:00,74.7,74.79,74.45,74.62,2508
2025-09-03,13:00,74.62,74.7,74.39,74.56,2183
2025-09-03,14:00,74.56,74.98,74.46,74.94,2795
2025-09-03,15:00,74.93,75.05,74.86,75.03,3983
2025-09-04,06:00,75,75.05,74.58,74.73,1812
2025-09-04,07:00,74.73,75.32,74.69,75.16,3341
2025-09-04,08:00,75.18,75.42,74.99,74.99,2842
2025-09-04,09:00,75.02,75.02,74.61,74.83,2582
2025-09-04,10:00,74.84,75.08,74.78,75.07,1367
2025-09-04,11:00,75.06,75.15,74.86,74.89,1029
2025-09-04,12:00,74.89,75.3,74.88,75.23,1820
2025-09-04,13:00,75.24,75.45,75.13,75.4,2152
2025-09-04,14:00,75.41,75.45,75.04,75.34,2773
2025-09-04,15:00,75.35,75.71,75.34,75.56,2501
2025-09-05,06:00,75.29,75.74,75.29,75.65,1134
2025-09-05,07:00,75.65,76.18,75.56,75.71,3877
2025-09-05,08:00,75.7,76.11,75.6,76.04,2116
2025-09-05,09:00,76.03,76.25,75.95,76.09,2527
2025-09-05,10:00,76.1,76.24,75.99,76.15,1811
2025-09-05,11:00,76.16,76.16,76.02,76.08,1139
2025-09-05,12:00,76.08,76.13,75.58,75.76,3010
2025-09-05,13:00,75.76,76.04,75.75,75.94,1666
2025-09-05,14:00,75.94,76.13,75.76,76.02,2441
2025-09-05,15:00,76.02,76.12,75.9,76.05,2630
2025-09-08,06:00,76.05,76.46,75.93,76.22,1551
2025-09-08,07:00,76.25,76.47,75.6,75.69,2552
2025-09-08,08:00,75.66,75.81,75.5,75.59,2483
2025-09-08,09:00,75.58,76.38,75.58,76.15,2942
2025-09-08,10:00,76.15,76.35,76.12,76.3,1114
2025-09-08,11:00,76.28,76.49,76.27,76.44,1602
2025-09-08,12:00,76.44,76.52,76.23,76.26,1994
2025-09-08,13:00,76.25,77.3,76.25,77.26,5087
2025-09-08,14:00,77.27,77.32,76.9,77.1,2953
2025-09-08,15:00,77.09,77.2,76.78,77,2879
2025-09-09,06:00,77,77.17,76.8,77.04,1759
2025-09-09,07:00,77.03,77.23,76.86,76.92,3724
2025-09-09,08:00,76.92,77.1,76.69,76.84,2361
2025-09-09,09:00,76.85,77.1,76.81,77.04,1901
2025-09-09,10:00,77.03,77.17,76.44,76.64,3572
2025-09-09,11:00,76.63,76.67,76.11,76.14,2495
2025-09-09,12:00,76.14,76.45,76,76.29,3031
2025-09-09,13:00,76.27,76.62,76.25,76.6,2515
2025-09-09,14:00,76.6,76.75,76.35,76.58,2009
2025-09-09,15:00,76.6,77.02,76.6,76.8,2932
2025-09-10,06:00,77,77.2,76.73,76.99,1633
2025-09-10,07:00,76.98,77.17,76.25,76.57,3141
2025-09-10,08:00,76.56,76.92,76.4,76.82,1923
2025-09-10,09:00,76.83,77.03,76.73,76.75,1746
2025-09-10,10:00,76.75,77.03,76.4,76.71,2340
2025-09-10,11:00,76.71,76.97,76.6,76.88,1611
2025-09-10,12:00,76.88,76.89,76.47,76.5,1349
2025-09-10,13:00,76.5,76.91,76.46,76.81,1697
2025-09-10,14:00,76.82,76.94,76.65,76.91,1691
2025-09-10,15:00,76.89,77.58,76.89,77.27,5111
2025-09-11,06:00,77.17,77.3,76.68,76.72,1861
2025-09-11,07:00,76.71,76.92,76.6,76.75,1656
2025-09-11,08:00,76.75,76.84,76.52,76.6,1909
2025-09-11,09:00,76.6,76.67,76.26,76.5,2322
2025-09-11,10:00,76.5,76.73,76.39,76.59,1129
2025-09-11,11:00,76.59,76.61,76.35,76.41,1635
2025-09-11,12:00,76.41,76.41,75.38,75.57,8077
2025-09-11,13:00,75.57,75.74,75.35,75.64,2781
2025-09-11,14:00,75.66,75.79,75.4,75.5,2493
2025-09-11,15:00,75.49,75.7,75.3,75.39,3583
2025-09-12,06:00,75.34,75.55,75.25,75.46,1064
2025-09-12,07:00,75.43,75.7,75.26,75.39,1860
2025-09-12,08:00,75.4,75.55,75.1,75.55,2608
2025-09-12,09:00,75.55,75.74,75.44,75.62,1409
2025-09-12,10:00,75.64,75.95,75.5,75.85,1226
2025-09-12,11:00,75.85,75.95,75.6,75.92,1238
2025-09-12,12:00,75.93,76.03,75.58,75.76,2789
2025-09-12,13:00,75.76,75.98,75.67,75.95,1343
2025-09-12,14:00,75.97,76.03,75.77,75.84,1402
2025-09-12,15:00,75.84,75.92,75.6,75.7,2335
2025-09-15,06:00,75.6,75.92,75.44,75.67,998
2025-09-15,07:00,75.67,75.68,75.11,75.32,2091
2025-09-15,08:00,75.33,75.64,75.23,75.5,1850
2025-09-15,09:00,75.5,75.74,75.31,75.74,2192
2025-09-15,10:00,75.75,75.89,75.49,75.81,1603
2025-09-15,11:00,75.81,76.43,75.8,76.36,3952
2025-09-15,12:00,76.35,76.74,76.34,76.41,3153
2025-09-15,13:00,76.42,76.83,76.4,76.59,2187
2025-09-15,14:00,76.6,77.04,76.48,76.74,2527
2025-09-15,15:00,76.73,77.06,76.66,77.02,2363
2025-09-16,06:00,77.05,77.11,76.75,76.76,1532
2025-09-16,07:00,76.77,76.82,76.54,76.58,2274
2025-09-16,08:00,76.57,76.8,76.49,76.58,1911
2025-09-16,09:00,76.56,76.77,76.53,76.72,1996
2025-09-16,10:00,76.72,77,76.68,76.86,1825
2025-09-16,11:00,76.84,77.87,76.84,77.74,4609
2025-09-16,12:00,77.75,78.26,77.6,77.85,4355
2025-09-16,13:00,77.86,77.88,77.18,77.31,2928
2025-09-16,14:00,77.31,77.55,77.22,77.37,1992
2025-09-16,15:00,77.36,77.61,77.25,77.57,2283
2025-09-17,06:00,77.5,78.06,77.5,77.99,1221
2025-09-17,07:00,78.01,78.15,77.69,77.81,2310
2025-09-17,08:00,77.79,78.45,77.76,78.07,3460
2025-09-17,09:00,78.05,78.09,77.37,77.66,3415
2025-09-17,10:00,77.66,77.94,77.43,77.87,1777
2025-09-17,11:00,77.87,78.06,77.7,77.8,1427
2025-09-17,12:00,77.8,77.87,77.12,77.24,3632
2025-09-17,13:00,77.23,77.61,77.15,77.26,2121
2025-09-17,14:00,77.27,77.4,76.69,76.86,4013
2025-09-17,15:00,76.86,77.06,76.76,76.9,2556
2025-09-18,06:00,76.94,77.3,76.83,77.26,1552
2025-09-18,07:00,77.25,77.84,77.25,77.75,1994
2025-09-18,08:00,77.73,77.91,77.68,77.75,1873
2025-09-18,09:00,77.74,78.11,77.66,77.96,2598
2025-09-18,10:00,77.97,78.23,77.97,78,1394
2025-09-18,11:00,78,78.01,77.69,77.75,1471
2025-09-18,12:00,77.73,77.97,77.58,77.64,1496
2025-09-18,13:00,77.64,77.76,77.35,77.59,2208
2025-09-18,14:00,77.62,77.95,77.6,77.89,1745
2025-09-18,15:00,77.89,78.01,77.45,77.48,3321
2025-09-19,06:00,77.65,77.65,77.2,77.36,1118
2025-09-19,07:00,77.37,77.7,77.15,77.18,1974
2025-09-19,08:00,77.18,77.48,77.03,77.06,2876
2025-09-19,09:00,77.05,77.28,77.01,77.22,1237
2025-09-19,10:00,77.2,77.5,77.17,77.27,811
2025-09-19,11:00,77.3,77.4,77.1,77.15,1209
2025-09-19,12:00,77.15,77.7,77.11,77.57,1706
2025-09-19,13:00,77.55,77.65,77.48,77.51,1040
2025-09-19,14:00,77.51,77.75,77.44,77.46,1182
2025-09-19,15:00,77.46,77.6,77.42,77.53,1581
2025-09-22,06:00,77.69,77.69,77.09,77.25,1063
2025-09-22,07:00,77.27,77.64,77.27,77.38,1469
2025-09-22,08:00,77.37,77.45,77.2,77.3,1318
2025-09-22,09:00,77.28,77.33,76.25,76.39,4650
2025-09-22,10:00,76.36,76.73,76.21,76.51,1879
2025-09-22,11:00,76.53,76.78,76.11,76.18,1956
2025-09-22,12:00,76.21,76.41,76.12,76.26,1404
2025-09-22,13:00,76.27,76.38,76.17,76.3,1263
2025-09-22,14:00,76.3,76.31,75.91,76.23,2233
2025-09-22,15:00,76.22,76.32,76.1,76.27,1818
2025-09-23,06:00,76.21,76.58,76.03,76.2,1893
2025-09-23,07:00,76.19,76.19,75.77,76.04,1810
2025-09-23,08:00,76.02,76.29,75.84,76.16,2440
2025-09-23,09:00,76.16,76.79,75.94,76.54,2581
2025-09-23,10:00,76.54,76.64,76.27,76.42,1391
2025-09-23,11:00,76.42,76.57,76.27,76.56,821
2025-09-23,12:00,76.58,76.79,76.41,76.49,1519
2025-09-23,13:00,76.47,77.23,76.44,77.15,2763
2025-09-23,14:00,77.15,77.25,76.9,76.95,1646
2025-09-23,15:00,76.95,76.98,76.64,76.71,2004
2025-09-24,06:00,76.64,76.78,76.54,76.7,716
2025-09-24,07:00,76.68,76.68,75.77,75.9,3194
2025-09-24,08:00,75.91,76.2,75.86,76.12,2180
2025-09-24,09:00,76.12,76.16,75.9,76.03,1346
2025-09-24,10:00,76.05,76.3,75.92,76.15,1806
2025-09-24,11:00,76.14,76.44,76.02,76.23,1527
2025-09-24,12:00,76.28,76.32,76.04,76.04,1614
2025-09-24,13:00,76.03,76.28,76.03,76.14,1142
2025-09-24,14:00,76.15,76.2,75.94,75.96,1116
2025-09-24,15:00,75.98,76.24,75.89,76.1,2235
2025-09-25,06:00,76.03,76.3,76.03,76.05,1137
2025-09-25,07:00,76.07,76.5,76.07,76.41,1562
2025-09-25,08:00,76.41,76.59,76.12,76.12,2018
2025-09-25,09:00,76.12,76.13,75.36,75.85,5048
2025-09-25,10:00,75.85,75.85,75.46,75.56,1792
2025-09-25,11:00,75.56,75.86,75.47,75.77,1814
2025-09-25,12:00,75.77,75.83,75.5,75.71,1667
2025-09-25,13:00,75.72,75.95,75.67,75.7,1207
2025-09-25,14:00,75.73,75.86,75.62,75.77,1258
2025-09-25,15:00,75.79,75.83,75.5,75.54,2213
2025-09-26,06:00,75.53,75.79,75.29,75.51,1130
2025-09-26,07:00,75.52,75.83,75.3,75.47,1528
2025-09-26,08:00,75.46,75.64,75.25,75.26,1460
2025-09-26,09:00,75.26,75.5,75.15,75.33,2693
2025-09-26,10:00,75.31,75.37,75.1,75.36,1427
2025-09-26,11:00,75.35,75.76,75.34,75.69,1633
2025-09-26,12:00,75.69,75.86,75.49,75.67,1367
2025-09-26,13:00,75.69,76.1,75.55,75.98,1319
2025-09-26,14:00,75.97,76.07,75.82,76,1160
2025-09-26,15:00,76,76.1,75.73,75.89,1962
2025-09-29,06:00,75.85,75.85,75.1,75.34,2055
2025-09-29,07:00,75.33,75.45,75.06,75.37,2288
2025-09-29,08:00,75.35,75.59,75.25,75.47,1673
2025-09-29,09:00,75.49,76.47,75.49,76.23,4730
2025-09-29,10:00,76.25,76.28,75.92,76.03,1002
2025-09-29,11:00,76.01,76.49,75.76,76.38,1956
2025-09-29,12:00,76.37,76.41,76.11,76.18,935
2025-09-29,13:00,76.2,76.22,76.03,76.09,1035
2025-09-29,14:00,76.09,76.8,76.08,76.8,2885
2025-09-29,15:00,76.78,76.97,76.46,76.6,3138
2025-09-30,06:00,76.79,76.8,76.37,76.46,914
2025-09-30,07:00,76.46,76.6,76.25,76.41,1579
2025-09-30,08:00,76.42,76.53,76.3,76.41,1682
2025-09-30,09:00,76.4,76.4,76.1,76.15,2350
2025-09-30,10:00,76.16,76.39,76.07,76.32,1074
2025-09-30,11:00,76.31,76.6,76.01,76.49,2895
2025-09-30,12:00,76.47,76.51,76.21,76.32,1464
2025-09-30,13:00,76.31,76.5,75.6,75.76,3739
2025-09-30,14:00,75.76,75.92,75.62,75.8,2251
2025-09-30,15:00,75.8,75.87,75.57,75.69,2238
2025-10-01,06:00,75.61,75.92,75.52,75.56,999
2025-10-01,07:00,75.58,75.58,75.18,75.2,2394
2025-10-01,08:00,75.2,75.36,74.7,74.73,4361
2025-10-01,09:00,74.75,74.86,74.51,74.82,3619
2025-10-01,10:00,74.84,74.91,74.69,74.8,1197
2025-10-01,11:00,74.81,74.97,74.63,74.88,1271
2025-10-01,12:00,74.9,75.52,74.83,75.29,2987
2025-10-01,13:00,75.29,75.5,75.22,75.31,1840
2025-10-01,14:00,75.3,76.56,75.1,76.49,5828
2025-10-01,15:00,76.49,76.51,76.26,76.49,2445
2025-10-02,06:00,76.35,76.87,76.33,76.84,1540
2025-10-02,07:00,76.84,76.84,76.55,76.58,1326
2025-10-02,08:00,76.58,76.7,76.32,76.43,1749
2025-10-02,09:00,76.44,76.73,76.25,76.38,1430
2025-10-02,10:00,76.38,76.45,76.18,76.32,1055
2025-10-02,11:00,76.31,76.36,76.15,76.21,1060
2025-10-02,12:00,76.23,76.62,76.11,76.58,1567
2025-10-02,13:00,76.55,77.58,76.43,77.45,5742
2025-10-02,14:00,77.43,77.8,77.15,77.55,4861
2025-10-02,15:00,77.54,77.64,77.22,77.32,3006
2025-10-03,06:00,77.65,77.9,77.52,77.62,2200
2025-10-03,07:00,77.62,78.4,77.57,78.28,4189
2025-10-03,08:00,78.29,79.27,78.09,79,6078
2025-10-03,09:00,79,79.03,78.7,78.8,2144
2025-10-03,10:00,78.79,78.91,78.66,78.86,1332
2025-10-03,11:00,78.91,78.94,78.56,78.6,968
2025-10-03,12:00,78.6,78.8,78.44,78.71,2057
2025-10-03,13:00,78.7,79.11,78.64,78.89,2642
2025-10-03,14:00,78.89,79.16,78.79,79.15,2119
2025-10-03,15:00,79.14,79.55,79.01,79.45,4186
2025-10-06,06:00,79.72,79.84,79.32,79.71,2765
2025-10-06,07:00,79.69,79.97,79.45,79.67,3230
2025-10-06,08:00,79.66,79.76,79.23,79.4,3202
2025-10-06,09:00,79.4,79.75,79.37,79.65,2295
2025-10-06,10:00,79.63,80.11,79.49,79.83,1560
2025-10-06,11:00,79.83,79.87,79.5,79.54,1763
2025-10-06,12:00,79.53,79.62,79.17,79.2,2645
2025-10-06,13:00,79.22,79.37,78.61,79.02,4103
2025-10-06,14:00,79.04,79.15,78.85,78.89,1488
2025-10-06,15:00,78.9,79.07,78.65,78.8,3219
2025-10-07,06:00,78.75,79.07,78.67,78.91,1775
2025-10-07,07:00,78.9,79.13,78.47,78.65,2897
2025-10-07,08:00,78.64,78.76,78.31,78.66,2560
2025-10-07,09:00,78.69,78.8,78.5,78.7,2433
2025-10-07,10:00,78.71,78.92,78.58,78.89,1370
2025-10-07,11:00,78.89,79.12,78.61,78.63,1802
2025-10-07,12:00,78.61,78.84,78.4,78.44,1354
2025-10-07,13:00,78.43,78.75,78.42,78.58,1573
2025-10-07,14:00,78.59,78.6,78,78.17,3121
2025-10-07,15:00,78.17,78.46,78.06,78.32,2305
2025-10-08,06:00,78.14,78.54,78.14,78.23,623
2025-10-08,07:00,78.26,78.53,77.9,78.53,2353
2025-10-08,08:00,78.53,78.58,78.22,78.25,1797
2025-10-08,09:00,78.26,78.98,78.02,78.84,2703
2025-10-08,10:00,78.81,79.09,78.73,78.73,1130
2025-10-08,11:00,78.75,78.87,78.5,78.59,996
2025-10-08,12:00,78.57,78.71,78.45,78.48,1188
2025-10-08,13:00,78.48,78.59,78.02,78.18,2337
2025-10-08,14:00,78.18,78.71,78.18,78.64,1341
2025-10-08,15:00,78.62,79.29,78.62,79.1,2535
2025-10-09,06:00,78.9,78.9,78.46,78.6,1449
2025-10-09,07:00,78.58,78.66,78.32,78.34,1899
2025-10-09,08:00,78.33,78.42,78.04,78.4,2145
2025-10-09,09:00,78.4,78.89,78.27,78.32,2237
2025-10-09,10:00,78.31,78.4,78.12,78.35,1428
2025-10-09,11:00,78.35,78.45,78.13,78.19,1159
2025-10-09,12:00,78.21,78.59,78.13,78.43,1298
2025-10-09,13:00,78.42,78.73,78.41,78.51,1339
2025-10-09,14:00,78.53,79.33,78.53,79.3,3148
2025-10-09,15:00,79.3,79.54,79.12,79.24,2916
2025-10-10,06:00,79.22,79.41,79.01,79.05,1146
2025-10-10,07:00,79.07,79.62,79.04,79.39,1925
2025-10-10,08:00,79.4,79.96,79.39,79.67,2930
2025-10-10,09:00,79.65,79.88,79.38,79.79,1787
2025-10-10,10:00,79.78,80.31,79.69,79.89,2310
2025-10-10,11:00,79.89,80.1,79.7,79.75,1425
2025-10-10,12:00,79.74,80.09,79.42,79.87,2977
2025-10-10,13:00,79.87,80.37,79.83,80.29,2594
2025-10-10,14:00,80.31,80.33,80.11,80.17,1710
2025-10-10,15:00,80.15,80.16,79.21,79.25,5329
2025-10-13,06:00,79.54,79.74,78.74,78.96,2931
2025-10-13,07:00,78.95,79.72,78.8,79.29,3139
2025-10-13,08:00,79.26,79.27,78.76,79.1,2251
2025-10-13,09:00,79.12,79.12,78.39,78.54,3050
2025-10-13,10:00,78.54,78.68,78.35,78.67,1761
2025-10-13,11:00,78.68,78.69,78.46,78.67,969
2025-10-13,12:00,78.67,78.69,78.11,78.27,3159
2025-10-13,13:00,78.27,78.38,77.84,78.28,3486
2025-10-13,14:00,78.27,78.29,77.97,78.19,1799
2025-10-13,15:00,78.18,78.18,77.76,77.85,2444
2025-10-14,06:00,77.9,77.9,77.27,77.27,3314
2025-10-14,07:00,77.3,77.45,77.1,77.23,3307
2025-10-14,08:00,77.25,77.4,77.1,77.32,1870
2025-10-14,09:00,77.34,77.38,76.85,77.07,3525
2025-10-14,10:00,77.07,77.17,76.84,76.88,1804
2025-10-14,11:00,76.86,77.17,76.81,77.09,2030
2025-10-14,12:00,77.1,77.14,76.82,76.98,1910
2025-10-14,13:00,76.97,77.25,76.97,77.14,2050
2025-10-14,14:00,77.17,77.17,76.95,77.07,1289
2025-10-14,15:00,77.09,77.12,76.69,76.73,3167
2025-10-15,06:00,76.73,77.53,76.68,77.53,1889
2025-10-15,07:00,77.52,77.53,77.2,77.33,1225
2025-10-15,08:00,77.34,77.37,76.92,76.94,1750
2025-10-15,09:00,76.95,77.43,76.95,77.35,1901
2025-10-15,10:00,77.35,77.48,77.23,77.48,671
2025-10-15,11:00,77.48,77.74,77.4,77.52,1552
2025-10-15,12:00,77.53,77.53,77.08,77.08,1634
2025-10-15,13:00,77.1,77.45,77.05,77.4,1604
2025-10-15,14:00,77.38,78.3,77.35,78.11,4586
2025-10-15,15:00,78.11,78.16,77.81,78.06,2951
2025-10-16,06:00,78.06,78.29,77.94,77.98,1371
2025-10-16,07:00,77.98,78.11,77.76,77.78,1744
2025-10-16,08:00,77.78,78.23,77.61,78.1,2087
2025-10-16,09:00,78.09,78.85,78.08,78.74,2754
2025-10-16,10:00,78.76,78.89,78.68,78.68,1097
2025-10-16,11:00,78.7,78.9,78.64,78.82,1065
2025-10-16,12:00,78.81,79,78.68,78.86,1719
2025-10-16,13:00,78.87,79.69,78.8,79.34,5190
2025-10-16,14:00,79.35,79.66,79.16,79.37,2984
2025-10-16,15:00,79.4,79.65,79.25,79.38,3089
2025-10-17,06:00,78.99,79.15,78.69,78.77,2260
2025-10-17,07:00,78.77,78.77,78.12,78.41,4316
2025-10-17,08:00,78.41,78.55,78.21,78.42,2057
2025-10-17,09:00,78.44,79.25,78.35,79.01,2798
2025-10-17,10:00,79.01,79.34,78.9,78.93,1735
2025-10-17,11:00,78.95,79.47,78.93,79.37,1452
2025-10-17,12:00,79.37,79.83,79.32,79.68,2383
2025-10-17,13:00,79.7,79.9,79.55,79.58,1965
2025-10-17,14:00,79.58,79.87,79.44,79.45,2128
2025-10-17,15:00,79.46,79.56,79.23,79.39,2326
2025-10-20,06:00,79.5,79.75,79.01,79.21,1045
2025-10-20,07:00,79.2,79.59,78.98,79.08,1758
2025-10-20,08:00,79.1,79.35,78.85,79.22,1926
2025-10-20,09:00,79.21,79.65,79,79.29,2122
2025-10-20,10:00,79.3,79.44,79.11,79.13,910
2025-10-20,11:00,79.13,79.26,79,79.03,1051
2025-10-20,12:00,79.03,79.04,78.65,78.99,2107
2025-10-20,13:00,78.98,79.65,78.82,79.51,2568
2025-10-20,14:00,79.5,79.94,79.46,79.64,2370
2025-10-20,15:00,79.66,79.96,79.56,79.9,2369
2025-10-21,06:00,79.81,79.99,79.36,79.46,1813
2025-10-21,07:00,79.45,79.58,79.25,79.34,1781
2025-10-21,08:00,79.31,79.46,78.92,79.16,3049
2025-10-21,09:00,79.19,79.42,79.17,79.26,1546
2025-10-21,10:00,79.27,79.72,79.22,79.69,1398
2025-10-21,11:00,79.7,79.75,79.51,79.7,913
2025-10-21,12:00,79.71,79.79,79.05,79.19,1847
2025-10-21,13:00,79.19,79.32,78.97,79.29,1769
2025-10-21,14:00,79.29,79.72,79.26,79.68,1456
2025-10-21,15:00,79.68,79.73,79.26,79.4,2073
2025-10-22,06:00,79.4,79.58,79.25,79.56,875
2025-10-22,07:00,79.56,79.64,79.15,79.47,1412
2025-10-22,08:00,79.46,79.52,78.97,79.13,2236
2025-10-22,09:00,79.14,79.15,78.78,79,1925
2025-10-22,10:00,78.99,79.39,78.93,79.1,1262
2025-10-22,11:00,79.06,79.35,79.06,79.17,979
2025-10-22,12:00,79.16,79.35,79.09,79.12,1135
2025-10-22,13:00,79.14,79.2,78.31,78.45,4418
2025-10-22,14:00,78.45,78.6,78.15,78.43,3109
2025-10-22,15:00,78.43,78.78,78.35,78.46,2589
2025-10-23,06:00,78.48,78.74,78.35,78.55,1438
2025-10-23,07:00,78.56,79.18,78.56,79.11,2706
2025-10-23,08:00,79.11,79.18,78.53,78.76,2467
2025-10-23,09:00,78.76,79.19,78.64,78.84,1875
2025-10-23,10:00,78.83,78.88,78.6,78.64,638
2025-10-23,11:00,78.67,78.7,78.18,78.24,2161
2025-10-23,12:00,78.23,78.49,78.02,78.46,2511
2025-10-23,13:00,78.48,78.65,78.27,78.4,1711
2025-10-23,14:00,78.4,78.55,78.33,78.41,1206
2025-10-23,15:00,78.42,78.5,78.13,78.24,1953
2025-10-24,06:00,78.49,78.49,78.13,78.26,883
2025-10-24,07:00,78.26,78.52,78.2,78.52,1269
2025-10-24,08:00,78.53,78.89,78.52,78.73,2051
2025-10-24,09:00,78.69,78.79,78.4,78.55,828
2025-10-24,10:00,78.53,78.55,78.3,78.5,540
2025-10-24,11:00,78.49,78.56,78.2,78.33,665
2025-10-24,12:00,78.31,78.55,78.18,78.22,1260
2025-10-24,13:00,78.22,78.23,77.91,78.02,2455
2025-10-24,14:00,78.02,78.44,77.95,78.42,1507
2025-10-24,15:00,78.41,78.49,78.26,78.38,2319
2025-10-27,07:00,78.3,78.3,77.75,77.87,1764
2025-10-27,08:00,77.87,78,77.41,77.72,3370
2025-10-27,09:00,77.71,77.9,77.65,77.75,1874
2025-10-27,10:00,77.76,77.85,77.15,77.33,3744
2025-10-27,11:00,77.32,77.48,77.14,77.17,1023
2025-10-27,12:00,77.16,77.28,77.1,77.11,1400
2025-10-27,13:00,77.13,77.43,77.01,77.41,1949
2025-10-27,14:00,77.39,77.44,77.25,77.33,1330
2025-10-27,15:00,77.33,77.7,77.31,77.59,1772
2025-10-27,16:00,77.61,77.86,77.58,77.71,1687
2025-10-28,07:00,77.94,78.04,77.61,77.78,1191
2025-10-28,08:00,77.78,78.08,77.5,77.99,2060
2025-10-28,09:00,77.99,78.4,77.95,78.16,2199
2025-10-28,10:00,78.15,78.78,78.08,78.57,3319
2025-10-28,11:00,78.58,78.78,78.45,78.46,1524
2025-10-28,12:00,78.49,78.76,78.37,78.7,998
2025-10-28,13:00,78.7,78.77,78.52,78.65,1513
2025-10-28,14:00,78.66,78.88,78.49,78.52,1603
2025-10-28,15:00,78.51,78.55,78.23,78.37,1475
2025-10-28,16:00,78.34,78.43,78.25,78.38,1794
2025-10-29,07:00,78.65,79.13,78.54,78.79,2117
2025-10-29,08:00,78.78,78.87,78.43,78.47,1612
2025-10-29,09:00,78.47,78.87,78.46,78.83,1408
2025-10-29,10:00,78.84,78.86,78.29,78.45,2276
2025-10-29,11:00,78.43,78.45,78.18,78.35,1308
2025-10-29,12:00,78.33,78.53,78.25,78.44,808
2025-10-29,13:00,78.44,78.93,78.35,78.79,2048
2025-10-29,14:00,78.8,78.85,78.52,78.58,1061
2025-10-29,15:00,78.57,78.68,78.35,78.63,1018
2025-10-29,16:00,78.65,78.93,78.62,78.81,1700
2025-10-30,07:00,78.86,79.25,78.7,78.78,1890
2025-10-30,08:00,78.78,79.38,78.69,78.95,2153
2025-10-30,09:00,78.95,79.11,78.88,78.89,1216
2025-10-30,10:00,78.88,79.53,78.88,79.42,2657
2025-10-30,11:00,79.41,79.54,79.15,79.29,1118
2025-10-30,12:00,79.3,79.45,79.18,79.27,964
2025-10-30,13:00,79.26,79.45,79.12,79.27,1521
2025-10-30,14:00,79.28,79.33,78.81,78.84,2503
2025-10-30,15:00,78.86,79.08,78.76,78.8,1928
2025-10-30,16:00,78.78,78.83,78.54,78.6,2047
2025-10-31,07:00,78.79,78.88,78.46,78.83,1247
2025-10-31,08:00,78.84,79.05,78.75,78.94,1140
2025-10-31,09:00,78.94,79.12,78.75,78.97,1528
2025-10-31,10:00,78.98,79.13,78.65,78.79,1368
2025-10-31,11:00,78.77,78.88,78.5,78.78,1243
2025-10-31,12:00,78.76,78.79,78.03,78.08,2738
2025-10-31,13:00,78.09,78.41,78.01,78.41,2248
2025-10-31,14:00,78.4,78.5,78.29,78.37,1178
2025-10-31,15:00,78.36,78.64,78.36,78.43,1216
2025-10-31,16:00,78.43,78.62,78.36,78.54,1756
2025-11-03,07:00,78.78,79.43,78.78,79.27,2525
2025-11-03,08:00,79.26,79.82,79.23,79.46,3513
2025-11-03,09:00,79.47,79.68,79.32,79.39,1643
2025-11-03,10:00,79.39,80.52,79.37,80.48,7740
2025-11-03,11:00,80.48,80.82,80.43,80.44,4214
2025-11-03,12:00,80.45,80.94,80.41,80.74,2773
2025-11-03,13:00,80.72,80.98,80.63,80.92,2577
2025-11-03,14:00,80.91,81.75,80.87,81.37,6962
2025-11-03,15:00,81.37,81.53,81.04,81.44,2819
2025-11-03,16:00,81.44,81.58,81.1,81.5,3833
2025-11-04,07:00,81.2,81.75,81.2,81.37,2684
2025-11-04,08:00,81.37,81.83,81.17,81.83,2643
2025-11-04,09:00,81.83,82.04,81.38,81.38,3426
2025-11-04,10:00,81.38,81.56,81.18,81.4,1981
2025-11-04,11:00,81.37,81.62,81.06,81.38,1689
2025-11-04,12:00,81.41,81.84,81.35,81.79,1583
2025-11-04,13:00,81.79,81.89,81.43,81.68,1927
2025-11-04,14:00,81.69,82.07,81.66,81.89,2338
2025-11-04,15:00,81.89,82.41,81.89,82.3,4260
2025-11-04,16:00,82.3,82.35,82.09,82.28,3095
2025-11-05,07:00,82,82.23,81.61,81.75,2467
2025-11-05,08:00,81.76,82.1,81.43,81.44,2829
2025-11-05,09:00,81.44,81.5,80.89,81.38,5063
2025-11-05,10:00,81.39,81.67,81.39,81.44,1306
2025-11-05,11:00,81.43,81.74,81.3,81.49,1066
2025-11-05,12:00,81.49,81.54,81.08,81.4,1930
2025-11-05,13:00,81.37,81.66,81.29,81.57,1706
2025-11-05,14:00,81.58,81.62,81.2,81.31,1891
2025-11-05,15:00,81.33,81.37,81.08,81.22,2045
2025-11-05,16:00,81.23,81.53,81.2,81.42,2114
2025-11-06,07:00,81.24,81.24,80.81,80.91,2435
2025-11-06,08:00,80.93,81.12,80.35,80.46,5437
2025-11-06,09:00,80.46,80.69,80.35,80.37,2884
2025-11-06,10:00,80.37,80.67,80.2,80.61,3906
2025-11-06,11:00,80.63,80.67,80.45,80.52,1725
2025-11-06,12:00,80.51,80.7,80.41,80.41,1738
2025-11-06,13:00,80.4,80.48,80.26,80.3,2575
2025-11-06,14:00,80.29,80.43,80.12,80.34,2791
2025-11-06,15:00,80.34,80.58,80.14,80.16,2337
2025-11-06,16:00,80.15,80.45,80.14,80.33,2702
2025-11-07,07:00,80.35,80.57,80.16,80.31,1192
2025-11-07,08:00,80.33,80.68,80.04,80.15,2474
2025-11-07,09:00,80.15,80.22,79.88,79.98,2062
2025-11-07,10:00,80,80.15,79.73,79.84,1608
2025-11-07,11:00,79.84,80.15,79.66,80.13,2492
2025-11-07,12:00,80.11,80.13,79.65,79.73,1530
2025-11-07,13:00,79.7,79.78,79.52,79.6,1569
2025-11-07,14:00,79.57,79.65,79.52,79.61,1173
2025-11-07,15:00,79.62,79.77,79.46,79.49,1631
2025-11-07,16:00,79.47,79.68,79.42,79.55,2972
2025-11-10,07:00,79.55,80.25,79.55,80.23,2285
2025-11-10,08:00,80.24,80.35,79.79,80.13,2355
2025-11-10,09:00,80.12,80.2,79.82,80.03,1892
2025-11-10,10:00,80.03,80.35,80.01,80.17,2069
2025-11-10,11:00,80.16,80.17,79.82,79.98,1237
2025-11-10,12:00,79.96,80.01,79.27,79.32,1964
2025-11-10,13:00,79.3,79.6,78.91,79.55,4228
2025-11-10,14:00,79.57,79.9,79.4,79.78,1958
2025-11-10,15:00,79.79,80.03,79.68,79.82,1237
2025-11-10,16:00,79.83,80.2,79.78,80.01,2246
2025-11-11,07:00,80.01,80.11,79.53,79.55,1187
2025-11-11,08:00,79.55,79.95,79.5,79.71,1507
2025-11-11,09:00,79.7,80.19,79.69,80.1,1887
2025-11-11,10:00,80.11,80.21,79.87,80.06,1538
2025-11-11,11:00,80.06,80.25,79.91,80.16,1175
2025-11-11,12:00,80.16,80.45,79.93,80.18,1223
2025-11-11,13:00,80.18,80.86,80.1,80.8,2350
2025-11-11,14:00,80.81,80.9,80.52,80.74,1913
2025-11-11,15:00,80.73,80.73,80.54,80.54,1386
2025-11-11,16:00,80.52,80.79,80.5,80.7,2370
2025-11-12,07:00,80.79,81.37,80.79,81.26,1637
2025-11-12,08:00,81.26,81.95,81.17,81.77,4227
2025-11-12,09:00,81.8,82.14,81.72,81.79,3815
2025-11-12,10:00,81.77,81.84,81.58,81.64,1632
2025-11-12,11:00,81.67,82.33,81.62,82.16,3666
2025-11-12,12:00,82.16,82.37,81.91,81.99,1729
2025-11-12,13:00,82.01,82.26,81.9,81.97,2096
2025-11-12,14:00,81.99,82,81.72,81.75,2527
2025-11-12,15:00,81.75,82.04,81.5,81.86,3111
2025-11-12,16:00,81.84,82.02,81.8,81.95,2023
2025-11-13,07:00,82.16,82.79,82.02,82.49,2762
2025-11-13,08:00,82.48,82.56,81.77,81.85,2635
2025-11-13,09:00,81.85,81.89,81.57,81.71,2281
2025-11-13,10:00,81.7,81.82,81.35,81.71,2338
2025-11-13,11:00,81.71,81.71,81.4,81.63,1217
2025-11-13,12:00,81.63,81.83,81.4,81.5,1724
2025-11-13,13:00,81.5,81.65,81.4,81.63,1353
2025-11-13,14:00,81.63,81.72,81.55,81.66,1516
2025-11-13,15:00,81.65,81.68,80.92,81.12,3710
2025-11-13,16:00,81.13,81.49,81.13,81.34,2451
2025-11-14,07:00,81.28,81.54,81.1,81.14,1688
2025-11-14,08:00,81.13,81.16,80.83,80.89,1811
2025-11-14,09:00,80.93,81.25,80.85,81.07,1717
2025-11-14,10:00,81.07,81.75,81.06,81.39,2072
2025-11-14,11:00,81.39,81.41,80.96,81.03,1497
2025-11-14,12:00,81.03,81.17,80.88,80.95,1248
2025-11-14,13:00,80.97,81,80.44,80.73,4470
2025-11-14,14:00,80.73,81.1,80.67,81.09,2119
2025-11-14,15:00,81.1,81.19,80.92,81.04,1331
2025-11-14,16:00,81.05,81.09,80.77,80.91,2203
2025-11-17,07:00,81.45,81.45,80.9,80.92,2496
2025-11-17,08:00,80.92,80.96,80.51,80.54,2421
2025-11-17,09:00,80.53,80.53,80.25,80.49,3236
2025-11-17,10:00,80.48,80.56,80,80.23,3930
2025-11-17,11:00,80.23,80.29,80,80.08,1242
2025-11-17,12:00,80.09,80.19,79.91,80.11,1723
2025-11-17,13:00,80.11,80.2,79.99,80.07,1652
2025-11-17,14:00,80.09,80.23,79.82,80.19,3153
2025-11-17,15:00,80.18,80.26,80,80.04,1997
2025-11-17,16:00,80.04,80.04,79.78,79.82,3104
2025-11-18,07:00,79.91,80,79.52,79.77,2672
2025-11-18,08:00,79.79,80.35,79.71,80.2,2493
2025-11-18,09:00,80.19,80.75,80.17,80.53,3305
2025-11-18,10:00,80.53,81.37,80.49,81.24,4577
2025-11-18,11:00,81.24,81.44,81.21,81.25,2537
2025-11-18,12:00,81.25,81.33,80.93,81.19,1991
2025-11-18,13:00,81.18,81.45,81.13,81.15,1540
2025-11-18,14:00,81.17,81.33,80.91,80.94,1672
2025-11-18,15:00,80.94,81.45,80.88,81.25,2159
2025-11-18,16:00,81.25,81.35,81,81.15,2352
2025-11-19,07:00,80.89,81.09,80.64,80.72,1645
2025-11-19,08:00,80.71,80.77,80.43,80.51,2653
2025-11-19,09:00,80.51,80.85,80.2,80.82,2176
2025-11-19,10:00,80.83,81,80.65,80.77,1483
2025-11-19,11:00,80.76,80.93,80.62,80.73,1081
2025-11-19,12:00,80.72,80.93,80.53,80.57,1815
2025-11-19,13:00,80.57,81.19,80.44,81.11,2410
2025-11-19,14:00,81.11,81.59,80.94,81.26,3232
2025-11-19,15:00,81.23,81.26,80.8,80.82,1888
2025-11-19,16:00,80.82,80.9,80.45,80.57,3474
2025-11-20,07:00,80.66,81.25,80.66,81.03,1281
2025-11-20,08:00,81.03,81.41,81.01,81.23,1271
2025-11-20,09:00,81.25,81.28,80.91,81.27,1664
2025-11-20,10:00,81.24,81.6,81.11,81.14,2362
2025-11-20,11:00,81.14,81.76,81.03,81.68,1956
2025-11-20,12:00,81.68,81.89,81.52,81.54,1781
2025-11-20,13:00,81.53,81.7,81.39,81.57,1579
2025-11-20,14:00,81.58,81.63,81.38,81.45,1238
2025-11-20,15:00,81.47,81.58,81.26,81.52,1328
2025-11-20,16:00,81.52,81.53,80.95,80.99,3223
2025-11-21,07:00,80.85,80.85,80.31,80.66,2963
2025-11-21,08:00,80.66,81,80.57,80.95,1772
2025-11-21,09:00,80.94,80.97,80.47,80.49,1477
2025-11-21,10:00,80.48,80.65,80.04,80.55,4513
2025-11-21,11:00,80.56,80.79,80.46,80.65,1199
2025-11-21,12:00,80.7,80.71,80.48,80.48,1309
2025-11-21,13:00,80.49,80.63,80.25,80.27,1607
2025-11-21,14:00,80.29,80.46,80.23,80.38,1928
2025-11-21,15:00,80.37,80.61,80.33,80.5,1432
2025-11-21,16:00,80.5,80.57,80.33,80.45,2601
2025-11-24,07:00,80.3,80.42,80.07,80.07,1888
2025-11-24,08:00,80.08,80.38,79.93,80.23,2636
2025-11-24,09:00,80.21,80.4,79.67,80,4712
2025-11-24,10:00,80.01,80.25,79.74,79.93,2921
2025-11-24,11:00,79.92,80.15,79.88,79.89,1313
2025-11-24,12:00,79.89,79.91,79.57,79.57,1664
2025-11-24,13:00,79.6,80.04,79.57,79.87,1421
2025-11-24,14:00,79.86,79.95,79.77,79.84,1326
2025-11-24,15:00,79.85,80.57,79.83,80.5,2720
2025-11-24,16:00,80.5,80.9,80.41,80.65,2934
2025-11-25,07:00,80.54,80.85,80.5,80.68,1084
2025-11-25,08:00,80.67,81.38,80.67,81.24,3188
2025-11-25,09:00,81.24,81.39,81.07,81.36,1814
2025-11-25,10:00,81.37,81.37,81,81.27,1831
2025-11-25,11:00,81.28,81.28,80.85,80.94,1433
2025-11-25,12:00,80.93,81.04,80.49,80.9,3240
2025-11-25,13:00,80.9,81.26,80.58,80.71,2808
2025-11-25,14:00,80.72,80.96,80.6,80.86,2035
2025-11-25,15:00,80.83,81.82,80.76,81.8,4679
2025-11-25,16:00,81.8,82.2,81.65,81.95,5991
2025-11-26,07:00,82.01,82.34,81.97,82.19,1881
2025-11-26,08:00,82.19,82.26,81.76,81.92,2154
2025-11-26,09:00,81.93,82.04,81.75,81.78,1707
2025-11-26,10:00,81.79,81.8,81.54,81.71,2109
2025-11-26,11:00,81.69,82,81.69,81.88,1647
2025-11-26,12:00,81.91,81.95,81.74,81.75,1160
2025-11-26,13:00,81.75,81.75,81.48,81.52,2034
2025-11-26,14:00,81.51,81.8,81.4,81.61,2514
2025-11-26,15:00,81.6,81.65,81.3,81.57,2462
2025-11-26,16:00,81.57,81.77,81.43,81.5,2312
2025-11-27,07:00,81.69,81.72,81.32,81.32,1157
2025-11-27,08:00,81.32,81.44,81.18,81.43,1480
2025-11-27,09:00,81.41,81.44,81.04,81.17,1959
2025-11-27,10:00,81.17,81.28,81.01,81.27,1886
2025-11-27,11:00,81.25,82.11,81.25,81.97,2820
2025-11-27,12:00,81.97,82,81.76,81.92,1670
2025-11-27,13:00,81.9,82.11,81.81,82.09,1838
2025-11-27,14:00,82.09,82.52,82.04,82.41,3876
2025-11-27,15:00,82.41,82.47,82.16,82.31,2919
2025-11-27,16:00,82.31,82.38,82.17,82.23,2394
2025-11-28,07:00,82.26,82.88,82.26,82.56,1685
2025-11-28,08:00,82.56,83.07,82.54,82.7,3261
2025-11-28,09:00,82.7,82.81,82.55,82.7,1397
2025-11-28,10:00,82.7,82.97,82.58,82.86,1159
2025-11-28,11:00,82.86,83,82.79,82.87,837
2025-11-28,12:00,82.86,82.95,82.75,82.77,1114
2025-11-28,13:00,82.78,82.85,82.62,82.77,1231
2025-11-28,14:00,82.78,82.84,82.61,82.82,1039
2025-11-28,15:00,82.83,83.32,82.78,83.12,4068
2025-11-28,16:00,83.12,83.31,83.02,83.1,3943
2025-12-01,07:00,83,83.11,82.65,82.98,2811
2025-12-01,08:00,82.99,83.29,82.78,83.24,3439
2025-12-01,09:00,83.23,83.37,82.96,83.17,2838
2025-12-01,10:00,83.16,83.19,82.91,82.95,3063
2025-12-01,11:00,82.94,83,82.82,82.98,1819
2025-12-01,12:00,82.96,83.17,82.9,82.92,1419
2025-12-01,13:00,82.92,83.14,82.92,82.95,1573
2025-12-01,14:00,82.96,83.18,82.85,83.03,1668
2025-12-01,15:00,83.03,83.06,82.72,82.75,1938
2025-12-01,16:00,82.74,82.82,82.53,82.72,2429
2025-12-02,07:00,82.5,82.56,82.1,82.19,1795
2025-12-02,08:00,82.19,82.28,81.98,82.15,2271
2025-12-02,09:00,82.13,82.56,82.13,82.37,2726
2025-12-02,10:00,82.39,82.43,81.73,81.8,3955
2025-12-02,11:00,81.78,82.04,81.77,81.91,1875
2025-12-02,12:00,81.89,81.94,81.76,81.87,1702
2025-12-02,13:00,81.87,81.93,81.54,81.63,2980
2025-12-02,14:00,81.65,81.81,81.51,81.67,2193
2025-12-02,15:00,81.66,82.06,81.63,81.87,3044
2025-12-02,16:00,81.87,81.94,81.58,81.63,2732
2025-12-03,07:00,81.88,81.99,81.59,81.95,1584
2025-12-03,08:00,81.94,82.02,81.72,81.87,1934
2025-12-03,09:00,81.87,82.34,81.83,82.21,2765
2025-12-03,10:00,82.22,82.36,82.15,82.31,1040
2025-12-03,11:00,82.31,82.32,82.03,82.1,1255
2025-12-03,12:00,82.1,82.11,81.4,81.62,3609
2025-12-03,13:00,81.62,81.75,81.42,81.48,1876
2025-12-03,14:00,81.49,81.71,81.22,81.67,2984
2025-12-03,15:00,81.7,81.83,81.54,81.7,1745
2025-12-03,16:00,81.69,81.88,81.5,81.57,2168
2025-12-04,07:00,81.55,81.55,81.28,81.49,1121
2025-12-04,08:00,81.53,81.72,81.46,81.67,1640
2025-12-04,09:00,81.68,81.68,81.28,81.41,2501
2025-12-04,10:00,81.41,81.95,81.4,81.6,2512
2025-12-04,11:00,81.6,81.74,81.35,81.71,1748
2025-12-04,12:00,81.72,81.75,81.45,81.7,1004
2025-12-04,13:00,81.71,82.4,81.7,82.18,4693
2025-12-04,14:00,82.2,82.35,82.05,82.1,1800
2025-12-04,15:00,82.12,82.68,82.11,82.51,3300
2025-12-04,16:00,82.51,82.56,82.36,82.5,2832
2025-12-05,07:00,82.47,82.65,82.27,82.41,1498
2025-12-05,08:00,82.4,82.74,82.33,82.46,2189
2025-12-05,09:00,82.47,82.47,82.13,82.19,1693
2025-12-05,10:00,82.19,82.53,82.15,82.48,1850
2025-12-05,11:00,82.47,82.51,82.1,82.25,1448
2025-12-05,12:00,82.23,82.29,82.07,82.08,1346
2025-12-05,13:00,82.06,82.17,81.76,81.81,2280
2025-12-05,14:00,81.81,82.04,81.61,81.88,2141
2025-12-05,15:00,81.87,82.09,81.77,81.99,1443
2025-12-05,16:00,81.97,82.1,81.68,81.74,2577
2025-12-08,07:00,81.74,82.25,81.66,82.09,1280
2025-12-08,08:00,82.09,82.32,81.9,81.98,1226
2025-12-08,09:00,81.98,82.1,81.8,82.07,1293
2025-12-08,10:00,82.07,82.49,82.04,82.46,2035
2025-12-08,11:00,82.46,82.58,82.21,82.33,1416
2025-12-08,12:00,82.32,82.5,82.24,82.33,998
2025-12-08,13:00,82.33,82.37,82.13,82.26,1107
2025-12-08,14:00,82.26,82.52,82.23,82.34,1179
2025-12-08,15:00,82.33,82.34,82.03,82.04,1193
2025-12-08,16:00,82.03,82.05,81.83,81.92,2201
2025-12-09,07:00,82.1,82.35,82.06,82.29,1122
2025-12-09,08:00,82.3,82.62,82.25,82.45,2183
2025-12-09,09:00,82.47,82.47,82.15,82.23,1871
2025-12-09,10:00,82.23,82.29,82.01,82.03,1892
2025-12-09,11:00,82.02,82.21,82.01,82.19,1232
2025-12-09,12:00,82.19,82.49,82.12,82.13,1473
2025-12-09,13:00,82.13,82.22,81.88,82.03,1741
2025-12-09,14:00,82.03,82.95,82.01,82.92,3483
2025-12-09,15:00,82.92,82.92,82.62,82.76,2873
2025-12-09,16:00,82.76,82.92,82.65,82.69,2366
2025-12-10,07:00,82.62,82.77,82.49,82.51,635
2025-12-10,08:00,82.54,82.56,82.31,82.39,1526
2025-12-10,09:00,82.38,82.45,82.27,82.42,1364
2025-12-10,10:00,82.41,82.43,82.07,82.08,2707
2025-12-10,11:00,82.07,82.16,81.92,81.97,1818
2025-12-10,12:00,81.97,82.69,81.93,82.62,3972
2025-12-10,13:00,82.63,82.65,82.13,82.18,2148
2025-12-10,14:00,82.2,82.25,81.98,82.24,1785
2025-12-10,15:00,82.25,82.47,82.14,82.27,1056
2025-12-10,16:00,82.27,82.9,82.22,82.8,2997
2025-12-11,07:00,82.72,83.17,82.72,82.81,1091
2025-12-11,08:00,82.8,83.56,82.8,83.4,2535
2025-12-11,09:00,83.37,83.8,83.31,83.77,1955
2025-12-11,10:00,83.78,83.93,83.61,83.73,2264
2025-12-11,11:00,83.72,83.84,83.65,83.74,902
2025-12-11,12:00,83.75,83.8,83.62,83.68,747
2025-12-11,13:00,83.69,83.84,83.57,83.74,1286
2025-12-11,14:00,83.73,84.37,83.69,84.23,2988
2025-12-11,15:00,84.23,84.4,83.97,84,1429
2025-12-11,16:00,84,84.03,83.8,83.93,1547
2025-12-12,07:00,84.08,84.4,83.88,83.93,1122
2025-12-12,08:00,83.94,84.14,83.68,83.77,1419
2025-12-12,09:00,83.7,83.78,83.4,83.78,1008
2025-12-12,10:00,83.78,84.12,83.56,84,975
2025-12-12,11:00,84,84.29,83.98,84.13,677
2025-12-12,12:00,84.13,84.16,83.81,83.85,419
2025-12-12,13:00,83.85,83.86,83.55,83.78,846
2025-12-12,14:00,83.77,83.89,83.64,83.69,730
2025-12-12,15:00,83.7,83.85,83.54,83.74,671
2025-12-12,16:00,83.74,83.83,83.58,83.64,715
2025-12-15,07:00,83.67,84.03,83.67,83.95,216
2025-12-15,08:00,83.94,84.22,83.82,84.19,285
2025-12-15,09:00,84.23,84.62,84.23,84.52,487
2025-12-15,10:00,84.53,85.06,84.52,84.76,487
2025-12-15,11:00,84.78,84.91,84.62,84.74,260
2025-12-15,12:00,84.72,84.8,84.47,84.75,216
2025-12-15,13:00,84.72,84.95,84.69,84.92,275
2025-12-15,14:00,85.22,85.3,84.88,84.89,196
2025-12-15,15:00,84.94,85.51,84.88,85.19,365
2025-12-15,16:00,85.22,85.25,84.87,84.87,298
2025-12-16,07:00,87.37,87.6,87.01,87.08,1224
2025-12-16,08:00,87.07,87.6,86.95,87.26,2194
2025-12-16,09:00,87.25,87.6,87.1,87.41,1902
2025-12-16,10:00,87.4,87.83,87.29,87.72,1773
2025-12-16,11:00,87.72,87.98,87.41,87.52,2250
2025-12-16,12:00,87.53,87.54,87.25,87.39,1233
2025-12-16,13:00,87.38,87.75,87.32,87.55,1628
2025-12-16,14:00,87.52,87.83,87.43,87.68,1276
2025-12-16,15:00,87.69,87.69,87.4,87.41,1932
2025-12-16,16:00,87.42,87.65,87.3,87.55,2024
2025-12-17,07:00,87.37,88.37,87.37,88.19,2127
2025-12-17,08:00,88.19,88.49,87.9,88.14,2260
2025-12-17,09:00,88.12,88.15,87.78,87.87,2126
2025-12-17,10:00,87.87,88.25,87.76,88.02,1987
2025-12-17,11:00,88.03,88.05,87.69,87.7,1351
2025-12-17,12:00,87.69,87.85,87.6,87.68,1492
2025-12-17,13:00,87.66,87.8,87.52,87.66,2044
2025-12-17,14:00,87.66,87.68,87.08,87.21,3747
2025-12-17,15:00,87.2,87.25,86.45,86.56,4244
2025-12-17,16:00,86.56,86.89,86.5,86.56,2655
2025-12-18,07:00,86.89,86.89,86.21,86.54,1872
2025-12-18,08:00,86.5,86.73,86.16,86.17,2049
2025-12-18,09:00,86.17,86.28,85.56,85.85,4668
2025-12-18,10:00,85.84,86.56,85.84,86.56,2269
2025-12-18,11:00,86.54,87,86.53,86.98,1966
2025-12-18,12:00,86.98,87.1,86.73,86.82,1747
2025-12-18,13:00,86.81,87.02,86.73,86.92,1094
2025-12-18,14:00,86.91,87.14,86.85,86.9,1487
2025-12-18,15:00,86.94,87.07,86.58,86.59,2123
2025-12-18,16:00,86.59,86.75,86.06,86.23,3392
2025-12-19,07:00,86.6,86.7,86.1,86.21,1447
2025-12-19,08:00,86.22,86.78,86.08,86.58,1598
2025-12-19,09:00,86.58,86.87,86.46,86.52,1564
2025-12-19,10:00,86.5,86.62,86.21,86.44,1466
2025-12-19,11:00,86.41,86.61,86.26,86.52,1368
2025-12-19,12:00,86.54,86.66,86.27,86.64,848
2025-12-19,13:00,86.63,86.67,86.35,86.55,1204
2025-12-19,14:00,86.55,86.85,86.52,86.76,1615
2025-12-19,15:00,86.78,87.05,86.75,87.02,1525
2025-12-19,16:00,87.03,87.29,86.96,87.09,2221
2025-12-22,07:00,87.05,87.44,86.82,86.92,959
2025-12-22,08:00,86.94,87.4,86.74,86.88,1299
2025-12-22,09:00,86.88,87.48,86.71,87.45,1263
2025-12-22,10:00,87.44,87.95,87.4,87.89,1966
2025-12-22,11:00,87.93,87.95,87.45,87.53,930
2025-12-22,12:00,87.54,87.55,87.18,87.45,1371
2025-12-22,13:00,87.42,87.55,87.25,87.35,1178
2025-12-22,14:00,87.36,87.52,87,87.02,1402
2025-12-22,15:00,87.03,87.34,87.01,87.21,1660
2025-12-22,16:00,87.22,87.86,87.21,87.75,2336
2025-12-23,07:00,87.48,87.94,87.48,87.77,522
2025-12-23,08:00,87.73,88.07,87.62,87.71,1343
2025-12-23,09:00,87.71,88.11,87.66,87.9,1504
2025-12-23,10:00,87.9,88,87.67,87.71,956
2025-12-23,11:00,87.73,88.09,87.69,88.05,996
2025-12-23,12:00,88.05,88.37,88.05,88.36,2099
2025-12-23,13:00,88.36,88.58,88.21,88.48,1860
2025-12-23,14:00,88.5,88.88,88.47,88.71,2479
2025-12-23,15:00,88.72,88.82,88.52,88.52,1815
2025-12-23,16:00,88.52,88.58,88.24,88.33,1976
2025-12-24,07:00,88.54,88.59,88.23,88.28,620
2025-12-24,08:00,88.27,88.34,88.13,88.28,902
2025-12-24,09:00,88.26,88.26,88.03,88.17,637
2025-12-24,10:00,88.17,88.29,87.96,88.25,1007
2025-12-24,11:00,88.26,88.26,87.91,88,427
2025-12-24,12:00,87.98,88.26,87.92,88.06,704
2025-12-24,13:00,88.05,88.06,87.85,87.96,517
2025-12-24,14:00,87.97,88.06,87.85,87.91,354
2025-12-24,15:00,87.88,87.95,87.74,87.84,477
2025-12-24,16:00,87.83,88.02,87.75,87.86,217
2025-12-29,07:00,88.07,88.47,88.03,88.26,820
2025-12-29,08:00,88.26,88.42,87.45,87.62,2074
2025-12-29,09:00,87.65,87.68,87.37,87.54,1656
2025-12-29,10:00,87.53,87.85,87.42,87.64,1515
2025-12-29,11:00,87.63,87.78,87.55,87.75,772
2025-12-29,12:00,87.73,88,87.7,87.94,1126
2025-12-29,13:00,87.93,88.09,87.85,88.02,1255
2025-12-29,14:00,88.01,88.24,87.8,87.8,1561
2025-12-29,15:00,87.79,87.85,87.35,87.48,1777
2025-12-29,16:00,87.49,87.55,87.25,87.3,1618
2025-12-30,07:00,87.25,87.6,87.11,87.53,1055
2025-12-30,08:00,87.52,87.58,87.25,87.44,921
2025-12-30,09:00,87.43,87.46,87.13,87.29,1254
2025-12-30,10:00,87.28,87.32,87.11,87.13,1204
2025-12-30,11:00,87.12,87.3,87.08,87.18,910
2025-12-30,12:00,87.19,87.35,87.15,87.35,645
2025-12-30,13:00,87.34,87.41,87.02,87.07,990
2025-12-30,14:00,87.08,87.1,86.92,87.04,1271
2025-12-30,15:00,87.04,87.35,86.95,87.2,1216
2025-12-30,16:00,87.21,87.32,87.06,87.13,1306
2025-12-31,07:00,86.99,87.27,86.9,87.01,542
2025-12-31,08:00,87.01,87.35,86.83,87.16,836
2025-12-31,09:00,87.16,87.47,87.15,87.37,718
2025-12-31,10:00,87.39,87.39,87.1,87.27,779
2025-12-31,11:00,87.28,87.4,87.21,87.27,808
2025-12-31,12:00,87.27,87.52,87.22,87.26,1115
2025-12-31,13:00,87.26,87.26,86.85,87.2,929
2025-12-31,14:00,87.19,87.26,87.03,87.1,381
2025-12-31,15:00,87.1,87.21,86.89,87.01,532
2025-12-31,16:00,87.01,87.55,86.96,87.49,689
2026-01-02,07:00,87.55,88.15,87.47,88.11,1713
2026-01-02,08:00,88.11,88.88,88.11,88.76,3125
2026-01-02,09:00,88.76,88.85,88.54,88.8,2292
2026-01-02,10:00,88.78,88.78,88.2,88.25,1720
2026-01-02,11:00,88.25,88.75,88.22,88.45,1335
2026-01-02,12:00,88.45,88.77,88.34,88.75,429
2026-01-02,13:00,88.73,88.88,88.65,88.76,881
2026-01-02,14:00,88.79,88.85,88.57,88.6,985
2026-01-02,15:00,88.64,88.66,88.22,88.29,1367
2026-01-02,16:00,88.3,88.5,88.22,88.3,1169
2026-01-05,07:00,88.09,88.17,87.64,87.81,2466
2026-01-05,08:00,87.82,87.91,87.45,87.68,2125
2026-01-05,09:00,87.67,88.07,87.54,88.05,1917
2026-01-05,10:00,88.05,88.53,88.02,88.5,2169
2026-01-05,11:00,88.48,88.69,88.46,88.55,1374
2026-01-05,12:00,88.56,88.78,88.25,88.28,1352
2026-01-05,13:00,88.28,88.3,87.61,87.61,3300
2026-01-05,14:00,87.62,87.74,87.06,87.4,3743
2026-01-05,15:00,87.39,87.5,87.16,87.3,2221
2026-01-05,16:00,87.3,87.34,87.05,87.14,2954
2026-01-06,07:00,87.51,87.59,87.17,87.25,1884
2026-01-06,08:00,87.25,87.78,87.13,87.7,2065
2026-01-06,09:00,87.67,87.89,87.4,87.77,1793
2026-01-06,10:00,87.78,87.95,87.65,87.68,1446
2026-01-06,11:00,87.68,87.68,87.29,87.48,1425
2026-01-06,12:00,87.5,87.65,87.41,87.45,994
2026-01-06,13:00,87.44,87.88,87.41,87.76,2236
2026-01-06,14:00,87.74,88,87.7,87.9,2621
2026-01-06,15:00,87.89,88.15,87.75,88.02,2839
2026-01-06,16:00,88,88.15,87.87,87.98,1718
2026-01-07,07:00,88.2,88.5,88.1,88.36,1603
2026-01-07,08:00,88.36,88.36,88.11,88.18,1550
2026-01-07,09:00,88.18,88.55,88.15,88.29,2012
2026-01-07,10:00,88.28,88.75,88.28,88.67,3089
2026-01-07,11:00,88.68,88.72,88.49,88.56,1410
2026-01-07,12:00,88.55,88.56,88.27,88.27,1242
2026-01-07,13:00,88.3,88.3,87.84,87.98,3027
2026-01-07,14:00,87.98,88.18,87.92,88.13,1578
2026-01-07,15:00,88.12,88.2,87.86,88.01,1502
2026-01-07,16:00,88.03,88.19,87.76,87.81,1920
2026-01-08,07:00,87.6,87.6,87.1,87.43,3232
2026-01-08,08:00,87.45,87.71,87.36,87.61,2019
2026-01-08,09:00,87.64,87.67,87.35,87.53,1542
2026-01-08,10:00,87.54,87.81,87.39,87.75,2436
2026-01-08,11:00,87.72,87.84,87.45,87.62,1570
2026-01-08,12:00,87.61,87.82,87.54,87.57,1052
2026-01-08,13:00,87.57,87.61,87.46,87.5,1493
2026-01-08,14:00,87.51,87.77,87.41,87.62,1685
2026-01-08,15:00,87.64,88.22,87.64,88.07,2659
2026-01-08,16:00,88.08,88.34,88.08,88.32,2134
2026-01-05,07:00:00,88.09,88.17,87.64,87.81,2466.0
2026-01-05,08:00:00,87.82,87.91,87.45,87.68,2125.0
2026-01-05,09:00:00,87.67,88.07,87.54,88.05,1917.0
2026-01-05,10:00:00,88.05,88.53,88.02,88.5,2169.0
2026-01-05,11:00:00,88.48,88.69,88.46,88.55,1374.0
2026-01-05,12:00:00,88.56,88.78,88.25,88.28,1352.0
2026-01-05,13:00:00,88.28,88.3,87.61,87.61,3300.0
2026-01-05,14:00:00,87.62,87.74,87.06,87.4,3743.0
2026-01-05,15:00:00,87.39,87.5,87.16,87.3,2221.0
2026-01-05,16:00:00,87.3,87.34,87.05,87.14,2954.0
2026-01-06,07:00:00,87.51,87.59,87.17,87.25,1884.0
2026-01-06,08:00:00,87.25,87.78,87.13,87.7,2065.0
2026-01-06,09:00:00,87.67,87.89,87.4,87.77,1793.0
2026-01-06,10:00:00,87.78,87.95,87.65,87.68,1446.0
2026-01-06,11:00:00,87.68,87.68,87.29,87.48,1425.0
2026-01-06,12:00:00,87.5,87.65,87.41,87.45,994.0
2026-01-06,13:00:00,87.44,87.88,87.41,87.76,2236.0
2026-01-06,14:00:00,87.74,88.0,87.7,87.9,2621.0
2026-01-06,15:00:00,87.89,88.15,87.75,88.02,2839.0
2026-01-06,16:00:00,88.0,88.15,87.87,87.98,1718.0
2026-01-07,07:00:00,88.2,88.5,88.1,88.36,1603.0
2026-01-07,08:00:00,88.36,88.36,88.11,88.18,1550.0
2026-01-07,09:00:00,88.18,88.55,88.15,88.29,2012.0
2026-01-07,10:00:00,88.28,88.75,88.28,88.67,3089.0
2026-01-07,11:00:00,88.68,88.72,88.49,88.56,1410.0
2026-01-07,12:00:00,88.55,88.56,88.27,88.27,1242.0
2026-01-07,13:00:00,88.3,88.3,87.84,87.98,3027.0
2026-01-07,14:00:00,87.98,88.18,87.92,88.13,1578.0
2026-01-07,15:00:00,88.12,88.2,87.86,88.01,1502.0
2026-01-07,16:00:00,88.03,88.19,87.76,87.81,1920.0
2026-01-08,07:00:00,87.6,87.6,87.1,87.43,3232.0
2026-01-08,08:00:00,87.45,87.71,87.36,87.61,2019.0
2026-01-08,09:00:00,87.64,87.67,87.35,87.53,1542.0
2026-01-08,10:00:00,87.54,87.81,87.39,87.75,2436.0
2026-01-08,11:00:00,87.72,87.84,87.45,87.62,1570.0
2026-01-08,12:00:00,87.61,87.82,87.54,87.57,1052.0
2026-01-08,13:00:00,87.57,87.61,87.46,87.5,1493.0
2026-01-08,14:00:00,87.51,87.77,87.41,87.62,1685.0
2026-01-08,15:00:00,87.64,88.22,87.64,88.07,2659.0
2026-01-08,16:00:00,88.08,88.34,88.08,88.32,2134.0
2026-01-09,07:00:00,88.39,88.75,88.03,88.41,1957.0
2026-01-09,08:00:00,88.41,88.41,88.05,88.19,1493.0
2026-01-09,09:00:00,88.2,88.59,88.06,88.56,1771.0
2026-01-09,10:00:00,88.57,88.75,88.45,88.5,3107.0
2026-01-09,11:00:00,88.5,88.75,88.41,88.51,1151.0
2026-01-09,12:00:00,88.54,89.06,88.5,88.89,3506.0
2026-01-09,13:00:00,88.9,89.58,88.75,89.36,4306.0
2026-01-09,14:00:00,89.37,89.49,89.13,89.39,2651.0
2026-01-09,15:00:00,89.4,89.66,89.32,89.5,2586.0
2026-01-09,16:00:00,89.48,89.63,89.44,89.52,2685.0
